0.715276837348938,0.6971950531005859,2.3197728182822175e-07,0.6604243516921997,0.6789230704307556,-0.017096789553761482,0.6159304976463318,0.6346936225891113,-0.027968091890215874,0.5881174206733704,0.5931711196899414,-0.03850957751274109,0.5605606436729431,0.575187087059021,-0.049671467393636703,0.6233404278755188,0.542364239692688,-0.02051600068807602,0.59575355052948,0.4760025441646576,-0.03893640264868736,0.5801827907562256,0.4346029460430145,-0.05404254049062729,0.5673595070838928,0.39868515729904175,-0.06508474797010422,0.6528664231300354,0.5226892232894897,-0.026500532403588295,0.6372452974319458,0.43741825222969055,-0.04163060337305069,0.62893146276474,0.38397783041000366,-0.0545901320874691,0.6224692463874817,0.34075531363487244,-0.06430333852767944,0.6845905184745789,0.5214483737945557,-0.03504260256886482,0.6760745644569397,0.4427361488342285,-0.05007301643490791,0.6687496900558472,0.39312252402305603,-0.060741353780031204,0.6618084907531738,0.3535323739051819,-0.06868460774421692,0.7178776860237122,0.5344312787055969,-0.04536644369363785,0.7210415005683899,0.47611168026924133,-0.05868864059448242,0.7203192710876465,0.4377591609954834,-0.06378823518753052,0.7189775109291077,0.4062670171260834,-0.0673990547657013,HELLO
0.7141873836517334,0.7000927925109863,3.3849994451884413e-07,0.662132978439331,0.6825220584869385,-0.01429103035479784,0.6168621778488159,0.6394060850143433,-0.021937230601906776,0.5886654853820801,0.5998392701148987,-0.02925698272883892,0.5641694664955139,0.5864707827568054,-0.03755027428269386,0.6223194003105164,0.5437922477722168,-0.014972501434385777,0.594986617565155,0.4794788360595703,-0.029467985033988953,0.5783646106719971,0.43935441970825195,-0.04204215109348297,0.565359354019165,0.4044145941734314,-0.05167583376169205,0.6530100703239441,0.5238056182861328,-0.0210940670222044,0.6366666555404663,0.44089475274086,-0.03232690319418907,0.6271001696586609,0.3886345326900482,-0.04396640136837959,0.6199384927749634,0.345217227935791,-0.053182125091552734,0.6848920583724976,0.5222263336181641,-0.02957848832011223,0.6755715012550354,0.4441918730735779,-0.042165402323007584,0.6679331660270691,0.3949891924858093,-0.053300999104976654,0.6607937812805176,0.35516050457954407,-0.06197482347488403,0.7177243828773499,0.5349141359329224,-0.03947719931602478,0.7217280268669128,0.47632378339767456,-0.05152641236782074,0.7235103845596313,0.4383835792541504,-0.05688352510333061,0.7244425415992737,0.4070056676864624,-0.06095574051141739,HELLO
0.7421458959579468,0.7084469795227051,2.993608063661668e-07,0.6933774352073669,0.6854584217071533,-0.022165140137076378,0.6546584963798523,0.6410499811172485,-0.034908659756183624,0.6286178827285767,0.596815824508667,-0.046835631132125854,0.6060592532157898,0.5567938089370728,-0.05866985023021698,0.6545534133911133,0.5489211678504944,-0.01813063770532608,0.6317347288131714,0.47923874855041504,-0.03991280123591423,0.6202917098999023,0.43455758690834045,-0.05863650143146515,0.6122127771377563,0.39525091648101807,-0.07188104838132858,0.6831034421920776,0.5310049057006836,-0.022088520228862762,0.6682948470115662,0.4472517669200897,-0.041138216853141785,0.6617810726165771,0.39313021302223206,-0.05855496972799301,0.6565386056900024,0.3487398028373718,-0.07093613594770432,0.7132507562637329,0.5304320454597473,-0.029736803844571114,0.7078496813774109,0.45134150981903076,-0.04890952631831169,0.7051702737808228,0.4008570611476898,-0.06250163912773132,0.7025923132896423,0.36057010293006897,-0.07138030230998993,0.7449331879615784,0.542920708656311,-0.039588190615177155,0.7498009204864502,0.48121318221092224,-0.056774139404296875,0.7510544061660767,0.4391801357269287,-0.06480478495359421,0.7522128224372864,0.40285536646842957,-0.06977773457765579,HELLO
0.7385343313217163,0.7145671844482422,3.722789472249133e-07,0.6917175650596619,0.691778302192688,-0.01956026442348957,0.6529684066772461,0.644744873046875,-0.029434993863105774,0.6281202435493469,0.5997744202613831,-0.038126617670059204,0.6076095104217529,0.5599186420440674,-0.046543966978788376,0.6541391015052795,0.5483052730560303,-0.015064429491758347,0.6304504871368408,0.47863829135894775,-0.03251589834690094,0.6172796487808228,0.43525949120521545,-0.04740573465824127,0.6092455983161926,0.3967413604259491,-0.05785926803946495,0.6838066577911377,0.5294469594955444,-0.017988020554184914,0.6691065430641174,0.4463273882865906,-0.03130582720041275,0.6624937057495117,0.3940794765949249,-0.044425539672374725,0.6588518023490906,0.3499144911766052,-0.05418138951063156,0.7147958874702454,0.5283998250961304,-0.024107221513986588,0.7077541351318359,0.4513680040836334,-0.03852580115199089,0.704497218132019,0.4037325382232666,-0.04872019588947296,0.7021190524101257,0.36479634046554565,-0.05591681972146034,0.7468248605728149,0.541509211063385,-0.03216536343097687,0.7510457634925842,0.48062849044799805,-0.045653317123651505,0.7536205649375916,0.4411708116531372,-0.05081824213266373,0.7558227777481079,0.4066576361656189,-0.05385966598987579,HELLO
0.7586166262626648,0.7378425598144531,2.9618448138535314e-07,0.7167524099349976,0.7160884737968445,-0.026226945221424103,0.6814026236534119,0.6736003160476685,-0.04078203812241554,0.6576244831085205,0.630494236946106,-0.05381110683083534,0.6304211616516113,0.5976430773735046,-0.06587480008602142,0.6678465604782104,0.5786364674568176,-0.016094960272312164,0.6410823464393616,0.5091800689697266,-0.03489316999912262,0.6274330615997314,0.4668445587158203,-0.05222626030445099,0.6180232167243958,0.43036460876464844,-0.06456705182790756,0.6948709487915039,0.5602837800979614,-0.016465414315462112,0.6754140257835388,0.48017385601997375,-0.0321064367890358,0.6656416058540344,0.43172702193260193,-0.04793734475970268,0.6583223938941956,0.390875905752182,-0.05976591259241104,0.7237130403518677,0.5573402047157288,-0.021019646897912025,0.7142863869667053,0.48131999373435974,-0.03643433749675751,0.7094923257827759,0.4357193112373352,-0.047767434269189835,0.7054996490478516,0.3997942805290222,-0.055844563990831375,0.7552498579025269,0.5660879611968994,-0.028407754376530647,0.7559546232223511,0.5049464702606201,-0.041493963450193405,0.7543602585792542,0.4666432738304138,-0.047339268028736115,0.752132773399353,0.43310338258743286,-0.05140005797147751,HELLO
0.7665545344352722,0.7363981008529663,3.27409168221493e-07,0.7202449440956116,0.70793616771698,-0.014246492646634579,0.6836205720901489,0.657250165939331,-0.021043632179498672,0.6603173613548279,0.6128585934638977,-0.027344511821866035,0.6412191390991211,0.5732249021530151,-0.03338408097624779,0.6896309852600098,0.5666035413742065,-0.010564183816313744,0.6707135438919067,0.49441665410995483,-0.024647627025842667,0.6608908176422119,0.4498930275440216,-0.03614532947540283,0.6544183492660522,0.4131682813167572,-0.04401793330907822,0.7209454774856567,0.551898717880249,-0.014475002884864807,0.7116532921791077,0.46875810623168945,-0.025412315502762794,0.707431972026825,0.41741740703582764,-0.036697544157505035,0.7057954668998718,0.37440794706344604,-0.04488707706332207,0.7531004548072815,0.5543614029884338,-0.020819365978240967,0.751853883266449,0.47682276368141174,-0.03383028134703636,0.7539936900138855,0.42916393280029297,-0.042948413640260696,0.756369948387146,0.3906867504119873,-0.04898225516080856,0.7844793796539307,0.5708338618278503,-0.028439171612262726,0.7923004627227783,0.5143128633499146,-0.04106038436293602,0.7968652248382568,0.4772644639015198,-0.04543463885784149,0.8012419939041138,0.4451586604118347,-0.04741593822836876,HELLO
0.7623610496520996,0.734409511089325,3.0953970053815283e-07,0.7156564593315125,0.7060317397117615,-0.011322504840791225,0.6798867583274841,0.6546381115913391,-0.01799663156270981,0.657440721988678,0.611429750919342,-0.024489665403962135,0.6403141021728516,0.5770986080169678,-0.031246261671185493,0.6895217895507812,0.5688660144805908,-0.013434872962534428,0.6707599759101868,0.4964982271194458,-0.02841525711119175,0.659682035446167,0.45330268144607544,-0.03992130234837532,0.652534008026123,0.4172211289405823,-0.047632571309804916,0.7204759120941162,0.5558683276176453,-0.018916577100753784,0.7120522260665894,0.47032663226127625,-0.031161928549408913,0.7078853845596313,0.4176020324230194,-0.04189319536089897,0.7063684463500977,0.3742101788520813,-0.04960188642144203,0.752072811126709,0.5587620139122009,-0.026275038719177246,0.7516880631446838,0.4785907566547394,-0.039547644555568695,0.7546221017837524,0.4306919574737549,-0.04812686890363693,0.7574695944786072,0.3928297758102417,-0.05379166081547737,0.7827314734458923,0.5743484497070312,-0.034564271569252014,0.7904786467552185,0.5133867263793945,-0.04641050472855568,0.7962099313735962,0.4756088852882385,-0.04997260868549347,0.8014563322067261,0.444078266620636,-0.05163053423166275,HELLO
0.7640482187271118,0.7327920794487,3.1993977245292626e-07,0.7169507741928101,0.7063807249069214,-0.01468815840780735,0.6809895634651184,0.6562764048576355,-0.02323838137090206,0.6585253477096558,0.6127551794052124,-0.03132583200931549,0.6409397125244141,0.5771728754043579,-0.039815567433834076,0.6908593773841858,0.5684937834739685,-0.01647382602095604,0.6714375615119934,0.49720534682273865,-0.03355991095304489,0.6600049734115601,0.4539172947406769,-0.04735850170254707,0.6527409553527832,0.41736677289009094,-0.05695979297161102,0.72183758020401,0.554816722869873,-0.02151038870215416,0.7126234173774719,0.47029930353164673,-0.03588417172431946,0.7079198360443115,0.4178524911403656,-0.0494769811630249,0.705762505531311,0.37398311495780945,-0.05941399186849594,0.7530244588851929,0.5575440526008606,-0.02872985415160656,0.7516308426856995,0.4784094989299774,-0.04397209361195564,0.7537433505058289,0.43081134557724,-0.05517575889825821,0.7561720609664917,0.3932209610939026,-0.06287883222103119,0.7835147976875305,0.5736571550369263,-0.03711659461259842,0.7920031547546387,0.5141058564186096,-0.0509832426905632,0.7975757122039795,0.47606346011161804,-0.056638192385435104,0.8027791380882263,0.4442547559738159,-0.06003507971763611,HELLO
0.7475486397743225,0.7095774412155151,4.266353244020138e-07,0.7018705606460571,0.682029664516449,-0.015043503604829311,0.6682880520820618,0.6286636590957642,-0.022946855053305626,0.6484791040420532,0.5816551446914673,-0.03025016188621521,0.6315996646881104,0.5485958456993103,-0.037506431341171265,0.6723942160606384,0.5390192866325378,-0.011422964744269848,0.6563448309898376,0.4686163067817688,-0.02728327549993992,0.6481634378433228,0.42305171489715576,-0.04135754704475403,0.6429145932197571,0.38368213176727295,-0.051136866211891174,0.701781690120697,0.5252599716186523,-0.015210074372589588,0.6942576169967651,0.44435834884643555,-0.02709118463099003,0.6897707581520081,0.39100226759910583,-0.03904305770993233,0.686733067035675,0.3471451997756958,-0.04780853912234306,0.7318599224090576,0.5280935168266296,-0.021542178466916084,0.7326804995536804,0.4545127749443054,-0.03370467573404312,0.7329479455947876,0.4083479046821594,-0.04229087755084038,0.7326353192329407,0.370462566614151,-0.04829584062099457,0.7621337175369263,0.5456620454788208,-0.029565388336777687,0.7720168828964233,0.4889869689941406,-0.040715258568525314,0.7760273814201355,0.45301246643066406,-0.044330280274152756,0.7793607711791992,0.42189526557922363,-0.046125225722789764,HELLO
0.7492233514785767,0.7114383578300476,3.345900836393412e-07,0.704118549823761,0.6814496517181396,-0.014154352247714996,0.6689711213111877,0.6282528638839722,-0.021111922338604927,0.6475415229797363,0.5820540189743042,-0.02793044224381447,0.629540205001831,0.5488908886909485,-0.03452233225107193,0.6717154383659363,0.5404521226882935,-0.008581191301345825,0.6539900302886963,0.4691393971443176,-0.023534661158919334,0.6449009776115417,0.42445847392082214,-0.03647786006331444,0.6395882964134216,0.38577350974082947,-0.04552344232797623,0.7015482187271118,0.5257163643836975,-0.01279426645487547,0.6922910809516907,0.44577109813690186,-0.023706471547484398,0.688751757144928,0.39636707305908203,-0.03476056084036827,0.6875783205032349,0.3556452989578247,-0.04301972687244415,0.7322178483009338,0.5271291136741638,-0.01971205696463585,0.7322936058044434,0.45544636249542236,-0.031186141073703766,0.7332324385643005,0.4105167090892792,-0.038983382284641266,0.7338111400604248,0.3742833733558655,-0.044566355645656586,0.7628613710403442,0.5426903963088989,-0.028360901400446892,0.771239161491394,0.4862765669822693,-0.03866932913661003,0.7763596773147583,0.4505642354488373,-0.04171637073159218,0.7807102203369141,0.4201365113258362,-0.043266184628009796,HELLO
0.7497612237930298,0.7114405632019043,3.453187389368395e-07,0.7044424414634705,0.6810698509216309,-0.014949038624763489,0.6690128445625305,0.6279580593109131,-0.021934552118182182,0.6475099325180054,0.5816718339920044,-0.02857891097664833,0.6306094527244568,0.5479725003242493,-0.03491827845573425,0.6716970205307007,0.5406255722045898,-0.009250625036656857,0.6541325449943542,0.46869778633117676,-0.024292930960655212,0.6451606154441833,0.42379122972488403,-0.03725035861134529,0.6398680210113525,0.3850444555282593,-0.046230509877204895,0.7018042206764221,0.525667667388916,-0.012813731096684933,0.692670464515686,0.4451338052749634,-0.023640822619199753,0.6892669200897217,0.3955150842666626,-0.03459949418902397,0.6881133317947388,0.35468798875808716,-0.04279753193259239,0.7327207922935486,0.5268111228942871,-0.01914968714118004,0.7331450581550598,0.45553043484687805,-0.03042425401508808,0.7341452240943909,0.4105343818664551,-0.03820793330669403,0.7346909642219543,0.3748525381088257,-0.04376262426376343,0.7633412480354309,0.5420336127281189,-0.027296055108308792,0.7717188596725464,0.48615527153015137,-0.037482116371393204,0.7768988013267517,0.4506289064884186,-0.04061901941895485,0.7814085483551025,0.420828253030777,-0.04220141842961311,HELLO
0.7560405135154724,0.7223176956176758,2.567225578786747e-07,0.7034680247306824,0.6952323317527771,-0.0008533021318726242,0.6675238609313965,0.6456505060195923,-0.004671121947467327,0.646632730960846,0.6016691327095032,-0.009385972283780575,0.6284682750701904,0.5712290406227112,-0.014413456432521343,0.6712955832481384,0.5753617882728577,-0.010500197298824787,0.650253176689148,0.49379250407218933,-0.02141125500202179,0.6410995721817017,0.4473383128643036,-0.027806954458355904,0.635287880897522,0.41156888008117676,-0.03112967312335968,0.7028012871742249,0.557390570640564,-0.018101686611771584,0.6883747577667236,0.46430885791778564,-0.025745412334799767,0.6819117069244385,0.41084370017051697,-0.031184831634163857,0.6787852644920349,0.37017661333084106,-0.03485524654388428,0.7351089715957642,0.5529064536094666,-0.025833358988165855,0.7261794209480286,0.46739310026168823,-0.032576099038124084,0.7214260697364807,0.4171265661716461,-0.036464642733335495,0.7177314162254333,0.3798407316207886,-0.0393170602619648,0.7666363716125488,0.5600749254226685,-0.033520616590976715,0.7679297924041748,0.49712488055229187,-0.037435442209243774,0.7676209211349487,0.4596022069454193,-0.036213330924510956,0.7667078375816345,0.4298086166381836,-0.03475838154554367,HELLO
0.7558263540267944,0.7217965126037598,3.2475674061061e-07,0.7041782140731812,0.6964145302772522,-0.004870662931352854,0.6669601202011108,0.647566556930542,-0.00948807131499052,0.6445830464363098,0.6025106310844421,-0.01434262003749609,0.6269402503967285,0.5708908438682556,-0.01925273798406124,0.6729633808135986,0.5721038579940796,-0.011791749857366085,0.6503491997718811,0.49507179856300354,-0.023413971066474915,0.6397557854652405,0.45012396574020386,-0.03095279075205326,0.633766233921051,0.4142514765262604,-0.0352129302918911,0.7037481665611267,0.555053174495697,-0.018002070486545563,0.6889662742614746,0.4662388563156128,-0.02611498534679413,0.6817512512207031,0.4121948480606079,-0.032389022409915924,0.6783635020256042,0.3693566918373108,-0.0367748886346817,0.7351346611976624,0.5522131323814392,-0.024977751076221466,0.7274553179740906,0.4700859785079956,-0.032754961401224136,0.7228244543075562,0.4212610423564911,-0.03767465800046921,0.719330906867981,0.38510870933532715,-0.04118845611810684,0.766096830368042,0.5611631274223328,-0.032318565994501114,0.7680760622024536,0.500313937664032,-0.03793933615088463,0.7680717706680298,0.4629662036895752,-0.037934113293886185,0.7680642604827881,0.43359851837158203,-0.03728567436337471,HELLO
0.7548990845680237,0.719826340675354,3.269826720497804e-07,0.7031378149986267,0.693841278553009,-0.0031428285874426365,0.6663650274276733,0.6450406908988953,-0.007595171220600605,0.6443108320236206,0.5997011661529541,-0.012388519011437893,0.6263246536254883,0.5690344572067261,-0.017358750104904175,0.6722164750099182,0.5726565718650818,-0.012804729864001274,0.6498343348503113,0.49406278133392334,-0.024032963439822197,0.6394537687301636,0.4485367238521576,-0.0307738296687603,0.6335450410842896,0.4125427305698395,-0.03435013070702553,0.7028186321258545,0.5561684370040894,-0.019573086872696877,0.6885227560997009,0.46586766839027405,-0.027314351871609688,0.681521475315094,0.41104599833488464,-0.032832980155944824,0.6784948706626892,0.36817067861557007,-0.03662857040762901,0.7342968583106995,0.5530691146850586,-0.026705637574195862,0.7273836135864258,0.4697343409061432,-0.033918023109436035,0.7231674790382385,0.41952842473983765,-0.03839363530278206,0.7203567624092102,0.38265371322631836,-0.04157809913158417,0.7651363015174866,0.5614055395126343,-0.03396499529480934,0.7669624090194702,0.49957552552223206,-0.03899487107992172,0.7674241662025452,0.46162259578704834,-0.03852944076061249,0.7682477831840515,0.4319053888320923,-0.037479545921087265,HELLO
0.7657607197761536,0.7414230108261108,3.3548539590810833e-07,0.7196228504180908,0.7144555449485779,-0.01948430947959423,0.6824396848678589,0.6626497507095337,-0.02835727296769619,0.662779688835144,0.6134793162345886,-0.035394780337810516,0.647428572177887,0.5711526274681091,-0.041701726615428925,0.6896896958351135,0.5719456076622009,-0.014129498042166233,0.6735033392906189,0.5024464130401611,-0.02822466753423214,0.6657102704048157,0.46026700735092163,-0.04039881005883217,0.6609506607055664,0.42388999462127686,-0.04957620054483414,0.7206978797912598,0.5560932159423828,-0.016112884506583214,0.7142322063446045,0.4760456681251526,-0.0269397534430027,0.7134850025177002,0.4265224039554596,-0.038139887154102325,0.7157810926437378,0.3851879835128784,-0.046532317996025085,0.7523938417434692,0.5600451231002808,-0.021229475736618042,0.7536682486534119,0.4830169081687927,-0.03479914367198944,0.7580726146697998,0.4362803101539612,-0.044884685426950455,0.7627110481262207,0.39652156829833984,-0.05218552425503731,0.7839702367782593,0.5790307521820068,-0.028057539835572243,0.7947252988815308,0.5275024771690369,-0.04311511665582657,0.802047073841095,0.4921569228172302,-0.0494999960064888,0.8088774085044861,0.45924633741378784,-0.05317961052060127,HELLO
0.7683584094047546,0.7387790083885193,3.660374829905777e-07,0.7208824157714844,0.7098135948181152,-0.01628950797021389,0.6829688549041748,0.6594514846801758,-0.02358037419617176,0.6622675657272339,0.6130282282829285,-0.029762912541627884,0.6473973989486694,0.5741326212882996,-0.03541373834013939,0.6906670331954956,0.5685444474220276,-0.010562476702034473,0.6728094816207886,0.4995759129524231,-0.023446615785360336,0.6645441055297852,0.45786330103874207,-0.034800611436367035,0.6600102782249451,0.4218808114528656,-0.04317307099699974,0.7223630547523499,0.5543653964996338,-0.013581006787717342,0.7166783809661865,0.4739361107349396,-0.0231129489839077,0.7157003879547119,0.4247514605522156,-0.033994805067777634,0.7175265550613403,0.38272786140441895,-0.04223870858550072,0.7539590001106262,0.5590299367904663,-0.019368015229701996,0.7554325461387634,0.4810691475868225,-0.03145920857787132,0.7583774328231812,0.4350133538246155,-0.041384823620319366,0.7616262435913086,0.39661067724227905,-0.048578087240457535,0.7851861715316772,0.5791702270507812,-0.02658333070576191,0.7964368462562561,0.526757538318634,-0.03976219519972801,0.8039292097091675,0.49165117740631104,-0.04519957676529884,0.810840904712677,0.460376113653183,-0.04818430915474892,HELLO
0.7515746355056763,0.729852557182312,4.4678472477244213e-07,0.7084516882896423,0.7009937763214111,-0.023794235661625862,0.6758646965026855,0.6485990881919861,-0.035251472145318985,0.6548887491226196,0.5991422533988953,-0.0443294532597065,0.6354600191116333,0.5618419647216797,-0.052599236369132996,0.6812440752983093,0.5554303526878357,-0.016807053238153458,0.6696551442146301,0.485465407371521,-0.03320717811584473,0.6632425785064697,0.44232863187789917,-0.047788504511117935,0.6595030426979065,0.40451154112815857,-0.05848044902086258,0.7114022970199585,0.5432140231132507,-0.017109345644712448,0.7068856358528137,0.46400177478790283,-0.0300934799015522,0.7059192061424255,0.41448530554771423,-0.043458979576826096,0.7068743705749512,0.3711587190628052,-0.05375611037015915,0.7417312860488892,0.5489858388900757,-0.020895136520266533,0.7461971044540405,0.4744618237018585,-0.0365275964140892,0.7519189715385437,0.42895981669425964,-0.047708913683891296,0.7570297122001648,0.39034247398376465,-0.05554741248488426,0.7714773416519165,0.5705372095108032,-0.0268038809299469,0.7843756675720215,0.5153082609176636,-0.042703744024038315,0.79329913854599,0.48013296723365784,-0.049506351351737976,0.8007420301437378,0.4481731057167053,-0.05354177579283714,HELLO
0.7587438821792603,0.7584178447723389,2.660822531197482e-07,0.7092507481575012,0.7277778387069702,-0.013193209655582905,0.6724109053611755,0.6747098565101624,-0.02191801182925701,0.6511387228965759,0.6294682621955872,-0.03043425641953945,0.6315489411354065,0.5956436991691589,-0.0390230156481266,0.6833159327507019,0.5969429016113281,-0.013478647917509079,0.665701687335968,0.5224506258964539,-0.028665609657764435,0.6583388447761536,0.4787333607673645,-0.04117315635085106,0.653168797492981,0.4436763823032379,-0.04987305775284767,0.7146803140640259,0.5835226774215698,-0.018657617270946503,0.7060579657554626,0.4989641308784485,-0.03065355308353901,0.7025863528251648,0.448386549949646,-0.042046718299388885,0.700813889503479,0.40906450152397156,-0.050562482327222824,0.7454301714897156,0.5855297446250916,-0.026117343455553055,0.7439316511154175,0.5037528276443481,-0.03797803819179535,0.7430132031440735,0.45413345098495483,-0.0469665564596653,0.7417657971382141,0.41572409868240356,-0.05380760505795479,0.7764500975608826,0.5997920036315918,-0.034777626395225525,0.7836874127388,0.5415567755699158,-0.04554888978600502,0.7851993441581726,0.5041967034339905,-0.04944484308362007,0.7854296565055847,0.47382187843322754,-0.05195781961083412,HELLO
0.7564796805381775,0.756344735622406,3.4667581871872244e-07,0.7085157036781311,0.727520763874054,-0.01425866223871708,0.6720082759857178,0.6760652661323547,-0.022773640230298042,0.6512580513954163,0.6303049325942993,-0.030530406162142754,0.6327005624771118,0.5957985520362854,-0.03814387321472168,0.6822711229324341,0.5941928625106812,-0.015404753386974335,0.6645537614822388,0.5218092203140259,-0.03066345863044262,0.6570292711257935,0.4786829352378845,-0.042611051350831985,0.6531906127929688,0.4427478313446045,-0.05081098899245262,0.713209867477417,0.5803707242012024,-0.019909778609871864,0.7051592469215393,0.49762678146362305,-0.03158066049218178,0.7027347087860107,0.4467823803424835,-0.04225856810808182,0.7030899524688721,0.4056863784790039,-0.05025036633014679,0.7441669702529907,0.5827426910400391,-0.026688702404499054,0.7440999150276184,0.502851665019989,-0.03850024193525314,0.7429743409156799,0.4540344476699829,-0.04717184230685234,0.7412728667259216,0.41450172662734985,-0.053833480924367905,0.7753316760063171,0.5988471508026123,-0.03473817929625511,0.7834606170654297,0.5422345995903015,-0.04590810462832451,0.7850929498672485,0.5048215389251709,-0.04998663812875748,0.7845343351364136,0.4736732840538025,-0.05257035046815872,HELLO
0.7562969326972961,0.7561843395233154,3.3458752568549244e-07,0.7081944942474365,0.7266942262649536,-0.013414566405117512,0.6717468500137329,0.6748573184013367,-0.021383235231041908,0.6511099934577942,0.6294008493423462,-0.02878430485725403,0.6331418752670288,0.5955427885055542,-0.03614697605371475,0.6827540397644043,0.5945991277694702,-0.014553258195519447,0.6651439070701599,0.5221429467201233,-0.029575267806649208,0.6570302844047546,0.47902485728263855,-0.04126184433698654,0.6525696516036987,0.44333672523498535,-0.04925037547945976,0.7136304378509521,0.58084636926651,-0.019399374723434448,0.7058618664741516,0.4979231357574463,-0.031026029959321022,0.7033828496932983,0.4467829763889313,-0.04155798628926277,0.7037685513496399,0.4058153033256531,-0.04936358332633972,0.7444477677345276,0.5832891464233398,-0.0264433566480875,0.7448727488517761,0.5031328201293945,-0.03826648369431496,0.7439579963684082,0.4544178545475006,-0.04686574265360832,0.7425503730773926,0.4152357280254364,-0.05338849872350693,0.7752971649169922,0.5994797945022583,-0.03467916324734688,0.7837074995040894,0.5430009961128235,-0.04576053470373154,0.7854139804840088,0.5056467056274414,-0.04967756196856499,0.7850472927093506,0.4746915102005005,-0.05211460962891579,HELLO
0.7651340365409851,0.7630985975265503,3.0168362741278543e-07,0.7196090817451477,0.7308900952339172,-0.011452707462012768,0.6822560429573059,0.674778938293457,-0.016413908451795578,0.6615899205207825,0.6295549869537354,-0.021028734743595123,0.6476239562034607,0.5953881740570068,-0.02604944258928299,0.6984193921089172,0.591694712638855,-0.01158521044999361,0.6842208504676819,0.5198984146118164,-0.025449980050325394,0.6784455180168152,0.4743571877479553,-0.036609213799238205,0.674863874912262,0.43758004903793335,-0.044512391090393066,0.7315811514854431,0.5807698965072632,-0.016902241855859756,0.7287699580192566,0.49891722202301025,-0.027102068066596985,0.7296635508537292,0.4490615725517273,-0.03725280612707138,0.731964647769928,0.40856313705444336,-0.04455883428454399,0.7636768817901611,0.5875474810600281,-0.024236446246504784,0.7647605538368225,0.5086700320243835,-0.035792458802461624,0.7668420672416687,0.4603976011276245,-0.04451015964150429,0.7686076164245605,0.42003411054611206,-0.05089043453335762,0.7936943173408508,0.6089589595794678,-0.032536253333091736,0.8034732341766357,0.5565053820610046,-0.04512931406497955,0.809107780456543,0.5206640958786011,-0.04968445375561714,0.8143959045410156,0.48974016308784485,-0.05207085609436035,HELLO
0.7664695382118225,0.7628965973854065,3.45641353760584e-07,0.7204806208610535,0.7312746644020081,-0.01379451248794794,0.6841940879821777,0.6779018640518188,-0.021096212789416313,0.6640909910202026,0.6328140497207642,-0.027706660330295563,0.6495664715766907,0.6021693348884583,-0.03443937003612518,0.6997154355049133,0.591102123260498,-0.01312184426933527,0.6844999194145203,0.5179325938224792,-0.02657712809741497,0.6778547763824463,0.4736379384994507,-0.03775358572602272,0.6742989420890808,0.4375613331794739,-0.045718107372522354,0.7326000928878784,0.5803805589675903,-0.01749175600707531,0.7300628423690796,0.4974212348461151,-0.026725266128778458,0.7301958799362183,0.44735169410705566,-0.03656204417347908,0.7320582270622253,0.4075075685977936,-0.04404514655470848,0.7641226053237915,0.5869718790054321,-0.024103378877043724,0.7674139738082886,0.5065471529960632,-0.03454533591866493,0.7692795991897583,0.4575274586677551,-0.04331604018807411,0.7706049680709839,0.41829031705856323,-0.050160277634859085,0.7939282655715942,0.6077494621276855,-0.031942691653966904,0.8062525987625122,0.5543829202651978,-0.04286617785692215,0.8126664757728577,0.5187528133392334,-0.04678722098469734,0.8175228238105774,0.4892311990261078,-0.04909142106771469,HELLO
0.7653262615203857,0.7634221315383911,3.238269812300132e-07,0.7189903259277344,0.7310150861740112,-0.011540654115378857,0.6827945709228516,0.6767140030860901,-0.01717035472393036,0.6623139977455139,0.6320049166679382,-0.022492103278636932,0.6481749415397644,0.6010314226150513,-0.027895839884877205,0.6991348266601562,0.5915369391441345,-0.009722217917442322,0.6839734315872192,0.5182200074195862,-0.021732119843363762,0.6769617795944214,0.47433751821517944,-0.03176124766469002,0.6724953055381775,0.4389001131057739,-0.038840778172016144,0.7325133085250854,0.5809626579284668,-0.014432577416300774,0.7305868268013,0.49833083152770996,-0.02221735380589962,0.7301700115203857,0.4494265615940094,-0.030977826565504074,0.7310810685157776,0.4103702902793884,-0.03769565001130104,0.7642114162445068,0.5869693756103516,-0.021242251619696617,0.7673773765563965,0.5079708695411682,-0.03024972416460514,0.7687485814094543,0.46046438813209534,-0.03772361949086189,0.7696114778518677,0.42234599590301514,-0.043666232377290726,0.7937595844268799,0.6067349314689636,-0.029181286692619324,0.8050543069839478,0.5534515380859375,-0.03855296969413757,0.8113911151885986,0.51847243309021,-0.04127667471766472,0.8164945244789124,0.48918452858924866,-0.04272890463471413,HELLO
0.7460610270500183,0.7328171730041504,4.566669247196842e-07,0.6959090828895569,0.7007117867469788,-0.011375028640031815,0.6639037728309631,0.6452381014823914,-0.017741529271006584,0.6474441885948181,0.5966375470161438,-0.0235906895250082,0.6280063986778259,0.5637930631637573,-0.029388612136244774,0.6779876351356506,0.5559266805648804,-0.0070211682468652725,0.6703075170516968,0.4832533597946167,-0.01826975867152214,0.666924238204956,0.4390574097633362,-0.029357030987739563,0.6653761267662048,0.4021286368370056,-0.03745057433843613,0.713038980960846,0.5455460548400879,-0.01136110071092844,0.7121775150299072,0.4648362994194031,-0.01932922936975956,0.7127492427825928,0.4144027829170227,-0.03005811758339405,0.7130680084228516,0.37457627058029175,-0.038541510701179504,0.7450727224349976,0.5524795055389404,-0.017761051654815674,0.7511577606201172,0.477840781211853,-0.027194082736968994,0.7543891668319702,0.4308788478374481,-0.03536009043455124,0.7557204365730286,0.39441925287246704,-0.04171586409211159,0.7767671346664429,0.5729961395263672,-0.025138620287179947,0.7899568676948547,0.5169891119003296,-0.03390403464436531,0.7956374883651733,0.4813866913318634,-0.03644523397088051,0.7983752489089966,0.4511818289756775,-0.03789225593209267,HELLO
0.7453369498252869,0.7322177886962891,3.3724828085723857e-07,0.6995069980621338,0.698262631893158,-0.010125844739377499,0.6681252717971802,0.6417391300201416,-0.015261130407452583,0.6502594947814941,0.5916085839271545,-0.02008949965238571,0.6284745931625366,0.56130450963974,-0.025049950927495956,0.6772971153259277,0.5582915544509888,-0.007370213512331247,0.6676544547080994,0.483995258808136,-0.018925393000245094,0.6632257103919983,0.43991929292678833,-0.028979921713471413,0.6609624028205872,0.4033588171005249,-0.0362834557890892,0.7109562158584595,0.5476128458976746,-0.012296512722969055,0.7094274759292603,0.46529853343963623,-0.021113356575369835,0.7097863554954529,0.41551685333251953,-0.031578972935676575,0.7111891508102417,0.37589776515960693,-0.03972196206450462,0.742799699306488,0.5539278984069824,-0.01912233978509903,0.7502792477607727,0.4785177707672119,-0.029910538345575333,0.7551948428153992,0.43197986483573914,-0.039089761674404144,0.7577944397926331,0.3954467475414276,-0.045806966722011566,0.773292601108551,0.5730440616607666,-0.026689885184168816,0.7867996692657471,0.5172771215438843,-0.03714015334844589,0.7938694357872009,0.4826217591762543,-0.04122284799814224,0.7980787754058838,0.45301753282546997,-0.04363936930894852,HELLO
0.7451341152191162,0.7329615950584412,3.405884569929185e-07,0.6999537944793701,0.7001186609268188,-0.011563553474843502,0.6682074666023254,0.6430444121360779,-0.017430748790502548,0.650192141532898,0.5921815037727356,-0.02276015281677246,0.6281161904335022,0.5611236691474915,-0.02814599685370922,0.6781026124954224,0.5584855675697327,-0.008784854784607887,0.6681061387062073,0.4848175048828125,-0.021035267040133476,0.66357421875,0.44099220633506775,-0.03159048780798912,0.661279559135437,0.40438002347946167,-0.03921891376376152,0.7117968201637268,0.5480968952178955,-0.01335234846919775,0.7098549604415894,0.4658902585506439,-0.022702811285853386,0.7100732922554016,0.41621720790863037,-0.03335653617978096,0.7113533616065979,0.37644314765930176,-0.04162786528468132,0.7435421943664551,0.554563581943512,-0.019968552514910698,0.7508227825164795,0.47896015644073486,-0.03131582587957382,0.7553348541259766,0.4326154589653015,-0.04044440761208534,0.757674515247345,0.39605921506881714,-0.047086201608181,0.7738482356071472,0.5736169815063477,-0.027478575706481934,0.7868725657463074,0.5179670453071594,-0.038478776812553406,0.7938052415847778,0.4831599295139313,-0.042623307555913925,0.7979215979576111,0.4534588158130646,-0.04504726454615593,HELLO
0.7513129711151123,0.7517458200454712,2.6600267233334307e-07,0.7035471796989441,0.7212106585502625,-0.01615011878311634,0.6643669009208679,0.66791832447052,-0.023790881037712097,0.6421569585800171,0.6182225942611694,-0.03060762770473957,0.6249844431877136,0.5760521292686462,-0.03666241094470024,0.6787542104721069,0.584846556186676,-0.00964306853711605,0.6599222421646118,0.5112685561180115,-0.023783113807439804,0.6509114503860474,0.4674072563648224,-0.03574247285723686,0.6451546549797058,0.43109387159347534,-0.04393647611141205,0.7097787261009216,0.5717248320579529,-0.012407047674059868,0.6997259259223938,0.489385187625885,-0.022586533799767494,0.6949886083602905,0.4404829740524292,-0.03250633180141449,0.692954421043396,0.4008288085460663,-0.03966280445456505,0.7402299046516418,0.5739611983299255,-0.01813557930290699,0.7375209927558899,0.4962078332901001,-0.028682442381978035,0.7373027205467224,0.44910499453544617,-0.03565438464283943,0.737311601638794,0.41085365414619446,-0.040871601551771164,0.7704604268074036,0.5888013243675232,-0.0256879273802042,0.7755978107452393,0.5349815487861633,-0.03540490195155144,0.7775636911392212,0.5009884238243103,-0.037996578961610794,0.7787706851959229,0.47187313437461853,-0.03928358852863312,HELLO
0.7521899938583374,0.7525676488876343,3.0639597525805584e-07,0.7051434516906738,0.7232397794723511,-0.016901856288313866,0.6674548983573914,0.6688385605812073,-0.02401437796652317,0.6442319750785828,0.6176641583442688,-0.029866982251405716,0.6254566311836243,0.5765868425369263,-0.03491437807679176,0.6792910099029541,0.583766520023346,-0.009703511372208595,0.6598373651504517,0.5113294720649719,-0.02279048040509224,0.6498287916183472,0.46864885091781616,-0.03396361693739891,0.6436072587966919,0.43261998891830444,-0.04177582263946533,0.7099891901016235,0.5702669620513916,-0.011606158688664436,0.7003799676895142,0.4888194799423218,-0.02048793062567711,0.6954416632652283,0.43947410583496094,-0.03009432926774025,0.6932914853096008,0.39871516823768616,-0.03732061758637428,0.7403213381767273,0.5726850032806396,-0.016440970823168755,0.7364810705184937,0.4947640895843506,-0.026319127529859543,0.7349861264228821,0.4461461901664734,-0.033841460943222046,0.7340586185455322,0.40556949377059937,-0.03978891670703888,0.7700871229171753,0.5883355736732483,-0.02302904613316059,0.7743257880210876,0.5346574187278748,-0.03281864523887634,0.7758972644805908,0.499089777469635,-0.03596888482570648,0.7769759893417358,0.467631459236145,-0.037828296422958374,HELLO
0.7517507076263428,0.7519882321357727,3.06327507360038e-07,0.7046482563018799,0.7223227024078369,-0.01668204553425312,0.6670253276824951,0.6680852174758911,-0.023843511939048767,0.6438372135162354,0.6169631481170654,-0.029751144349575043,0.6248751282691956,0.5757309198379517,-0.03483377397060394,0.679151177406311,0.5827821493148804,-0.00960549060255289,0.6596229076385498,0.5104549527168274,-0.022591838613152504,0.6495915651321411,0.4679839015007019,-0.03372132405638695,0.6434451341629028,0.4319244623184204,-0.04150310903787613,0.7099287509918213,0.5694767236709595,-0.011498293839395046,0.7002979516983032,0.48815736174583435,-0.02013467065989971,0.6954245567321777,0.4390592575073242,-0.02963106893002987,0.6934127807617188,0.3983372747898102,-0.036850541830062866,0.740164577960968,0.5720141530036926,-0.01628556288778782,0.7360914349555969,0.4948042631149292,-0.02581096440553665,0.7344157695770264,0.4465266764163971,-0.033192504197359085,0.7333608865737915,0.4063151478767395,-0.03913290426135063,0.7698453068733215,0.5876132249832153,-0.022825326770544052,0.7741321325302124,0.5345329642295837,-0.03219449892640114,0.7755612134933472,0.49932923913002014,-0.03519267216324806,0.7764980792999268,0.4683021903038025,-0.037007514387369156,HELLO
0.7521443367004395,0.7633261680603027,3.103291135175823e-07,0.7079323530197144,0.7316128015518188,-0.01627199351787567,0.673265814781189,0.6771893501281738,-0.02383596822619438,0.6536946296691895,0.6314609050750732,-0.030477337539196014,0.6381879448890686,0.5920265316963196,-0.0370795801281929,0.688713550567627,0.5846121907234192,-0.011940528638660908,0.673999011516571,0.5150737166404724,-0.02660294622182846,0.6676429510116577,0.4716915488243103,-0.039466820657253265,0.6642899513244629,0.43417787551879883,-0.04883119836449623,0.7206813097000122,0.5721957087516785,-0.015916524454951286,0.7173489332199097,0.49078765511512756,-0.026586556807160378,0.7186382412910461,0.4412328004837036,-0.038077786564826965,0.7219534516334534,0.39968428015708923,-0.04667556658387184,0.7516160011291504,0.5787398815155029,-0.022676708176732063,0.7545346021652222,0.4981989562511444,-0.03494594991207123,0.7576665282249451,0.45048290491104126,-0.04438040405511856,0.7603980898857117,0.4103516936302185,-0.05135092884302139,0.7812939882278442,0.6006191372871399,-0.031001033261418343,0.7914493680000305,0.5447806119918823,-0.04366004094481468,0.7977876663208008,0.5089215636253357,-0.048248909413814545,0.8029384016990662,0.4781179130077362,-0.05085707828402519,HELLO
0.7552321553230286,0.7642194032669067,3.280702287611348e-07,0.7101734280586243,0.7330601811408997,-0.017259059473872185,0.6751410365104675,0.678239107131958,-0.02534935064613819,0.6534438133239746,0.6309790015220642,-0.03247981145977974,0.6366758346557617,0.5930253863334656,-0.039185959845781326,0.6895690560340881,0.5846148133277893,-0.010169521905481815,0.6748409867286682,0.5136644840240479,-0.024171005934476852,0.6681473255157471,0.46964383125305176,-0.03705160692334175,0.6651096343994141,0.432233989238739,-0.04640389233827591,0.7215427160263062,0.5722742676734924,-0.013170759193599224,0.7188645005226135,0.4907498359680176,-0.022591857239603996,0.7192298173904419,0.441093385219574,-0.03331698849797249,0.7217596769332886,0.3996407389640808,-0.0416545607149601,0.7525924444198608,0.5778766870498657,-0.019233444705605507,0.755649983882904,0.4991624355316162,-0.02980756387114525,0.7579361200332642,0.451745867729187,-0.03819916397333145,0.759985625743866,0.411749005317688,-0.04490208253264427,0.7823127508163452,0.5986282825469971,-0.027122749015688896,0.7927963137626648,0.5439565181732178,-0.03737945854663849,0.7993748784065247,0.5093625783920288,-0.040555957704782486,0.8048526644706726,0.4792196750640869,-0.04258446395397186,HELLO
0.754937469959259,0.7645378708839417,3.271142077210243e-07,0.709913969039917,0.7333531379699707,-0.01701037585735321,0.6747234463691711,0.6777015328407288,-0.024735605344176292,0.6534265875816345,0.6304600834846497,-0.03152065351605415,0.6369733810424805,0.5926262736320496,-0.037939105182886124,0.6896020174026489,0.5836791396141052,-0.009847281500697136,0.6745473742485046,0.5131384134292603,-0.02370413951575756,0.667934775352478,0.4694131016731262,-0.03648121654987335,0.6650565266609192,0.4321090579032898,-0.0457923486828804,0.7217490077018738,0.5714297890663147,-0.013004758395254612,0.7190040946006775,0.4901607036590576,-0.02230731211602688,0.7194427251815796,0.44063636660575867,-0.03301432728767395,0.7221353054046631,0.39916396141052246,-0.041367094963788986,0.7528829574584961,0.5772395730018616,-0.019225599244236946,0.7561176419258118,0.4984661936759949,-0.029937464743852615,0.7586069107055664,0.45120787620544434,-0.038435596972703934,0.760913610458374,0.41112619638442993,-0.04520194232463837,0.7825741171836853,0.5982568860054016,-0.027242090553045273,0.7929531335830688,0.5435487031936646,-0.03788885101675987,0.7996739149093628,0.5090651512145996,-0.041260238736867905,0.8053695559501648,0.47882238030433655,-0.043387822806835175,HELLO
0.7346387505531311,0.7522222995758057,3.5957634736405453e-07,0.6887703537940979,0.7197831869125366,-0.014813871122896671,0.6553069353103638,0.6648991107940674,-0.023396030068397522,0.6368786692619324,0.6144963502883911,-0.0315379798412323,0.619875967502594,0.5748932361602783,-0.03929169476032257,0.6660531759262085,0.5738988518714905,-0.010465757921338081,0.6522233486175537,0.5035545825958252,-0.026183487847447395,0.6464207768440247,0.4600864350795746,-0.039795950055122375,0.6433228254318237,0.42246824502944946,-0.04926029592752457,0.6960532665252686,0.5622013807296753,-0.014829504303634167,0.6911517381668091,0.48247796297073364,-0.027073828503489494,0.6889249682426453,0.431709885597229,-0.03940697759389877,0.6883837580680847,0.3898928165435791,-0.04867476969957352,0.7255125641822815,0.566653311252594,-0.02194555290043354,0.7290745973587036,0.4935102164745331,-0.03466111794114113,0.7307462692260742,0.4441792964935303,-0.044618114829063416,0.7311973571777344,0.4036274552345276,-0.05194256827235222,0.7543751001358032,0.5852939486503601,-0.030663462355732918,0.7663322687149048,0.5298498868942261,-0.042324405163526535,0.7713044881820679,0.49178236722946167,-0.04744625464081764,0.7736943364143372,0.45900440216064453,-0.050724685192108154,HELLO
0.7375673055648804,0.7492532730102539,3.1904676234262297e-07,0.6913795471191406,0.7183143496513367,-0.01215189229696989,0.6572205424308777,0.6649128794670105,-0.019085664302110672,0.638500452041626,0.6158668398857117,-0.026031004264950752,0.6223822236061096,0.5790765881538391,-0.03246276453137398,0.6638432741165161,0.573153018951416,-0.0056296102702617645,0.6513077616691589,0.5023518800735474,-0.01824730448424816,0.6459318995475769,0.4592839777469635,-0.029924163594841957,0.6429892778396606,0.42360225319862366,-0.038185399025678635,0.6943307518959045,0.5599062442779541,-0.010246706195175648,0.6897297501564026,0.48091161251068115,-0.01910058781504631,0.6885702610015869,0.4324318766593933,-0.02948465757071972,0.689160943031311,0.3931824564933777,-0.037382204085588455,0.7245859503746033,0.5629609823226929,-0.017350485548377037,0.7268778681755066,0.4898010790348053,-0.027001958340406418,0.7287561297416687,0.4440920352935791,-0.03476531431078911,0.7295093536376953,0.4075811505317688,-0.040687013417482376,0.7548473477363586,0.5803452730178833,-0.025922974571585655,0.7655845284461975,0.5260887145996094,-0.034996114671230316,0.7702978253364563,0.4918239414691925,-0.0379042774438858,0.7730005383491516,0.4630369246006012,-0.03942713513970375,HELLO
0.7370923757553101,0.7497386932373047,3.242044783746678e-07,0.691277801990509,0.7186506390571594,-0.01386356633156538,0.657387912273407,0.6643585562705994,-0.02129157818853855,0.6384046077728271,0.6151534914970398,-0.028432542458176613,0.6223335266113281,0.5772528648376465,-0.03508266806602478,0.6645838618278503,0.5727339386940002,-0.007041196338832378,0.6519984602928162,0.502519428730011,-0.020519506186246872,0.6459364295005798,0.459547221660614,-0.03278226777911186,0.6420652866363525,0.42350950837135315,-0.04154036566615105,0.6951616406440735,0.5603104829788208,-0.011132552288472652,0.6906773447990417,0.4823122024536133,-0.021292420104146004,0.6893231272697449,0.4348723888397217,-0.03231707587838173,0.6890585422515869,0.3962017297744751,-0.040558815002441406,0.7251635193824768,0.5640876889228821,-0.01791403815150261,0.726883053779602,0.49218234419822693,-0.028906526044011116,0.7277926206588745,0.4473538100719452,-0.03674774616956711,0.7271579504013062,0.4113428592681885,-0.042506854981184006,0.7548106908798218,0.5818050503730774,-0.026310119777917862,0.7646389007568359,0.526951014995575,-0.036568257957696915,0.7692488431930542,0.4927421808242798,-0.03973707929253578,0.7716791033744812,0.46441709995269775,-0.041331786662340164,HELLO
0.743245542049408,0.7618592977523804,2.9363903308876615e-07,0.6953229904174805,0.7315551042556763,-0.015321285463869572,0.6596937775611877,0.6792066693305969,-0.02258550561964512,0.6391777992248535,0.6342849135398865,-0.028748856857419014,0.621978759765625,0.6003087162971497,-0.03454132750630379,0.6663333177566528,0.5908235907554626,-0.009889845736324787,0.6512647867202759,0.5199713110923767,-0.022173818200826645,0.6430976390838623,0.47790178656578064,-0.03375856950879097,0.6371958255767822,0.4438832700252533,-0.04246363043785095,0.6980187296867371,0.5800090432167053,-0.012613694183528423,0.6906381845474243,0.5014731287956238,-0.02212546579539776,0.6871923208236694,0.45479848980903625,-0.03409293293952942,0.6848319172859192,0.4173206686973572,-0.043659038841724396,0.728649914264679,0.5850395560264587,-0.017917973920702934,0.7288001179695129,0.5117034912109375,-0.02900037169456482,0.7281229496002197,0.4656756818294525,-0.03991948813199997,0.7269795536994934,0.4302562475204468,-0.048496462404727936,0.7589893341064453,0.6033922433853149,-0.024589283391833305,0.7683420181274414,0.5524392127990723,-0.03590311110019684,0.7722189426422119,0.5181272029876709,-0.041963476687669754,0.7748917937278748,0.4887358844280243,-0.0463019497692585,HELLO
0.7434263825416565,0.7578533291816711,3.7661629903595895e-07,0.6975120902061462,0.7291616797447205,-0.02021932601928711,0.6622391939163208,0.680142879486084,-0.02897316962480545,0.6404440999031067,0.6356661915779114,-0.03575502336025238,0.6235406398773193,0.599795937538147,-0.041771918535232544,0.6673197746276855,0.590359091758728,-0.01235020998865366,0.6508438587188721,0.5202463269233704,-0.02627132274210453,0.6426959037780762,0.4779850244522095,-0.03917272388935089,0.6381112337112427,0.44286948442459106,-0.04857180267572403,0.6986247301101685,0.5776398181915283,-0.012889481149613857,0.6913209557533264,0.4988776445388794,-0.02336326614022255,0.6880441308021545,0.4514269232749939,-0.03624611347913742,0.6865126490592957,0.41234803199768066,-0.04629401117563248,0.7290948033332825,0.5813028812408447,-0.01658763736486435,0.7311832308769226,0.5083577632904053,-0.028251824900507927,0.7317801117897034,0.4627842903137207,-0.03961131349205971,0.7316890358924866,0.426973432302475,-0.04828619584441185,0.7588019371032715,0.599197268486023,-0.02216058410704136,0.7688025832176208,0.5505797266960144,-0.033404577523469925,0.7733674645423889,0.5180897116661072,-0.03927144780755043,0.7766467928886414,0.49049675464630127,-0.043378472328186035,HELLO
0.7546241283416748,0.7729779481887817,3.082294597334112e-07,0.7086626291275024,0.7371616363525391,-0.012884601019322872,0.6736536026000977,0.68016117811203,-0.018597912043333054,0.6528430581092834,0.6371824741363525,-0.023840058594942093,0.6380400061607361,0.6028638482093811,-0.0292211826890707,0.6929980516433716,0.5956586599349976,-0.011539364233613014,0.6785153150558472,0.5222891569137573,-0.026302771642804146,0.6723667979240417,0.47626665234565735,-0.03829646483063698,0.66933673620224,0.43891751766204834,-0.046693384647369385,0.7261156439781189,0.5845393538475037,-0.01647663302719593,0.7237776517868042,0.5022057294845581,-0.027640778571367264,0.724860668182373,0.45066606998443604,-0.03889335319399834,0.7282708287239075,0.40844616293907166,-0.046969082206487656,0.7583485245704651,0.5916720628738403,-0.02374100126326084,0.7615078687667847,0.5119948387145996,-0.03646475076675415,0.7660990953445435,0.46242937445640564,-0.04623882845044136,0.7702842950820923,0.42092975974082947,-0.05317714437842369,0.7885032892227173,0.6142942309379578,-0.03206215798854828,0.8006628155708313,0.5608967542648315,-0.045368555933237076,0.8073378205299377,0.5239840745925903,-0.05051333084702492,0.8129897713661194,0.49139487743377686,-0.05328163504600525,HELLO
0.7523722052574158,0.7391009330749512,3.881495445057226e-07,0.7040578126907349,0.7137917876243591,-0.02427784726023674,0.6663748025894165,0.6596918702125549,-0.037160877138376236,0.6424292922019958,0.6084978580474854,-0.04791451618075371,0.6192317605018616,0.5663302540779114,-0.05841589719057083,0.6738680005073547,0.5664858222007751,-0.021858787164092064,0.653020977973938,0.4962383210659027,-0.0419655442237854,0.6400488615036011,0.45219072699546814,-0.059005945920944214,0.6298869252204895,0.4137439727783203,-0.07082151621580124,0.7041706442832947,0.5507035255432129,-0.022894421592354774,0.6912506818771362,0.4713627099990845,-0.0399036779999733,0.682396650314331,0.42024946212768555,-0.0557936355471611,0.675022542476654,0.37716424465179443,-0.06729110330343246,0.7337507009506226,0.5514386892318726,-0.02732766792178154,0.7319113612174988,0.47727879881858826,-0.044503021985292435,0.7293629050254822,0.4281339645385742,-0.057766143232584,0.7257616519927979,0.3875306248664856,-0.06683015078306198,0.763526201248169,0.5661230087280273,-0.033876508474349976,0.7704002261161804,0.507713258266449,-0.048447385430336,0.7712345123291016,0.4683382511138916,-0.05551673844456673,0.7697581052780151,0.43382528424263,-0.060112614184617996,HELLO
0.749160647392273,0.7390081882476807,3.260589096498734e-07,0.702409029006958,0.7089889645576477,-0.01963661052286625,0.6652824878692627,0.6530263423919678,-0.029984334483742714,0.6414695382118225,0.6015640497207642,-0.03889042139053345,0.617214024066925,0.5638132691383362,-0.04755013808608055,0.670883059501648,0.5652647018432617,-0.018766174092888832,0.6489050984382629,0.49254924058914185,-0.03734307363629341,0.6364979147911072,0.4482871890068054,-0.052641864866018295,0.6271018981933594,0.41109931468963623,-0.06324084848165512,0.7018454670906067,0.5518656373023987,-0.02120293863117695,0.6880379319190979,0.4713099002838135,-0.03739629313349724,0.6820367574691772,0.4222925901412964,-0.05214376747608185,0.6780939698219299,0.38278478384017944,-0.06287620961666107,0.7328306436538696,0.5532680749893188,-0.026539647951722145,0.7284260988235474,0.4769459664821625,-0.043462976813316345,0.7263211607933044,0.4272366762161255,-0.055605608969926834,0.7237574458122253,0.3885301351547241,-0.06377406418323517,0.7642259001731873,0.5671102404594421,-0.03352504223585129,0.768858015537262,0.50523841381073,-0.04881039634346962,0.769277036190033,0.4649544060230255,-0.05622287839651108,0.7678886651992798,0.431390643119812,-0.060858700424432755,HELLO
0.7482250928878784,0.73924720287323,3.172555977926095e-07,0.7025084495544434,0.7088785767555237,-0.02122722566127777,0.6655700206756592,0.6526431441307068,-0.031997013837099075,0.6417048573493958,0.6002931594848633,-0.041247930377721786,0.6175867915153503,0.5624402761459351,-0.050035260617733,0.6702465415000916,0.5647881031036377,-0.018055865541100502,0.649030864238739,0.49351000785827637,-0.03707098588347435,0.6365880966186523,0.4498816132545471,-0.0529819130897522,0.6273415088653564,0.4128763675689697,-0.06408466398715973,0.7008136510848999,0.5517956614494324,-0.01994292065501213,0.6865746378898621,0.4727136492729187,-0.036435432732105255,0.6801497936248779,0.42438042163848877,-0.05152449756860733,0.676085352897644,0.38447606563568115,-0.062563955783844,0.7316969037055969,0.5535725951194763,-0.025052187964320183,0.7281147837638855,0.4788174033164978,-0.042218685150146484,0.726350724697113,0.43007493019104004,-0.054397329688072205,0.7239977717399597,0.39169779419898987,-0.06259933859109879,0.7634756565093994,0.5683808326721191,-0.03207359090447426,0.7689356207847595,0.5077279806137085,-0.0474732406437397,0.7697242498397827,0.46838873624801636,-0.05494355782866478,0.7684621810913086,0.43508052825927734,-0.05966738983988762,HELLO
0.7393208146095276,0.741129994392395,3.7154848087084247e-07,0.6887245178222656,0.7113364934921265,-0.01897735334932804,0.6485147476196289,0.6590332984924316,-0.027523411437869072,0.6215686798095703,0.6072909832000732,-0.03463484346866608,0.6025183796882629,0.5630425214767456,-0.04050057381391525,0.6544291377067566,0.5666483044624329,-0.007396531756967306,0.633135199546814,0.4938392639160156,-0.021294359117746353,0.6218629479408264,0.44980353116989136,-0.03398725762963295,0.6136260032653809,0.4127720296382904,-0.04285578429698944,0.6879175305366516,0.5513096451759338,-0.008112432435154915,0.6784731149673462,0.4715098738670349,-0.016954325139522552,0.6735641360282898,0.4236742854118347,-0.027066810056567192,0.6693375110626221,0.38436606526374817,-0.034775055944919586,0.721123993396759,0.5533263087272644,-0.012364676222205162,0.719192624092102,0.4805981516838074,-0.021913986653089523,0.7184767127037048,0.4365103244781494,-0.028643721714615822,0.7158805727958679,0.40051716566085815,-0.03372390940785408,0.7538023591041565,0.5695176124572754,-0.018761593848466873,0.7597993016242981,0.5157439708709717,-0.027581602334976196,0.7604180574417114,0.4821900427341461,-0.029917722567915916,0.7593973875045776,0.4536705017089844,-0.030959930270910263,HELLO
0.7399352192878723,0.7428603768348694,3.242410286929953e-07,0.6876804828643799,0.7087829113006592,-0.013423857279121876,0.647305428981781,0.6532824039459229,-0.019119376316666603,0.6220725178718567,0.602648138999939,-0.024417471140623093,0.601677417755127,0.5625045299530029,-0.028826111927628517,0.6558453440666199,0.5670264363288879,-0.004253868944942951,0.6342262029647827,0.4944816827774048,-0.016361840069293976,0.6217987537384033,0.45131927728652954,-0.02749764174222946,0.6123799085617065,0.41372042894363403,-0.0354846753180027,0.6887290477752686,0.5528826713562012,-0.007600210607051849,0.6788011193275452,0.4728737473487854,-0.015242200344800949,0.6739913821220398,0.42356565594673157,-0.024470124393701553,0.6705440878868103,0.38258594274520874,-0.03184938803315163,0.7209666967391968,0.5549997687339783,-0.01385427825152874,0.7188935279846191,0.4825635254383087,-0.022471461445093155,0.7183924913406372,0.43837738037109375,-0.02873322181403637,0.7164230346679688,0.40324100852012634,-0.033646441996097565,0.7525256276130676,0.5703547596931458,-0.02178169973194599,0.7572827339172363,0.5141174793243408,-0.029482796788215637,0.758564293384552,0.47894567251205444,-0.031146766617894173,0.7580940127372742,0.44922810792922974,-0.03198036178946495,HELLO
0.7414125204086304,0.7430403828620911,3.39570561891378e-07,0.6899412274360657,0.710566520690918,-0.015915893018245697,0.6498421430587769,0.6563282012939453,-0.02254459820687771,0.6238478422164917,0.6053426265716553,-0.028414277359843254,0.6028050184249878,0.5644744634628296,-0.03321870043873787,0.6561844944953918,0.5677645802497864,-0.00479771988466382,0.634451150894165,0.49521759152412415,-0.01714395172894001,0.6219875812530518,0.45220378041267395,-0.028733812272548676,0.6127241253852844,0.4143882691860199,-0.03709149733185768,0.6892496943473816,0.5529197454452515,-0.0069709038361907005,0.6788952350616455,0.4728441536426544,-0.014608011581003666,0.6737741827964783,0.4238276481628418,-0.024173762649297714,0.6701231598854065,0.38292792439460754,-0.0318654403090477,0.7216436266899109,0.5547404885292053,-0.012369988486170769,0.7191992998123169,0.48236915469169617,-0.02102147415280342,0.7185851335525513,0.4386112689971924,-0.027443988248705864,0.716663658618927,0.40367740392684937,-0.03253340348601341,0.7532557845115662,0.5700213313102722,-0.019704479724168777,0.7578495740890503,0.5146323442459106,-0.027438152581453323,0.759052574634552,0.4801151156425476,-0.029219329357147217,0.7587038278579712,0.4507681727409363,-0.03018985688686371,HELLO
0.7375678420066833,0.7592588663101196,3.1500408681495173e-07,0.68833988904953,0.727362871170044,-0.020225193351507187,0.6503074765205383,0.674906849861145,-0.02831207402050495,0.6252315044403076,0.6249160766601562,-0.03471877798438072,0.6033888459205627,0.5826663970947266,-0.039321769028902054,0.6588187217712402,0.5727433562278748,-0.005140890367329121,0.6374678015708923,0.5013355612754822,-0.016275398433208466,0.6244902610778809,0.45910966396331787,-0.02752024307847023,0.6146575808525085,0.4219139516353607,-0.03634816035628319,0.6922117471694946,0.5621954798698425,-0.005148803815245628,0.6832824945449829,0.48889631032943726,-0.012500695884227753,0.6787740588188171,0.4458685517311096,-0.02193494327366352,0.6748624444007874,0.41026610136032104,-0.02965686470270157,0.724523663520813,0.5695496201515198,-0.008940715342760086,0.7222672700881958,0.5045808553695679,-0.018315352499485016,0.7204961776733398,0.4662877917289734,-0.024191981181502342,0.7160875201225281,0.43481743335723877,-0.02898201160132885,0.75645911693573,0.5896735787391663,-0.015072468668222427,0.7619913816452026,0.5409581065177917,-0.02393423393368721,0.7622766494750977,0.5112340450286865,-0.026081547141075134,0.7600347995758057,0.48439091444015503,-0.027354948222637177,HELLO
0.7375397086143494,0.7641203999519348,3.236294503494719e-07,0.6890445351600647,0.7275517582893372,-0.01964055374264717,0.6513052582740784,0.6728828549385071,-0.027383364737033844,0.6259228587150574,0.6223812103271484,-0.03368164971470833,0.6020280718803406,0.5833010673522949,-0.03823143243789673,0.6589694619178772,0.5724213123321533,-0.0031701314728707075,0.6368639469146729,0.501075267791748,-0.014187523163855076,0.6237265467643738,0.458404541015625,-0.02546188421547413,0.6140104532241821,0.42095398902893066,-0.03416011482477188,0.6921476721763611,0.562996506690979,-0.0033916898537427187,0.6829071044921875,0.4883810579776764,-0.010433949530124664,0.6784011721611023,0.4437982439994812,-0.01974484510719776,0.675183117389679,0.406725138425827,-0.02728116512298584,0.7243881821632385,0.5710487961769104,-0.0075197890400886536,0.7224310636520386,0.504311203956604,-0.016271017491817474,0.721025824546814,0.4661356210708618,-0.0219972375780344,0.7177243828773499,0.43452316522598267,-0.026601366698741913,0.7563785314559937,0.5921579003334045,-0.014052214100956917,0.7615966200828552,0.5426769256591797,-0.0219380222260952,0.7612229585647583,0.5122603178024292,-0.023739727213978767,0.7584933638572693,0.48460739850997925,-0.02481384016573429,HELLO
0.7388321161270142,0.7658997774124146,3.286154424131382e-07,0.6905245184898376,0.7289527654647827,-0.020683206617832184,0.6524195671081543,0.6747086048126221,-0.02856564335525036,0.6266658902168274,0.6241118311882019,-0.034814804792404175,0.6029999852180481,0.5835707783699036,-0.039087697863578796,0.659130871295929,0.5727707743644714,-0.002453482709825039,0.636849582195282,0.5011873245239258,-0.013090813532471657,0.6235601305961609,0.4586498737335205,-0.024341585114598274,0.6138754487037659,0.420826256275177,-0.03303606063127518,0.6922693252563477,0.5632722973823547,-0.001814227201975882,0.6829777359962463,0.4884193539619446,-0.007958846166729927,0.678429126739502,0.443967342376709,-0.016794763505458832,0.6753114461898804,0.4069448411464691,-0.02414623647928238,0.7244711518287659,0.5712541341781616,-0.005297255236655474,0.7222841382026672,0.5048988461494446,-0.012958447448909283,0.7207093834877014,0.4672611355781555,-0.01795327477157116,0.7175561189651489,0.43619441986083984,-0.022205235436558723,0.7564279437065125,0.5919453501701355,-0.011413132771849632,0.7614145278930664,0.542716920375824,-0.018136009573936462,0.7610002756118774,0.5123190879821777,-0.019360648468136787,0.7587851285934448,0.4844323694705963,-0.020149605348706245,HELLO
0.7445187568664551,0.7593505382537842,3.329279536501417e-07,0.6957957744598389,0.7336751818656921,-0.016902973875403404,0.6500651240348816,0.6826795935630798,-0.026472298428416252,0.6185100078582764,0.6396601796150208,-0.03518211841583252,0.5901777744293213,0.6131958961486816,-0.0439147986471653,0.6607175469398499,0.574963390827179,-0.01322188787162304,0.6382840275764465,0.5013127326965332,-0.027991924434900284,0.6251044869422913,0.4569060802459717,-0.04151404649019241,0.6153985857963562,0.4188673496246338,-0.05140821635723114,0.6934454441070557,0.5593156814575195,-0.017676515504717827,0.6832691431045532,0.473108172416687,-0.02912641130387783,0.6778501868247986,0.4198521375656128,-0.04088931530714035,0.6744041442871094,0.37562304735183716,-0.04995540529489517,0.7263450026512146,0.5608993172645569,-0.025002527981996536,0.7263542413711548,0.47856563329696655,-0.03742529824376106,0.7251850366592407,0.42786890268325806,-0.0469449907541275,0.7235202789306641,0.38572925329208374,-0.05400922894477844,0.7596015930175781,0.5762200951576233,-0.034083425998687744,0.7676581740379333,0.5110725164413452,-0.04529969394207001,0.7704917788505554,0.4686397910118103,-0.04952787607908249,0.771878719329834,0.43033576011657715,-0.052258748561143875,HELLO
0.7435773611068726,0.759620189666748,3.2202831334871007e-07,0.6943047046661377,0.7331669330596924,-0.01658252812922001,0.6482719779014587,0.6810873746871948,-0.0254812091588974,0.6164857745170593,0.6381835341453552,-0.03360363468527794,0.5879433155059814,0.6113861203193665,-0.04177885875105858,0.661244809627533,0.5727825164794922,-0.012491443194448948,0.6382220983505249,0.4997755289077759,-0.02717595361173153,0.6245117783546448,0.4565526247024536,-0.04043960943818092,0.6142685413360596,0.41899874806404114,-0.05023949593305588,0.693943440914154,0.5581349730491638,-0.01735456846654415,0.6829948425292969,0.4719216823577881,-0.029115144163370132,0.677404522895813,0.4191206693649292,-0.04093995690345764,0.6740009784698486,0.37508219480514526,-0.050096411257982254,0.7266795039176941,0.5608607530593872,-0.025161009281873703,0.7271952629089355,0.479532927274704,-0.03854597732424736,0.7269232273101807,0.43018078804016113,-0.04792938008904457,0.7260125279426575,0.3893725275993347,-0.05472652614116669,0.7594448924064636,0.577000617980957,-0.034671783447265625,0.7673497796058655,0.5116991400718689,-0.04661933332681656,0.7712351083755493,0.47025519609451294,-0.050694167613983154,0.773597002029419,0.433074951171875,-0.05332457646727562,HELLO
0.7438624501228333,0.7598066926002502,3.128668311092042e-07,0.6940664052963257,0.7330919504165649,-0.01654057390987873,0.647747278213501,0.6805726885795593,-0.02530059590935707,0.6162157654762268,0.6371244788169861,-0.03333999216556549,0.5879387259483337,0.6091087460517883,-0.04144963249564171,0.6615127325057983,0.5732675194740295,-0.012106764130294323,0.6386205554008484,0.5007045865058899,-0.02676205523312092,0.6248149275779724,0.4575943946838379,-0.04001730680465698,0.6146000623703003,0.42008233070373535,-0.0497862733900547,0.6943482756614685,0.5583141446113586,-0.016975803300738335,0.6837055683135986,0.47172462940216064,-0.028646545484662056,0.6779937148094177,0.41867196559906006,-0.04035469889640808,0.6746019721031189,0.37457725405693054,-0.04942269250750542,0.7270927429199219,0.5607358813285828,-0.024841461330652237,0.727728009223938,0.47897446155548096,-0.03798004984855652,0.7270849347114563,0.4294816851615906,-0.04722268506884575,0.7259334325790405,0.38866329193115234,-0.05395730957388878,0.7596902251243591,0.576666533946991,-0.03445415943861008,0.7675269246101379,0.5113615989685059,-0.04610244557261467,0.7713060975074768,0.46977829933166504,-0.05006762966513634,0.7736338376998901,0.43255650997161865,-0.052670009434223175,HELLO
0.7426941990852356,0.7405742406845093,3.7581517631224415e-07,0.6897538900375366,0.7159806489944458,-0.01575668342411518,0.6394937038421631,0.6675329208374023,-0.024732548743486404,0.6017872095108032,0.6322563886642456,-0.03305881842970848,0.5695763230323792,0.6136303544044495,-0.04159097746014595,0.663619339466095,0.5481394529342651,-0.010498098097741604,0.6385282874107361,0.4782842993736267,-0.023005949333310127,0.6249489188194275,0.4366815686225891,-0.035560790449380875,0.6156058311462402,0.4011193513870239,-0.0451914519071579,0.697420060634613,0.5321078300476074,-0.0152322081848979,0.6845912337303162,0.44570788741111755,-0.024062125012278557,0.6786021590232849,0.39346155524253845,-0.03454127907752991,0.6756293773651123,0.35178619623184204,-0.04293525591492653,0.7323430180549622,0.5361531376838684,-0.022919541224837303,0.7319732308387756,0.4531249403953552,-0.03447197005152702,0.7324926853179932,0.4034785032272339,-0.04352156072854996,0.7324849963188171,0.36249351501464844,-0.050313983112573624,0.7668073177337646,0.5555744171142578,-0.03217901661992073,0.7779712677001953,0.489836722612381,-0.04355009272694588,0.7832742929458618,0.44870302081108093,-0.047439899295568466,0.7871870994567871,0.4111365079879761,-0.04980499669909477,HELLO
0.7444903254508972,0.7404401898384094,3.0941399131734215e-07,0.691083550453186,0.7146514058113098,-0.015622757375240326,0.6407546401023865,0.6675637364387512,-0.02423391304910183,0.6021165251731873,0.6334826946258545,-0.03240552544593811,0.569678544998169,0.6135154962539673,-0.04060891270637512,0.6633427739143372,0.5449835658073425,-0.007205930072814226,0.6393027901649475,0.476686954498291,-0.018853425979614258,0.6258062720298767,0.43632447719573975,-0.03129062429070473,0.6163637638092041,0.40220850706100464,-0.04089633747935295,0.6974910497665405,0.5282931923866272,-0.01194040011614561,0.6849119663238525,0.44354677200317383,-0.019808556884527206,0.6788590550422668,0.3914806544780731,-0.02987491711974144,0.6755677461624146,0.3505670130252838,-0.038147907704114914,0.7325825095176697,0.5318331122398376,-0.019949086010456085,0.7318893671035767,0.4491851031780243,-0.0306948684155941,0.7320603132247925,0.4007338583469391,-0.03977057710289955,0.7314777374267578,0.36189723014831543,-0.04676597937941551,0.7671163082122803,0.5501980781555176,-0.029673265293240547,0.7789886593818665,0.4859507083892822,-0.04021185636520386,0.7844867706298828,0.4461614787578583,-0.04418455809354782,0.7887545228004456,0.4105345606803894,-0.04687192663550377,HELLO
0.7443561553955078,0.7408106327056885,3.00511345585619e-07,0.6913142204284668,0.7147834897041321,-0.015990866348147392,0.6409183740615845,0.6673533320426941,-0.024503791704773903,0.6022109389305115,0.6334587335586548,-0.03252673149108887,0.5695269107818604,0.6135414838790894,-0.040592413395643234,0.6637056469917297,0.545157253742218,-0.007302583660930395,0.6395702362060547,0.4767335057258606,-0.019106829538941383,0.6259189248085022,0.43662720918655396,-0.031586237251758575,0.6162685751914978,0.40238720178604126,-0.04124397784471512,0.6978629231452942,0.5285447239875793,-0.01193537563085556,0.6854470372200012,0.4440149664878845,-0.02003963105380535,0.6793546676635742,0.3921525478363037,-0.030338866636157036,0.6759116649627686,0.3506656885147095,-0.03882254660129547,0.7327290177345276,0.5319215059280396,-0.01991274394094944,0.7323861718177795,0.45063263177871704,-0.030704664066433907,0.7327443361282349,0.40262162685394287,-0.03977059945464134,0.7322485446929932,0.36339691281318665,-0.04680509865283966,0.7667367458343506,0.5500220656394958,-0.029682666063308716,0.7778555750846863,0.4866662919521332,-0.03988199681043625,0.7830707430839539,0.44705694913864136,-0.04367678612470627,0.7871462106704712,0.411160945892334,-0.04640035703778267,HELLO
0.7405720949172974,0.7446234226226807,3.506851271595224e-07,0.6873016357421875,0.7180555462837219,-0.016552189365029335,0.6351463198661804,0.671442985534668,-0.02390129864215851,0.5919473171234131,0.6442682147026062,-0.03078351356089115,0.5549169778823853,0.6352495551109314,-0.03754453361034393,0.6596548557281494,0.5439887642860413,-0.00020058933296240866,0.6366704106330872,0.477262943983078,-0.007512502372264862,0.623768150806427,0.43874090909957886,-0.0180218368768692,0.6140471696853638,0.40632426738739014,-0.027065608650445938,0.6935531497001648,0.5289597511291504,-0.0040430002845823765,0.6823888421058655,0.4458507299423218,-0.007325351238250732,0.6774112582206726,0.3965880274772644,-0.01599695347249508,0.6743879914283752,0.3580285608768463,-0.02402041293680668,0.7286057472229004,0.5339770913124084,-0.01179489865899086,0.7278134822845459,0.45343321561813354,-0.01922505535185337,0.7275291085243225,0.4085536599159241,-0.02853381633758545,0.7254902720451355,0.37179869413375854,-0.036445535719394684,0.763161301612854,0.5530405640602112,-0.021579865366220474,0.7752488255500793,0.4940131604671478,-0.029590284451842308,0.7813993096351624,0.4576892852783203,-0.03370346128940582,0.7857447862625122,0.4245455861091614,-0.03732682019472122,HELLO
0.7411315441131592,0.7453556060791016,3.539622923653951e-07,0.6873290538787842,0.7177321910858154,-0.01660051941871643,0.6357401013374329,0.6709488034248352,-0.024430371820926666,0.593336284160614,0.6424145102500916,-0.032090820372104645,0.5558233261108398,0.6343116760253906,-0.03965958207845688,0.6603134274482727,0.5433619618415833,2.307295289938338e-05,0.6369882822036743,0.47776123881340027,-0.007829328067600727,0.6239483952522278,0.4398733377456665,-0.018942687660455704,0.6137067675590515,0.40760618448257446,-0.02837079018354416,0.6938340663909912,0.5278816819190979,-0.00412085372954607,0.6831356287002563,0.4443110525608063,-0.007673199754208326,0.6782997846603394,0.39473995566368103,-0.016529269516468048,0.6753954291343689,0.3558681607246399,-0.024616774171590805,0.72878098487854,0.5331647992134094,-0.012186476029455662,0.7287768125534058,0.4533763825893402,-0.019529853016138077,0.7292822003364563,0.4097045361995697,-0.028231900185346603,0.7284059524536133,0.37406694889068604,-0.03560440614819527,0.7629969120025635,0.5528611540794373,-0.022432127967476845,0.775495707988739,0.49392762780189514,-0.03018868900835514,0.7823026180267334,0.45716243982315063,-0.03363310545682907,0.7878442406654358,0.42333292961120605,-0.03662213683128357,HELLO
0.7407906651496887,0.7463904023170471,3.5683854093804257e-07,0.6871849298477173,0.7177988886833191,-0.01718190684914589,0.635253369808197,0.6708324551582336,-0.02514989860355854,0.592308521270752,0.6425924301147461,-0.03289051353931427,0.5544028878211975,0.6341820359230042,-0.040552034974098206,0.6600231528282166,0.5431116223335266,0.0002573473902884871,0.6369917988777161,0.47752320766448975,-0.007718108594417572,0.6240121126174927,0.4390627145767212,-0.01901146024465561,0.6139836311340332,0.40607404708862305,-0.02865261770784855,0.693719208240509,0.5276477932929993,-0.003733451012521982,0.6826744675636292,0.44426047801971436,-0.007643686141818762,0.6776668429374695,0.3943139910697937,-0.016838088631629944,0.6747130155563354,0.35498160123825073,-0.025172481313347816,0.728905200958252,0.5330222249031067,-0.011779003776609898,0.72907954454422,0.45322084426879883,-0.01961870864033699,0.7296953201293945,0.4089010953903198,-0.02863907627761364,0.7290133833885193,0.37271997332572937,-0.036181747913360596,0.763303279876709,0.5529477000236511,-0.02205398492515087,0.7760308980941772,0.4940141439437866,-0.030238665640354156,0.7829165458679199,0.45713359117507935,-0.03397686779499054,0.7885677218437195,0.423271119594574,-0.03718185797333717,HELLO
0.7319439649581909,0.7538951635360718,3.508007750951947e-07,0.6784980297088623,0.7240771055221558,-0.019917165860533714,0.6270551681518555,0.6773682236671448,-0.029932543635368347,0.5827301144599915,0.6525532007217407,-0.03929542005062103,0.5428732633590698,0.6426288485527039,-0.048489876091480255,0.6568502187728882,0.5494582653045654,-0.0024379370734095573,0.6349912285804749,0.483146995306015,-0.011696039699018002,0.6222258806228638,0.4463749825954437,-0.023701775819063187,0.6115738153457642,0.41433191299438477,-0.033585477620363235,0.6917057037353516,0.5373153686523438,-0.005713657476007938,0.6819026470184326,0.4549306631088257,-0.01045448612421751,0.6771595478057861,0.4068482518196106,-0.019933650270104408,0.6741617918014526,0.3681454658508301,-0.028493013232946396,0.7269277572631836,0.5453486442565918,-0.01341584138572216,0.7293740510940552,0.4678059220314026,-0.0220900047570467,0.7307886481285095,0.424899160861969,-0.0305599644780159,0.7302093505859375,0.388680100440979,-0.03755790740251541,0.7609379887580872,0.5671562552452087,-0.023583369329571724,0.7717936635017395,0.5081885457038879,-0.0316118486225605,0.778110921382904,0.47203218936920166,-0.03435472026467323,0.7826557755470276,0.43750905990600586,-0.036955542862415314,HELLO
0.7315123677253723,0.7532393336296082,3.2552443940403464e-07,0.6773319244384766,0.7237293124198914,-0.015000386163592339,0.6256883144378662,0.6752141714096069,-0.02255983278155327,0.5827277898788452,0.6487123370170593,-0.03014710731804371,0.5445238947868347,0.6401597857475281,-0.03780490532517433,0.6561787128448486,0.549593448638916,5.3223400755086914e-05,0.6331767439842224,0.48283690214157104,-0.007313392590731382,0.6203466057777405,0.44619977474212646,-0.017782947048544884,0.6093840599060059,0.4145297408103943,-0.026763761416077614,0.6914606690406799,0.5364048480987549,-0.005126808770000935,0.682165801525116,0.4536483883857727,-0.007607538253068924,0.6771786212921143,0.4064168632030487,-0.015697669237852097,0.6729931235313416,0.36965644359588623,-0.023477405309677124,0.7270543575286865,0.5447084903717041,-0.014035211876034737,0.7296000123023987,0.46675851941108704,-0.019881078973412514,0.730204701423645,0.4245379567146301,-0.027106361463665962,0.728632390499115,0.38905298709869385,-0.03383756801486015,0.7609028220176697,0.5670284032821655,-0.02504371665418148,0.7720562219619751,0.5086545944213867,-0.031234389171004295,0.77762770652771,0.4723789691925049,-0.033174946904182434,0.7815344333648682,0.437757670879364,-0.0354110486805439,HELLO
0.7314982414245605,0.7533171772956848,3.232248957374395e-07,0.677204430103302,0.7235312461853027,-0.0154055655002594,0.6256129145622253,0.6750627756118774,-0.023407472297549248,0.582590639591217,0.6483211517333984,-0.0314016155898571,0.544218122959137,0.6393643617630005,-0.03945796564221382,0.6563606858253479,0.5496789813041687,-0.0004228255420457572,0.6338326334953308,0.48281458020210266,-0.00820570345968008,0.6210178732872009,0.4462983012199402,-0.019027529284358025,0.6098465919494629,0.41488415002822876,-0.028212493285536766,0.6916412711143494,0.5367099046707153,-0.005500428378582001,0.6827712059020996,0.45381397008895874,-0.008337735198438168,0.6778081655502319,0.40675246715545654,-0.016718294471502304,0.6735455393791199,0.3696710467338562,-0.024687668308615685,0.7271961569786072,0.5449353456497192,-0.014326327480375767,0.7297239303588867,0.46664556860923767,-0.02037915401160717,0.730337917804718,0.42422711849212646,-0.027647271752357483,0.7288681864738464,0.3884545564651489,-0.03440471366047859,0.7610408067703247,0.5672017335891724,-0.025279778987169266,0.772067129611969,0.5086981654167175,-0.031415410339832306,0.7776533365249634,0.4724382162094116,-0.033198852092027664,0.781600296497345,0.43784859776496887,-0.03533605858683586,HELLO
0.7250725030899048,0.7635976076126099,3.4797969306055165e-07,0.669692873954773,0.7332760691642761,-0.018544873222708702,0.6204497218132019,0.6854982376098633,-0.029599150642752647,0.5770174264907837,0.6551598310470581,-0.04038781672716141,0.5376941561698914,0.6395860910415649,-0.05122298002243042,0.6503046154975891,0.5565741658210754,-0.0034100853372365236,0.6287149786949158,0.4890780448913574,-0.013760097324848175,0.6160457730293274,0.4495740532875061,-0.02648029290139675,0.6069324016571045,0.41641873121261597,-0.03676832094788551,0.6863349080085754,0.5423848628997803,-0.007921764627099037,0.6779141426086426,0.4588606357574463,-0.014016116969287395,0.6735422015190125,0.4087040424346924,-0.024491285905241966,0.6712278723716736,0.3691520392894745,-0.033609434962272644,0.7220224142074585,0.5481985211372375,-0.016558542847633362,0.7243480086326599,0.46758371591567993,-0.026122955605387688,0.7247356176376343,0.421772837638855,-0.03571484237909317,0.7236789464950562,0.38394075632095337,-0.043575942516326904,0.7559607625007629,0.5684602856636047,-0.027427515015006065,0.7678960561752319,0.5075116157531738,-0.036739036440849304,0.7743017673492432,0.47014307975769043,-0.0406404584646225,0.7790223360061646,0.43611931800842285,-0.043879907578229904,HELLO
0.7233452200889587,0.7668875455856323,3.293850454610947e-07,0.6685580015182495,0.7348150014877319,-0.0162814911454916,0.6193379163742065,0.6853967308998108,-0.02616153284907341,0.5770004391670227,0.6539159417152405,-0.03632642328739166,0.5381568074226379,0.638412594795227,-0.0467163510620594,0.6514670252799988,0.5576511025428772,-0.0008463169215247035,0.6279006004333496,0.490215003490448,-0.01062288973480463,0.6147222518920898,0.45125845074653625,-0.023075828328728676,0.6055501103401184,0.41735273599624634,-0.0333227813243866,0.6869068741798401,0.5433522462844849,-0.006592524703592062,0.6772764325141907,0.4583926200866699,-0.012277265079319477,0.672096312046051,0.4077480435371399,-0.022702664136886597,0.6690494418144226,0.3673909306526184,-0.03196531906723976,0.7219440340995789,0.549510657787323,-0.016374604776501656,0.7245728373527527,0.4686269164085388,-0.025533122941851616,0.7246367335319519,0.4226537346839905,-0.03517333045601845,0.722964882850647,0.384132444858551,-0.04328096657991409,0.7552564144134521,0.5701292157173157,-0.028259174898266792,0.76746666431427,0.5081833600997925,-0.037422508001327515,0.7738282084465027,0.47002115845680237,-0.04137630760669708,0.7779936790466309,0.43443334102630615,-0.0448421910405159,HELLO
0.7251481413841248,0.7673839926719666,3.295426722615957e-07,0.669954240322113,0.7341963648796082,-0.016537239775061607,0.6199113130569458,0.6847203969955444,-0.026454264298081398,0.5775951147079468,0.6527369022369385,-0.03660479560494423,0.5386595726013184,0.6373162269592285,-0.04686461761593819,0.6507936120033264,0.5568661689758301,-7.78247049311176e-05,0.6274003982543945,0.4896372854709625,-0.00963522493839264,0.6145446300506592,0.45093005895614624,-0.022039253264665604,0.6056748032569885,0.4171983003616333,-0.03216852992773056,0.6862570643424988,0.5422942042350769,-0.005456713959574699,0.6774281859397888,0.457897424697876,-0.01066727377474308,0.672870934009552,0.40760520100593567,-0.020641742274165154,0.6703844666481018,0.36786866188049316,-0.029575541615486145,0.7213519811630249,0.5483222603797913,-0.015009503811597824,0.7243120074272156,0.4680594801902771,-0.023462381213903427,0.7248296737670898,0.4225992262363434,-0.03247949108481407,0.7237240076065063,0.3846183717250824,-0.04018957167863846,0.754815936088562,0.5685698986053467,-0.026787081733345985,0.7668445110321045,0.5069417953491211,-0.034955572336912155,0.7729053497314453,0.4687342047691345,-0.03834792971611023,0.7771447896957397,0.4327707290649414,-0.04148758947849274,HELLO
0.7242739796638489,0.7594946026802063,3.378783901553106e-07,0.6698166728019714,0.7316974401473999,-0.017960596829652786,0.6173199415206909,0.6826679706573486,-0.028967130929231644,0.5728715658187866,0.6522319316864014,-0.03965546563267708,0.5331485271453857,0.6370168328285217,-0.050259485840797424,0.6442267894744873,0.5552018880844116,-0.004632061813026667,0.6213700771331787,0.48735854029655457,-0.015414525754749775,0.6081819534301758,0.44902390241622925,-0.028587203472852707,0.5978213548660278,0.4160357117652893,-0.03919552266597748,0.6775234937667847,0.5382502675056458,-0.009227781556546688,0.6653681397438049,0.4509795308113098,-0.0153655419126153,0.6598765254020691,0.3991703987121582,-0.02562774159014225,0.6563646793365479,0.3582245111465454,-0.034774281084537506,0.7124553918838501,0.5419045686721802,-0.017734164372086525,0.7115632891654968,0.4574400782585144,-0.026458995416760445,0.710655689239502,0.4087360203266144,-0.03603914752602577,0.7076029181480408,0.3677345812320709,-0.04438077658414841,0.7482882738113403,0.5603185296058655,-0.028452575206756592,0.7602388262748718,0.49559229612350464,-0.03693012520670891,0.7654039859771729,0.45353150367736816,-0.04090122878551483,0.7680837512016296,0.4142548441886902,-0.044584307819604874,HELLO
0.72483229637146,0.7585607767105103,3.240386377001414e-07,0.6698009967803955,0.7313433289527893,-0.017536792904138565,0.6164446473121643,0.6819579601287842,-0.027349397540092468,0.5721168518066406,0.6501878499984741,-0.03694557026028633,0.5323167443275452,0.6352585554122925,-0.04646293446421623,0.6445139050483704,0.5518168807029724,-0.002389821456745267,0.6222668886184692,0.4863241910934448,-0.012340128421783447,0.6093807220458984,0.44833043217658997,-0.025213902816176414,0.5991981029510498,0.4158663749694824,-0.03577215224504471,0.678071141242981,0.5349568128585815,-0.007192846853286028,0.6667791604995728,0.44887813925743103,-0.012862485833466053,0.660679280757904,0.39706552028656006,-0.022711971774697304,0.6562104225158691,0.35668936371803284,-0.031506724655628204,0.7130382061004639,0.5391653180122375,-0.016058173030614853,0.7130553126335144,0.45512911677360535,-0.024909252300858498,0.7121559381484985,0.4089004397392273,-0.03357386961579323,0.7091357111930847,0.370610773563385,-0.040997084230184555,0.7482028007507324,0.5583818554878235,-0.027208790183067322,0.760057806968689,0.4938260316848755,-0.035851750522851944,0.765155553817749,0.45281127095222473,-0.03933068737387657,0.768008291721344,0.414451003074646,-0.04250016435980797,HELLO
0.7247138619422913,0.7586155533790588,3.183237424764229e-07,0.6696868538856506,0.7311001420021057,-0.017663199454545975,0.6166117787361145,0.6820554137229919,-0.027808470651507378,0.5725391507148743,0.6507844924926758,-0.03780754283070564,0.5328672528266907,0.63588947057724,-0.047761280089616776,0.6446753740310669,0.5515877604484558,-0.0025781774893403053,0.6225878596305847,0.4862811863422394,-0.013127689249813557,0.6096348166465759,0.4483907222747803,-0.026502681896090508,0.5992104411125183,0.41601666808128357,-0.037365756928920746,0.6781463623046875,0.5346917510032654,-0.007523964624851942,0.6669614911079407,0.44901376962661743,-0.013809669762849808,0.6607975363731384,0.39747509360313416,-0.024100633338093758,0.6561220288276672,0.35702526569366455,-0.033157214522361755,0.7130287885665894,0.5389461517333984,-0.016563130542635918,0.7130182981491089,0.4552621841430664,-0.02584766037762165,0.7121475338935852,0.40913787484169006,-0.03463089093565941,0.7091332077980042,0.3708309531211853,-0.04206047207117081,0.7482879757881165,0.5583974719047546,-0.027914969250559807,0.7603005170822144,0.4936387240886688,-0.03672204911708832,0.765168309211731,0.4523462653160095,-0.04018762707710266,0.7676138281822205,0.41369694471359253,-0.04331196844577789,HELLO
0.7190829515457153,0.7527262568473816,3.245557707032276e-07,0.6633062958717346,0.7254944443702698,-0.01606176421046257,0.6108168959617615,0.6766840219497681,-0.025963924825191498,0.5665671825408936,0.6464974880218506,-0.03586163744330406,0.527855396270752,0.6335854530334473,-0.046161770820617676,0.6399259567260742,0.5497338771820068,-0.004287188407033682,0.617887020111084,0.48285388946533203,-0.015217489562928677,0.6045329570770264,0.4452659487724304,-0.028102276846766472,0.5936103463172913,0.41290926933288574,-0.03843007609248161,0.6746119260787964,0.5328155755996704,-0.009865643456578255,0.6639332175254822,0.4452587962150574,-0.016246626153588295,0.6580418944358826,0.3932158946990967,-0.025953298434615135,0.6535581946372986,0.352394700050354,-0.03463950380682945,0.7100322246551514,0.5368527770042419,-0.01919136568903923,0.7095357179641724,0.45177996158599854,-0.028524689376354218,0.7074042558670044,0.4031614065170288,-0.037232886999845505,0.7029761075973511,0.3624909222126007,-0.044787272810935974,0.7448781728744507,0.5556498169898987,-0.03051174245774746,0.7567739486694336,0.4901365339756012,-0.03975597396492958,0.7620786428451538,0.44870054721832275,-0.0431663952767849,0.7649332284927368,0.410228431224823,-0.04624955728650093,HELLO
0.7186183929443359,0.7515838742256165,3.1717564752398175e-07,0.6632099747657776,0.7249654531478882,-0.016043037176132202,0.610170304775238,0.677094578742981,-0.025498872622847557,0.5659008622169495,0.6472764611244202,-0.034951239824295044,0.5271311402320862,0.6338585615158081,-0.04461875185370445,0.639447033405304,0.5483496785163879,-0.0030929860658943653,0.6168134212493896,0.48180174827575684,-0.01353159174323082,0.6035701036453247,0.4446384906768799,-0.026139061897993088,0.5932062268257141,0.41234639286994934,-0.0362648107111454,0.6740788221359253,0.5316187143325806,-0.008601346984505653,0.662587583065033,0.4453418254852295,-0.014901034533977509,0.6567618250846863,0.3930862545967102,-0.024364693090319633,0.6527080535888672,0.3523966073989868,-0.0326436385512352,0.7097209095954895,0.5363016724586487,-0.018037956207990646,0.7098860144615173,0.4527391791343689,-0.027710890397429466,0.7090439796447754,0.40427708625793457,-0.036446355283260345,0.7062094211578369,0.3638049364089966,-0.04361136630177498,0.7449269890785217,0.5556527972221375,-0.029495233669877052,0.75733882188797,0.4901157021522522,-0.0390012264251709,0.762604296207428,0.4488447308540344,-0.042602818459272385,0.7654257416725159,0.41019853949546814,-0.04562094062566757,HELLO
0.7147272229194641,0.7575544714927673,3.1215222406899557e-07,0.6589741110801697,0.7305361032485962,-0.016469407826662064,0.6055091023445129,0.6812055110931396,-0.024967556819319725,0.5610858798027039,0.6548948287963867,-0.03325527161359787,0.5229502320289612,0.6443939208984375,-0.04197127744555473,0.6343308687210083,0.5533071160316467,-0.003925542812794447,0.6115807890892029,0.487578809261322,-0.013725461438298225,0.5985634922981262,0.45011287927627563,-0.025751406326889992,0.5882957577705383,0.41878193616867065,-0.03552555665373802,0.6690045595169067,0.5370479822158813,-0.00905601680278778,0.6581665873527527,0.4516395330429077,-0.015364772640168667,0.6525259017944336,0.4007558822631836,-0.02544068731367588,0.6486483812332153,0.3608136773109436,-0.0341922789812088,0.7046326994895935,0.5415211319923401,-0.018004123121500015,0.7058462500572205,0.4593781530857086,-0.02825537882745266,0.7053752541542053,0.41261953115463257,-0.03869973495602608,0.7032544612884521,0.3729267418384552,-0.046950727701187134,0.7396669983863831,0.5607618093490601,-0.028816835954785347,0.7526407837867737,0.4956349730491638,-0.038945719599723816,0.7596080303192139,0.4547319710254669,-0.04369569942355156,0.7645965814590454,0.41584309935569763,-0.04760031774640083,HELLO
0.711803674697876,0.7647701501846313,3.378196709036274e-07,0.6573124527931213,0.7349402904510498,-0.016207318753004074,0.6042962074279785,0.6825006604194641,-0.025538884103298187,0.5584507584571838,0.6513720750808716,-0.035024963319301605,0.5193445086479187,0.6401177644729614,-0.04488508030772209,0.6336725950241089,0.5585882067680359,-0.0041290950030088425,0.6108740568161011,0.4899470806121826,-0.015853656455874443,0.5967026352882385,0.44937705993652344,-0.029335198923945427,0.5852668881416321,0.414709210395813,-0.04023853316903114,0.6677853465080261,0.5420253872871399,-0.010237676091492176,0.655550479888916,0.4531078338623047,-0.018234284594655037,0.6486486196517944,0.3980942964553833,-0.029136409983038902,0.6431283354759216,0.35387086868286133,-0.03834843263030052,0.703489363193512,0.5469178557395935,-0.020127395167946815,0.7026674151420593,0.4593818783760071,-0.031244048848748207,0.7017375826835632,0.4091797471046448,-0.04097622260451317,0.6990410685539246,0.36743083596229553,-0.048764146864414215,0.7389905452728271,0.5672275424003601,-0.03199263662099838,0.752198338508606,0.5002599358558655,-0.04291202872991562,0.7590618133544922,0.4566214382648468,-0.04741697758436203,0.7637132406234741,0.4165049195289612,-0.05102252587676048,HELLO
0.7123382687568665,0.7657259106636047,3.255190961226617e-07,0.6565378308296204,0.7348901629447937,-0.015073017217218876,0.6034795641899109,0.6825292706489563,-0.023988716304302216,0.5582985281944275,0.6501647233963013,-0.033368777483701706,0.5197502374649048,0.638475775718689,-0.043121498078107834,0.6335298418998718,0.558796226978302,-0.002272058045491576,0.6105867624282837,0.48910677433013916,-0.013712632469832897,0.5966504812240601,0.44865021109580994,-0.027267025783658028,0.5852978825569153,0.4136180877685547,-0.03829620033502579,0.667960524559021,0.5419784188270569,-0.009004021063446999,0.6555055975914001,0.4524077773094177,-0.0165005661547184,0.6486689448356628,0.3976418972015381,-0.027613768354058266,0.6432573795318604,0.35350775718688965,-0.0372697189450264,0.703665554523468,0.546796441078186,-0.01949409954249859,0.7029892206192017,0.45910343527793884,-0.029752399772405624,0.7019670605659485,0.4088423252105713,-0.039361100643873215,0.6992133259773254,0.3671373128890991,-0.0474659688770771,0.7392052412033081,0.566879153251648,-0.031963832676410675,0.7523841857910156,0.5001775026321411,-0.04193343222141266,0.7588834166526794,0.45684099197387695,-0.046038683503866196,0.7632344365119934,0.41663670539855957,-0.04968193545937538,HELLO
0.7122607827186584,0.7653791904449463,3.221055635549419e-07,0.6566376090049744,0.7346622943878174,-0.01504429429769516,0.6036300659179688,0.6824365258216858,-0.024059101939201355,0.5587896108627319,0.6497983932495117,-0.03353511542081833,0.5203902721405029,0.6383464932441711,-0.04340748488903046,0.6335302591323853,0.5587049126625061,-0.002703178906813264,0.610496997833252,0.4891663193702698,-0.014417571946978569,0.5965830683708191,0.44880911707878113,-0.02808370627462864,0.585294246673584,0.41409629583358765,-0.03909881040453911,0.6679337620735168,0.5417654514312744,-0.009463808499276638,0.6555922627449036,0.451755166053772,-0.017166461795568466,0.6487249135971069,0.39688241481781006,-0.028263596817851067,0.6432554721832275,0.35258883237838745,-0.03785288706421852,0.703612744808197,0.5464195609092712,-0.019950227811932564,0.7029778361320496,0.4582975506782532,-0.03031759150326252,0.7019495964050293,0.40788447856903076,-0.039815954864025116,0.6992737650871277,0.36611342430114746,-0.04780544713139534,0.7391077876091003,0.5664663314819336,-0.03240980952978134,0.752408504486084,0.49965614080429077,-0.04232366010546684,0.7592236995697021,0.45638054609298706,-0.04624268040060997,0.7639216780662537,0.41635817289352417,-0.04972480237483978,HELLO
0.7128638625144958,0.7570696473121643,2.9887877417422715e-07,0.6628262400627136,0.7271560430526733,-0.01733812503516674,0.6163846850395203,0.6774082779884338,-0.026626883074641228,0.583855152130127,0.6400882005691528,-0.03571169078350067,0.5546489357948303,0.6187263131141663,-0.045202333480119705,0.6320358514785767,0.5522873401641846,-0.008556647226214409,0.6104815006256104,0.48576870560646057,-0.02331712283194065,0.5970714688301086,0.44496604800224304,-0.03872410207986832,0.5856500267982483,0.40978217124938965,-0.05043525993824005,0.6672616004943848,0.5348293781280518,-0.014256981201469898,0.6584242582321167,0.4463247060775757,-0.025001611560583115,0.6532770395278931,0.3917508125305176,-0.03814977407455444,0.6492959260940552,0.34696197509765625,-0.04866398125886917,0.7023037075996399,0.5395340323448181,-0.023514488711953163,0.7046303749084473,0.4581953287124634,-0.036231689155101776,0.7049875855445862,0.4082319140434265,-0.04747357219457626,0.7035512328147888,0.3663588762283325,-0.05606750026345253,0.7362082004547119,0.561206042766571,-0.03483876958489418,0.7490107417106628,0.4980146884918213,-0.04633566737174988,0.7549683451652527,0.4568619728088379,-0.0510297492146492,0.7586743831634521,0.4190922677516937,-0.05456671118736267,HELLO
0.7125517725944519,0.7583866119384766,2.979612929721043e-07,0.6616920232772827,0.7292892932891846,-0.01758570782840252,0.6171882152557373,0.6783258318901062,-0.027281614020466805,0.5855720043182373,0.6409880518913269,-0.036581750959157944,0.5568994283676147,0.6187493801116943,-0.04630134254693985,0.633594274520874,0.5525741577148438,-0.008637670427560806,0.6125900745391846,0.4843026399612427,-0.0229298397898674,0.5995352268218994,0.4433176517486572,-0.0381397046148777,0.5883775949478149,0.4080374240875244,-0.04974375292658806,0.6684253215789795,0.5368050932884216,-0.014274329878389835,0.6588761806488037,0.44860124588012695,-0.02513306587934494,0.6528016924858093,0.39447540044784546,-0.038897451013326645,0.6475139260292053,0.34941399097442627,-0.049858614802360535,0.7024803757667542,0.5419896245002747,-0.023392101749777794,0.7038952708244324,0.45908504724502563,-0.036107778549194336,0.7025936841964722,0.4082890450954437,-0.048102833330631256,0.6994407773017883,0.36535024642944336,-0.05736786499619484,0.7353783845901489,0.5635075569152832,-0.034481827169656754,0.7472892999649048,0.4989663064479828,-0.04597161337733269,0.7523183822631836,0.457378625869751,-0.051021650433540344,0.7552607655525208,0.4188462793827057,-0.05492984130978584,HELLO
0.7125300765037537,0.7603565454483032,2.9378421118053666e-07,0.6614535450935364,0.7308497428894043,-0.0166839137673378,0.6170957684516907,0.6788504719734192,-0.0256073996424675,0.5856007933616638,0.6410934329032898,-0.03430807963013649,0.5569714903831482,0.6188673377037048,-0.043439287692308426,0.6337817311286926,0.5539025664329529,-0.006944569759070873,0.6126584410667419,0.485041081905365,-0.020611045882105827,0.5996291041374207,0.44368046522140503,-0.035347145050764084,0.5885987877845764,0.4082350432872772,-0.04661998525261879,0.6686521172523499,0.5384253859519958,-0.012746909633278847,0.6594848036766052,0.4501110315322876,-0.023058196529746056,0.6539047956466675,0.3959006369113922,-0.03639163449406624,0.6491290330886841,0.3512026071548462,-0.04699071869254112,0.7027250528335571,0.5435436964035034,-0.022031664848327637,0.7038589715957642,0.46099549531936646,-0.03415697067975998,0.7026379704475403,0.40984976291656494,-0.04581445828080177,0.6996296644210815,0.36673906445503235,-0.054815180599689484,0.735562801361084,0.5645721554756165,-0.033262044191360474,0.7466825246810913,0.4998409152030945,-0.0441594235599041,0.7511953711509705,0.4585077166557312,-0.04889170825481415,0.7537327408790588,0.42048364877700806,-0.05256693437695503,HELLO
0.7107402086257935,0.7693156003952026,1.0006812090068706e-07,0.6584101319313049,0.724689245223999,-0.011867452412843704,0.6198732852935791,0.6617953181266785,-0.015297306701540947,0.5949068665504456,0.6097360849380493,-0.019726112484931946,0.5734003186225891,0.5728487372398376,-0.02276567369699478,0.6287736892700195,0.5687864422798157,0.009449750185012817,0.610973596572876,0.4916585683822632,0.0005550973583012819,0.6002534031867981,0.4439626932144165,-0.011178973130881786,0.5911642909049988,0.40342921018600464,-0.020930927246809006,0.6622304320335388,0.561733603477478,0.006603690795600414,0.6570295691490173,0.4883187413215637,-0.002899571554735303,0.6571788787841797,0.4676911234855652,-0.01309776771813631,0.6548601984977722,0.4604945778846741,-0.02001132257282734,0.6948384046554565,0.5687720775604248,0.00035879091592505574,0.6948179006576538,0.5007156133651733,-0.008638412691652775,0.6914783716201782,0.48256826400756836,-0.01067898329347372,0.6862813830375671,0.48150745034217834,-0.011669665575027466,0.7279245853424072,0.5863085985183716,-0.008057308383286,0.7303497791290283,0.529629647731781,-0.014081413857638836,0.7278515100479126,0.5140655636787415,-0.012641118839383125,0.7248808145523071,0.5129987597465515,-0.01111587043851614,HELLO
0.7071958780288696,0.7606600522994995,1.4421183891499822e-07,0.656950831413269,0.7193295955657959,-0.01201078575104475,0.6186583042144775,0.6583871841430664,-0.016154088079929352,0.5937559604644775,0.6072993874549866,-0.02087971195578575,0.5729114413261414,0.5723322033882141,-0.024467647075653076,0.6281754374504089,0.5666225552558899,0.005232782103121281,0.610234797000885,0.4916498363018036,-0.004716179333627224,0.5995493531227112,0.44406986236572266,-0.016515467315912247,0.5907596945762634,0.40473371744155884,-0.026157069951295853,0.6608689427375793,0.5612223744392395,0.0025790249928832054,0.6546227335929871,0.4905884563922882,-0.009118362329900265,0.6550053954124451,0.4705229103565216,-0.019830327481031418,0.6536003947257996,0.4658932685852051,-0.026400582864880562,0.693219006061554,0.5693551898002625,-0.0030352501198649406,0.6898902058601379,0.5021702647209167,-0.013400807976722717,0.6887710690498352,0.48274287581443787,-0.015598112717270851,0.6855325698852539,0.48111677169799805,-0.016240278258919716,0.7262857556343079,0.5881819128990173,-0.010598219931125641,0.7276450395584106,0.5331839919090271,-0.018552692607045174,0.7275450825691223,0.5131051540374756,-0.01844085194170475,0.7260499596595764,0.5069183111190796,-0.01739884540438652,HELLO
0.706707239151001,0.7605969905853271,1.919943741768293e-07,0.6570217609405518,0.7197335362434387,-0.01188723836094141,0.6183654069900513,0.6591756343841553,-0.015395907685160637,0.5932106971740723,0.6088668704032898,-0.019046930596232414,0.5725597739219666,0.5729488134384155,-0.0215118657797575,0.6276236772537231,0.5686767101287842,0.005256181117147207,0.6102319359779358,0.4943898320198059,-0.0038876598700881004,0.59979248046875,0.4464980363845825,-0.014912087470293045,0.5909149050712585,0.40638217329978943,-0.024231240153312683,0.6601307988166809,0.5638887286186218,0.0030940943397581577,0.654407799243927,0.49686747789382935,-0.005763724446296692,0.6552238464355469,0.4689498841762543,-0.015266403555870056,0.6543387770652771,0.45294004678726196,-0.02223191037774086,0.6920965909957886,0.5734593272209167,-0.0021738249342888594,0.6895405650138855,0.5115677118301392,-0.011029839515686035,0.6886199116706848,0.4846484065055847,-0.01341653149574995,0.6853262186050415,0.47131967544555664,-0.01520647294819355,0.7249241471290588,0.5934183597564697,-0.00931511353701353,0.7269890308380127,0.5432055592536926,-0.01681777648627758,0.7279646396636963,0.5187720656394958,-0.01710381917655468,0.7272226810455322,0.503318190574646,-0.016928356140851974,HELLO
0.7037298679351807,0.7613639831542969,-1.866885384060879e-07,0.6580581068992615,0.7230639457702637,-0.010948333889245987,0.6204381585121155,0.6558246612548828,-0.014940888620913029,0.6067724227905273,0.5902644991874695,-0.022304018959403038,0.6028513312339783,0.5377074480056763,-0.028839940205216408,0.6139501333236694,0.584999144077301,0.01108216866850853,0.5914594531059265,0.513574481010437,-0.006042739376425743,0.5782780051231384,0.47248318791389465,-0.01784835010766983,0.5692786574363708,0.43333423137664795,-0.025997813791036606,0.6452798843383789,0.5771717429161072,0.004484878852963448,0.6279787421226501,0.5251167416572571,-0.027070065960288048,0.6330885291099548,0.5760201215744019,-0.03705635294318199,0.6419410705566406,0.6091223955154419,-0.0344872884452343,0.6773847341537476,0.5785842537879944,-0.005757225677371025,0.6588784456253052,0.5384973883628845,-0.03547006845474243,0.6610130071640015,0.5917495489120483,-0.028723355382680893,0.6686273813247681,0.6199535131454468,-0.01492873765528202,0.7102681994438171,0.5884524583816528,-0.017551032826304436,0.6893199682235718,0.5548309087753296,-0.03265486657619476,0.6851409077644348,0.594129741191864,-0.023221543058753014,0.6904910206794739,0.6188079714775085,-0.011493783444166183,HELLO
0.7028616666793823,0.7539064884185791,-1.5365286287760682e-07,0.658764660358429,0.7197036743164062,-0.010862288065254688,0.6209937334060669,0.6554123163223267,-0.014788651838898659,0.6076463460922241,0.5924458503723145,-0.021794309839606285,0.6046775579452515,0.5434773564338684,-0.028152499347925186,0.6141929626464844,0.5844495892524719,0.007685748394578695,0.5904355645179749,0.5133115649223328,-0.007602581288665533,0.5772354602813721,0.4699913263320923,-0.018572155386209488,0.5670112371444702,0.4304927885532379,-0.026623127982020378,0.6445539593696594,0.5774572491645813,0.0013688646722584963,0.6296002864837646,0.5276309847831726,-0.02891230769455433,0.63643878698349,0.5760342478752136,-0.03863174095749855,0.6452028751373291,0.6120567321777344,-0.03634496405720711,0.6761651635169983,0.5795223712921143,-0.007989300414919853,0.6597561240196228,0.5378208160400391,-0.03619531914591789,0.6631974577903748,0.5885672569274902,-0.029617372900247574,0.6705814003944397,0.6198720335960388,-0.016616983339190483,0.7093714475631714,0.5900607705116272,-0.01881137117743492,0.6915399432182312,0.5534708499908447,-0.03413580730557442,0.6877595782279968,0.592312216758728,-0.025202784687280655,0.692482590675354,0.620096743106842,-0.013949403539299965,HELLO
0.7010776400566101,0.7504373788833618,-1.4533186742937687e-07,0.6569182276725769,0.7158792018890381,-0.010122864507138729,0.620356559753418,0.6523755192756653,-0.013823566026985645,0.6078686714172363,0.5903249382972717,-0.0206235870718956,0.6054003238677979,0.54217928647995,-0.026755142956972122,0.6141563653945923,0.5831536054611206,0.007507903501391411,0.5901730060577393,0.5129923820495605,-0.007540336810052395,0.5768836140632629,0.46952882409095764,-0.018315769731998444,0.5668213963508606,0.4303233325481415,-0.026112167164683342,0.6441716551780701,0.5763835310935974,0.0009606292587704957,0.6287536025047302,0.525696873664856,-0.028548303991556168,0.6343094110488892,0.5726603865623474,-0.037955038249492645,0.6428145170211792,0.6091578006744385,-0.035499751567840576,0.6754962205886841,0.578801691532135,-0.00848471000790596,0.6594005227088928,0.5375482439994812,-0.03579679876565933,0.661885678768158,0.5867694616317749,-0.029366571456193924,0.6691840291023254,0.6184277534484863,-0.01653747446835041,0.7085705399513245,0.5895201563835144,-0.01934375986456871,0.6911576390266418,0.5523785948753357,-0.0338483601808548,0.6865459084510803,0.5896730422973633,-0.024898329749703407,0.6908718347549438,0.6175408959388733,-0.013694098219275475,HELLO
0.6864936351776123,0.7552609443664551,-6.870288871141383e-08,0.6442956924438477,0.717848002910614,-0.01683901995420456,0.6095227003097534,0.656133770942688,-0.025720400735735893,0.6011424660682678,0.5918974280357361,-0.0367652103304863,0.6060826182365417,0.5372437238693237,-0.04679672047495842,0.6010400652885437,0.5886196494102478,7.144941628212109e-05,0.5758744478225708,0.5162649154663086,-0.01977154240012169,0.5605294704437256,0.47255921363830566,-0.031689874827861786,0.5500959157943726,0.43153107166290283,-0.03977019339799881,0.6330068707466125,0.5819826126098633,-0.005655703600496054,0.6187108159065247,0.5266711115837097,-0.039947282522916794,0.6238588094711304,0.5819386839866638,-0.04805382341146469,0.63276207447052,0.6136798858642578,-0.0432930588722229,0.6662014126777649,0.5871546268463135,-0.015211647376418114,0.6506320238113403,0.5488189458847046,-0.04785148799419403,0.6512321829795837,0.6056467890739441,-0.038697730749845505,0.6577660441398621,0.6298759579658508,-0.022369716316461563,0.6996855735778809,0.6017212271690369,-0.026716291904449463,0.6814742684364319,0.5677887201309204,-0.043198514729738235,0.6764875650405884,0.6078999042510986,-0.03148236870765686,0.680804431438446,0.6294776797294617,-0.01757831685245037,HELLO
0.6871833205223083,0.7559623122215271,-1.2564495932565478e-07,0.644150972366333,0.7170997262001038,-0.014267181046307087,0.6086969971656799,0.6544218063354492,-0.021291544660925865,0.599021852016449,0.5914371013641357,-0.031062647700309753,0.6051115989685059,0.5384988188743591,-0.039836183190345764,0.6014079451560974,0.5865604877471924,0.004779876209795475,0.576088011264801,0.515496015548706,-0.013781111687421799,0.560795783996582,0.4729112982749939,-0.025278311222791672,0.5502111315727234,0.43257492780685425,-0.03316500782966614,0.6326189041137695,0.5809967517852783,-0.0017100943950936198,0.6173545718193054,0.5266947150230408,-0.034894075244665146,0.620424211025238,0.5820490717887878,-0.04326971247792244,0.6285603642463684,0.6152320504188538,-0.03876953944563866,0.6652259230613708,0.5870566368103027,-0.011887392960488796,0.6486930251121521,0.5479108095169067,-0.04385300353169441,0.6484647989273071,0.6053637266159058,-0.03539145365357399,0.6557897925376892,0.631622850894928,-0.019595833495259285,0.6985976696014404,0.6031789183616638,-0.023790379986166954,0.6796274781227112,0.5688946843147278,-0.04027611017227173,0.6733477115631104,0.6111046075820923,-0.029090428724884987,0.677846372127533,0.6353104710578918,-0.01549969706684351,HELLO
0.6874628067016602,0.7563471794128418,-1.2297012119688588e-07,0.64399254322052,0.7171406745910645,-0.01439362671226263,0.6088780760765076,0.654059886932373,-0.021297715604305267,0.5994157195091248,0.5909764170646667,-0.030964912846684456,0.6060400605201721,0.5385863780975342,-0.03959745541214943,0.6014102697372437,0.5860518217086792,0.005307040177285671,0.5761919021606445,0.5154169797897339,-0.013028689660131931,0.5605658292770386,0.4729021191596985,-0.024432463571429253,0.5496389269828796,0.4329439699649811,-0.03224320709705353,0.6327997446060181,0.5806191563606262,-0.0010198485106229782,0.6174916625022888,0.5266579389572144,-0.03395628184080124,0.6207056641578674,0.5808045864105225,-0.04245338588953018,0.6290015578269958,0.6134132146835327,-0.03803061321377754,0.6655151844024658,0.586733341217041,-0.011056561022996902,0.6490197777748108,0.5484898090362549,-0.04269307106733322,0.6490081548690796,0.604948878288269,-0.03453437238931656,0.656449556350708,0.6307434439659119,-0.018965598195791245,0.6988441944122314,0.6028741598129272,-0.02285687066614628,0.6799817681312561,0.5696526765823364,-0.03889094293117523,0.6739829182624817,0.610969066619873,-0.027830632403492928,0.6787919998168945,0.6344209313392639,-0.014373219572007656,HELLO
0.694798469543457,0.7532770037651062,-1.0253064175458348e-07,0.650734007358551,0.7137904167175293,-0.01603870280086994,0.6160126328468323,0.6489598155021667,-0.022363629192113876,0.608316957950592,0.5806392431259155,-0.03186245635151863,0.6085236668586731,0.5251786112785339,-0.0399639718234539,0.6028339266777039,0.5817362070083618,0.011686482466757298,0.5795598030090332,0.5131826996803284,-0.0072216796688735485,0.5634744167327881,0.47019892930984497,-0.01751582883298397,0.5534621477127075,0.4299379289150238,-0.02372291497886181,0.6346598863601685,0.5770228505134583,0.005809367634356022,0.620302677154541,0.5207558274269104,-0.02774921804666519,0.6230236887931824,0.5814371705055237,-0.03380659595131874,0.6310309767723083,0.6086764335632324,-0.026003185659646988,0.667646586894989,0.5815688967704773,-0.0049666971899569035,0.6547726988792419,0.544148325920105,-0.03826593980193138,0.6529636979103088,0.6067085266113281,-0.02796151302754879,0.6584061980247498,0.6271328926086426,-0.009671892039477825,0.7000704407691956,0.59625244140625,-0.01801719143986702,0.684575080871582,0.5671545267105103,-0.03512776270508766,0.6787241101264954,0.6123236417770386,-0.02317793108522892,0.6825642585754395,0.6320828795433044,-0.008270961232483387,HELLO
0.6932334899902344,0.7527502775192261,-9.256092425857787e-08,0.6485781073570251,0.7113246321678162,-0.014912549406290054,0.6150404810905457,0.6470115184783936,-0.0214664526283741,0.6074276566505432,0.5814486742019653,-0.031219983473420143,0.6101943254470825,0.5272925496101379,-0.03982314467430115,0.6037225127220154,0.5815982222557068,0.01004797499626875,0.5798208713531494,0.5116961598396301,-0.008249838836491108,0.5640718936920166,0.4690493643283844,-0.019188115373253822,0.553812563419342,0.42947065830230713,-0.026206916198134422,0.6353458762168884,0.5777961611747742,0.0036119024734944105,0.6211323142051697,0.5218358635902405,-0.02965327724814415,0.6230340600013733,0.5790897011756897,-0.03767285868525505,0.6301724314689636,0.6098803877830505,-0.03194485604763031,0.6681843400001526,0.5834422707557678,-0.007174517493695021,0.6548363566398621,0.544729471206665,-0.03947598487138748,0.6526089906692505,0.6042254567146301,-0.0312618687748909,0.6575558185577393,0.6282041072845459,-0.014952132478356361,0.7008470892906189,0.5986731052398682,-0.01996554434299469,0.6845474243164062,0.567420244216919,-0.03615826368331909,0.6782988905906677,0.610550582408905,-0.024927504360675812,0.6817888617515564,0.6320949792861938,-0.01093529723584652,HELLO
0.6929784417152405,0.7529069781303406,-9.726564087486622e-08,0.6482861638069153,0.7110872268676758,-0.014408600516617298,0.6147722005844116,0.6465498208999634,-0.02049284428358078,0.6071746349334717,0.5808135867118835,-0.02989649586379528,0.6096923351287842,0.5266796946525574,-0.03817396238446236,0.6040562391281128,0.5815106630325317,0.010997229255735874,0.5801177024841309,0.5114333629608154,-0.006913128774613142,0.5642179846763611,0.46873584389686584,-0.017711281776428223,0.5536054372787476,0.42932456731796265,-0.024699771776795387,0.6354869604110718,0.5777097940444946,0.004468285012990236,0.6207180619239807,0.5221566557884216,-0.028418201953172684,0.6224178671836853,0.5781048536300659,-0.03681786730885506,0.6295098066329956,0.6088504791259766,-0.031508710235357285,0.6681069731712341,0.5833454132080078,-0.006358488462865353,0.6545953750610352,0.544974148273468,-0.03836074844002724,0.6521661877632141,0.603653609752655,-0.030663397163152695,0.6570202112197876,0.6279276013374329,-0.014798611402511597,0.700673520565033,0.5985043048858643,-0.019152820110321045,0.6843306422233582,0.5675870180130005,-0.03529522940516472,0.6778528094291687,0.6100510954856873,-0.024557486176490784,0.6811031103134155,0.6317002177238464,-0.010960547253489494,HELLO
0.696743369102478,0.7553989887237549,-1.3452168445837742e-07,0.6490856409072876,0.7149913311004639,-0.009577630087733269,0.6131225824356079,0.648339569568634,-0.014631428755819798,0.6059129238128662,0.5811023116111755,-0.024087129160761833,0.6105419993400574,0.5276949405670166,-0.03289811313152313,0.6118111610412598,0.5816599726676941,0.011837455444037914,0.5895103216171265,0.5129877924919128,-0.005741559900343418,0.5729635953903198,0.47076115012168884,-0.01606163941323757,0.5633251070976257,0.4304373264312744,-0.023051565513014793,0.6424103379249573,0.5771784782409668,0.002871365752071142,0.6232011914253235,0.5204074382781982,-0.027051329612731934,0.6241055130958557,0.5777815580368042,-0.03217842057347298,0.6349712014198303,0.6035968661308289,-0.025717077776789665,0.6750887036323547,0.5827805399894714,-0.010060898959636688,0.6558306217193604,0.5387990474700928,-0.038987934589385986,0.6524932384490967,0.5966129899024963,-0.027787888422608376,0.6619614362716675,0.6181544661521912,-0.010890545323491096,0.7087311744689941,0.5968767404556274,-0.024824177846312523,0.6863118410110474,0.5613625645637512,-0.03886000066995621,0.6775035858154297,0.6021573543548584,-0.02628231607377529,0.6841631531715393,0.6235923171043396,-0.012233962304890156,HELLO
0.6962205171585083,0.7543843388557434,-1.2442698960057896e-07,0.6504397988319397,0.7144286632537842,-0.01008909847587347,0.614254891872406,0.6490164995193481,-0.015034224838018417,0.6056259274482727,0.5828751921653748,-0.024019982665777206,0.6087365746498108,0.5305472016334534,-0.03226940333843231,0.6119155287742615,0.5829995274543762,0.01102743111550808,0.5901080369949341,0.5131303071975708,-0.00615256791934371,0.5746586322784424,0.4696083068847656,-0.016479048877954483,0.5652786493301392,0.4282568395137787,-0.023630529642105103,0.642495334148407,0.5778605341911316,0.0027993612457066774,0.6247985363006592,0.5222538113594055,-0.027310844510793686,0.6259464025497437,0.5784779191017151,-0.033111147582530975,0.6359789371490479,0.6056349277496338,-0.02720928192138672,0.6748417615890503,0.5828136801719666,-0.009241681545972824,0.6560280323028564,0.539059042930603,-0.037968773394823074,0.6534581184387207,0.5950097441673279,-0.027421770617365837,0.6628047227859497,0.6166101694107056,-0.011144887655973434,0.7083374857902527,0.596366286277771,-0.023060964420437813,0.685934841632843,0.561672568321228,-0.03732245787978172,0.6780129671096802,0.6015573143959045,-0.02544420398771763,0.6852813363075256,0.6225512623786926,-0.011936759576201439,HELLO
0.6829407811164856,0.7654465436935425,-3.377222412837e-07,0.6282486915588379,0.7206171154975891,-0.0007534574251621962,0.583214521408081,0.6542465686798096,-0.0011283315252512693,0.5584299564361572,0.6001168489456177,-0.006549182813614607,0.5432608127593994,0.5650895237922668,-0.011911870911717415,0.6207743287086487,0.5797672867774963,0.01638144813477993,0.610325813293457,0.5209272503852844,0.0010111742885783315,0.5984595417976379,0.5154440999031067,-0.01170081365853548,0.5921019315719604,0.5156066417694092,-0.01935809664428234,0.6518469452857971,0.5807380080223083,0.006070015020668507,0.6334059238433838,0.5310306549072266,-0.015804443508386612,0.6212323904037476,0.5736033320426941,-0.025082755833864212,0.6204941272735596,0.6108352541923523,-0.02559003233909607,0.6823282837867737,0.5886034965515137,-0.007280833553522825,0.6606854200363159,0.5443122386932373,-0.027762550860643387,0.6473338007926941,0.5893575549125671,-0.02422686107456684,0.6476917862892151,0.6279844045639038,-0.015720244497060776,0.7147465348243713,0.6022961735725403,-0.021138720214366913,0.6895236968994141,0.5634464621543884,-0.03158814087510109,0.6753042936325073,0.5978591442108154,-0.02370077557861805,0.6758774518966675,0.6316107511520386,-0.01438464317470789,HELLO
0.707146167755127,0.7648484706878662,-5.968983032289543e-07,0.6564664840698242,0.6882391571998596,-0.0012200101045891643,0.6376150846481323,0.612733781337738,-0.012525581754744053,0.6304699182510376,0.5603692531585693,-0.02601909078657627,0.6295701265335083,0.5246996283531189,-0.036441314965486526,0.7076338529586792,0.5311445593833923,-0.019413655623793602,0.6239892244338989,0.521814227104187,-0.04611053690314293,0.6255710124969482,0.5732105374336243,-0.056908003985881805,0.6462624669075012,0.5906795859336853,-0.06102539971470833,0.7229467630386353,0.5534482002258301,-0.030925629660487175,0.6309479475021362,0.5534051060676575,-0.0559406578540802,0.6340327858924866,0.6013361215591431,-0.056775856763124466,0.6546042561531067,0.6137567162513733,-0.05553603917360306,0.7291965484619141,0.5848579406738281,-0.04371786490082741,0.6403383016586304,0.5849361419677734,-0.06492051482200623,0.6453479528427124,0.6298366785049438,-0.052191976457834244,0.6679291129112244,0.6413901448249817,-0.04183351248502731,0.7293164134025574,0.6208885908126831,-0.05695660039782524,0.6583101749420166,0.6161307692527771,-0.07230035215616226,0.6597646474838257,0.6507061719894409,-0.06456974893808365,0.6798532605171204,0.661615252494812,-0.05597177892923355,HELLO
0.7036076188087463,0.7548562288284302,-4.961407285009045e-07,0.6570877432823181,0.686060905456543,-0.005043687764555216,0.6359409689903259,0.6128105521202087,-0.014380904845893383,0.628959059715271,0.561566174030304,-0.025561094284057617,0.6321737766265869,0.5279458165168762,-0.03284195810556412,0.7072674036026001,0.527475118637085,-0.004939782898873091,0.6327760815620422,0.5125777721405029,-0.030814481899142265,0.6276768445968628,0.5642927885055542,-0.045617666095495224,0.6459857225418091,0.5817490220069885,-0.05298454314470291,0.7223445177078247,0.5483927726745605,-0.014757621102035046,0.6379032135009766,0.5476431250572205,-0.03856155648827553,0.6372559070587158,0.5959078073501587,-0.041111331433057785,0.6564809679985046,0.6089675426483154,-0.03952063247561455,0.7301772832870483,0.580777645111084,-0.02773149311542511,0.6514939069747925,0.5819380879402161,-0.0478837713599205,0.6504785418510437,0.6273952126502991,-0.03675336390733719,0.6685789823532104,0.6391775608062744,-0.026248209178447723,0.7325340509414673,0.6215841770172119,-0.04217090830206871,0.671127438545227,0.6157999634742737,-0.05524858087301254,0.6681029200553894,0.6486102938652039,-0.047692086547613144,0.683515191078186,0.6605659127235413,-0.038280658423900604,HELLO
0.7023475766181946,0.7553682923316956,-4.97818575695419e-07,0.6570470929145813,0.688209056854248,-0.006440669763833284,0.6349425315856934,0.6156216263771057,-0.016573520377278328,0.6275443434715271,0.5643458962440491,-0.028291061520576477,0.6296379566192627,0.529580295085907,-0.035830531269311905,0.7058093547821045,0.5288562774658203,-0.006644854787737131,0.6334394216537476,0.5139518976211548,-0.034322794526815414,0.6281344294548035,0.5654301047325134,-0.04945215955376625,0.6463214159011841,0.5839937925338745,-0.05654459446668625,0.72074955701828,0.5477062463760376,-0.016000261530280113,0.638478696346283,0.5474712252616882,-0.04142169654369354,0.63722825050354,0.5973326563835144,-0.04374203830957413,0.6567106246948242,0.6097105145454407,-0.04151558130979538,0.7283959984779358,0.579023540019989,-0.028798790648579597,0.6519312262535095,0.5809587836265564,-0.05003292113542557,0.6509617567062378,0.6272850632667542,-0.038334086537361145,0.6694595217704773,0.6387761831283569,-0.027107542380690575,0.7313116192817688,0.6188324093818665,-0.04321463033556938,0.67128586769104,0.6134416460990906,-0.05714235454797745,0.6687915921211243,0.6456881165504456,-0.049782752990722656,0.6845477819442749,0.6572859287261963,-0.04016304016113281,HELLO
0.7252514958381653,0.7393916845321655,-3.8275328506642836e-07,0.7070075869560242,0.6570544838905334,-0.002533173421397805,0.6953685283660889,0.5715315937995911,-0.011390368454158306,0.6848857998847961,0.5113791227340698,-0.02077903039753437,0.6819984316825867,0.4660137891769409,-0.027735618874430656,0.7443395853042603,0.5286774039268494,-0.02136884815990925,0.6669880747795105,0.49875926971435547,-0.042189426720142365,0.6623222827911377,0.534896194934845,-0.048384685069322586,0.6796244382858276,0.5504872798919678,-0.04975825548171997,0.7459023594856262,0.5666019916534424,-0.030366655439138412,0.6586754322052002,0.5418145060539246,-0.050731074064970016,0.6611480712890625,0.5723504424095154,-0.04873454570770264,0.6829245090484619,0.5835304856300354,-0.0462455153465271,0.7395219802856445,0.6086582541465759,-0.04019980877637863,0.6606588959693909,0.5847818851470947,-0.05866265296936035,0.6649417281150818,0.6134898662567139,-0.04638022184371948,0.686748206615448,0.6251348257064819,-0.03657470643520355,0.7284186482429504,0.6515949368476868,-0.050193410366773605,0.6689853668212891,0.6218761801719666,-0.06418538838624954,0.6699420809745789,0.6445794105529785,-0.056655071675777435,0.6873359680175781,0.6581124067306519,-0.04813370108604431,HELLO
0.7277863621711731,0.7379593253135681,-3.771763203985756e-07,0.7118417620658875,0.6592066884040833,-0.0003617912298068404,0.7009604573249817,0.5734122395515442,-0.007893933914601803,0.6884568333625793,0.5130531787872314,-0.016083942726254463,0.6834807991981506,0.4663674831390381,-0.02278442680835724,0.7425435781478882,0.5309446454048157,-0.0203415434807539,0.6702841520309448,0.4976506233215332,-0.037691760808229446,0.6615580320358276,0.5291350483894348,-0.04248396307229996,0.675834059715271,0.5455535650253296,-0.04350792616605759,0.7436357736587524,0.5672280192375183,-0.029221072793006897,0.6608766913414001,0.5416292548179626,-0.045802779495716095,0.6583225727081299,0.5672914981842041,-0.04452117905020714,0.6758625507354736,0.5793037414550781,-0.04343832656741142,0.7358946800231934,0.6086654663085938,-0.038193266838788986,0.6611453294754028,0.5828704833984375,-0.05380615219473839,0.661798894405365,0.6080362200737,-0.043920911848545074,0.6803930997848511,0.620186448097229,-0.03633943945169449,0.7228628993034363,0.6497916579246521,-0.04690017178654671,0.6668083667755127,0.6182024478912354,-0.05931462347507477,0.6662590503692627,0.6372169256210327,-0.053001269698143005,0.6809828877449036,0.6504199504852295,-0.04573617875576019,HELLO
0.7268275618553162,0.7381476759910583,-3.963132826356741e-07,0.707021176815033,0.657190203666687,0.0018194107105955482,0.6960417032241821,0.5723641514778137,-0.0058358339592814445,0.6852546334266663,0.5128241181373596,-0.014657445251941681,0.6819262504577637,0.4658390283584595,-0.021953534334897995,0.7414805889129639,0.5299603939056396,-0.020841795951128006,0.6681157350540161,0.4971359670162201,-0.039069097489118576,0.6619792580604553,0.5318070650100708,-0.04414075240492821,0.6776862144470215,0.5501880645751953,-0.04518289119005203,0.7432265281677246,0.5657075643539429,-0.031320907175540924,0.658763587474823,0.5390159487724304,-0.04881175234913826,0.6586702466011047,0.5675218105316162,-0.046942856162786484,0.6781604290008545,0.5809873342514038,-0.04537271708250046,0.736312985420227,0.6067039370536804,-0.041704583913087845,0.6596904993057251,0.5791641473770142,-0.057307492941617966,0.6620916724205017,0.6063447594642639,-0.04601648077368736,0.6817886829376221,0.6192050576210022,-0.03764232248067856,0.7241748571395874,0.647949755191803,-0.051747724413871765,0.6670241355895996,0.6156767010688782,-0.06384945660829544,0.6673321723937988,0.635660707950592,-0.05670466274023056,0.6828038096427917,0.6485354900360107,-0.04897468164563179,HELLO
0.7373948097229004,0.7445835471153259,-4.814917247131234e-07,0.7038885951042175,0.6553561687469482,-0.006370103918015957,0.7012799978256226,0.5692010521888733,-0.017514247447252274,0.7087216377258301,0.5073410868644714,-0.028667353093624115,0.7133644223213196,0.4543403685092926,-0.0374905988574028,0.7700535655021667,0.5358540415763855,-0.03241522237658501,0.6921593546867371,0.5122990608215332,-0.05448460951447487,0.6865764856338501,0.5522528886795044,-0.05907052382826805,0.7035293579101562,0.5674066543579102,-0.05985807999968529,0.7793910503387451,0.5734046101570129,-0.041827425360679626,0.6886945962905884,0.5579122304916382,-0.06347568333148956,0.6877288818359375,0.5956841111183167,-0.05834413692355156,0.7104539275169373,0.6066698431968689,-0.05448148399591446,0.7776964902877808,0.6162394881248474,-0.05245617777109146,0.691544771194458,0.6002808809280396,-0.07130756974220276,0.6917006373405457,0.6331464648246765,-0.0559106320142746,0.715104341506958,0.64394611120224,-0.0453750379383564,0.7688195109367371,0.6594290137290955,-0.06394953280687332,0.7016586661338806,0.6405905485153198,-0.07819687575101852,0.6996665596961975,0.6648555397987366,-0.0707274004817009,0.7197837233543396,0.6759815216064453,-0.06352222710847855,HELLO
0.7336992025375366,0.7414754629135132,-4.1460157262918074e-07,0.7034656405448914,0.653796374797821,-0.009930138476192951,0.7016395330429077,0.5684065222740173,-0.017408078536391258,0.7100121378898621,0.5090092420578003,-0.02423487789928913,0.7149335741996765,0.4584554433822632,-0.027689287438988686,0.7712852358818054,0.5351439714431763,-0.014872012659907341,0.6957187652587891,0.5157468318939209,-0.03780408203601837,0.689583957195282,0.5544805526733398,-0.049497976899147034,0.7089699506759644,0.5668003559112549,-0.055283814668655396,0.78023362159729,0.5715656280517578,-0.020675741136074066,0.6901360154151917,0.560746967792511,-0.04187065735459328,0.6890270113945007,0.5958806276321411,-0.043427061289548874,0.7092620730400085,0.6061071753501892,-0.04318505898118019,0.7778562307357788,0.6132726073265076,-0.02912980318069458,0.6929982900619507,0.6024690866470337,-0.0485907681286335,0.6930699348449707,0.6325308680534363,-0.03887685388326645,0.7124174237251282,0.6421730518341064,-0.030452145263552666,0.767654299736023,0.6569322943687439,-0.03896990045905113,0.6998347640037537,0.6416120529174805,-0.05302722007036209,0.7010237574577332,0.6649284958839417,-0.047662388533353806,0.7209186553955078,0.6763291358947754,-0.04064733162522316,HELLO
0.7382223606109619,0.7392370104789734,-4.083642863861314e-07,0.7097278237342834,0.6528887152671814,-0.009828898124396801,0.7059848308563232,0.5672760009765625,-0.016550324857234955,0.7120561003684998,0.5084791779518127,-0.022810999304056168,0.7166123390197754,0.45922577381134033,-0.025674184784293175,0.7716493606567383,0.5327926874160767,-0.012463711202144623,0.6957641243934631,0.5126413702964783,-0.03508665785193443,0.6887648105621338,0.5518501996994019,-0.046971630305051804,0.7082720994949341,0.5665909647941589,-0.05280475318431854,0.7798665761947632,0.5698338747024536,-0.018153291195631027,0.6888895034790039,0.5589847564697266,-0.03881999850273132,0.6879868507385254,0.5947257876396179,-0.0407240092754364,0.7087788581848145,0.605879008769989,-0.0404742993414402,0.7775813341140747,0.6124605536460876,-0.02655993215739727,0.6923536062240601,0.6015896797180176,-0.04548114538192749,0.6925148963928223,0.6318105459213257,-0.03601759299635887,0.7121210694313049,0.6417659521102905,-0.027575654909014702,0.7683702707290649,0.657721757888794,-0.03641146793961525,0.7002820372581482,0.6418847441673279,-0.05007044970989227,0.700931191444397,0.664565920829773,-0.04448509216308594,0.7203901410102844,0.6762466430664062,-0.037060681730508804,HELLO
0.755222737789154,0.7393405437469482,-3.039664875359449e-07,0.7440283894538879,0.6624736189842224,-0.005351069383323193,0.7311404943466187,0.5795167684555054,-0.014402424916625023,0.7155921459197998,0.5220656394958496,-0.02289736643433571,0.7081645131111145,0.4839322865009308,-0.02907896600663662,0.7743973135948181,0.5358011722564697,-0.024830814450979233,0.6952650547027588,0.5088319182395935,-0.046551287174224854,0.6929059624671936,0.5457065105438232,-0.05421227961778641,0.7131235599517822,0.5615243315696716,-0.05695183575153351,0.7741085290908813,0.5736085772514343,-0.03221211954951286,0.6820220947265625,0.5527440309524536,-0.052162885665893555,0.6860163807868958,0.584076464176178,-0.051447249948978424,0.7081566452980042,0.5956729650497437,-0.04991663247346878,0.7651655673980713,0.6168978810310364,-0.040461260825395584,0.6824924349784851,0.5963722467422485,-0.057479146867990494,0.6871071457862854,0.6223610639572144,-0.04682908207178116,0.7080912590026855,0.6320677399635315,-0.03838764876127243,0.7507128715515137,0.6619271039962769,-0.04923174902796745,0.6880789995193481,0.6395103335380554,-0.06242053583264351,0.6910262703895569,0.6582950949668884,-0.056432366371154785,0.7089212536811829,0.6678447127342224,-0.04906284809112549,HELLO
0.7581363320350647,0.7408504486083984,-3.010204352449364e-07,0.7515820264816284,0.6617836356163025,-0.0033530916552990675,0.7359715700149536,0.5751497149467468,-0.012845068238675594,0.7146037220954895,0.5178273916244507,-0.0222049318253994,0.7010941505432129,0.48265063762664795,-0.03017355501651764,0.7734293937683105,0.5374729633331299,-0.02546948939561844,0.6912046074867249,0.5141978859901428,-0.048126962035894394,0.6933856010437012,0.5478222966194153,-0.057714782655239105,0.7152616381645203,0.5603899955749512,-0.06200621649622917,0.7716212272644043,0.576417088508606,-0.033548515290021896,0.6790598034858704,0.5587348937988281,-0.053835101425647736,0.6878653764724731,0.5865136384963989,-0.05361457169055939,0.7116718292236328,0.5970434546470642,-0.05301827937364578,0.7619863152503967,0.619611382484436,-0.04207006096839905,0.6786320209503174,0.6000043749809265,-0.05924977734684944,0.688657820224762,0.6235684752464294,-0.04821232333779335,0.7123655080795288,0.6323947310447693,-0.03990960493683815,0.7477316856384277,0.6647078394889832,-0.05071231722831726,0.6844101548194885,0.6407949328422546,-0.06449302285909653,0.6930136680603027,0.6606229543685913,-0.05762447789311409,0.7146397829055786,0.6713318228721619,-0.049803104251623154,HELLO
0.7549571990966797,0.7392110228538513,-3.3003775001816393e-07,0.7459179759025574,0.6604820489883423,-0.004599340725690126,0.7303524613380432,0.5722470879554749,-0.013025937601923943,0.711942195892334,0.5114263296127319,-0.021338889375329018,0.7045879364013672,0.46827012300491333,-0.027699392288923264,0.7720529437065125,0.536277711391449,-0.022592168301343918,0.688407838344574,0.5146497488021851,-0.04666769132018089,0.6906128525733948,0.549172043800354,-0.05676726996898651,0.7131868600845337,0.561806321144104,-0.060753755271434784,0.7715439200401306,0.5753653645515442,-0.03007957525551319,0.6780967712402344,0.5592517256736755,-0.052369747310876846,0.6876652836799622,0.5867384076118469,-0.05287817120552063,0.7118005156517029,0.596373975276947,-0.05194094404578209,0.7631809115409851,0.6188591122627258,-0.03859834372997284,0.6789236068725586,0.6000269651412964,-0.059142015874385834,0.6897060871124268,0.6239863634109497,-0.04890099912881851,0.7134433388710022,0.6321990489959717,-0.039820484817028046,0.750043511390686,0.6641154289245605,-0.047260455787181854,0.6862809062004089,0.6407622694969177,-0.06378795206546783,0.6950297355651855,0.6605769991874695,-0.058106888085603714,0.7170848846435547,0.6709093451499939,-0.05021087825298309,HELLO
0.7391533255577087,0.8005412817001343,2.7452858830656623e-07,0.6837799549102783,0.7827056050300598,-0.0165623240172863,0.6407247185707092,0.7395013570785522,-0.02599436789751053,0.6092323660850525,0.7051244378089905,-0.03495083376765251,0.5802611112594604,0.6799954175949097,-0.04368887096643448,0.6438795924186707,0.6163476705551147,-0.008070306852459908,0.6113447546958923,0.5397214889526367,-0.021404145285487175,0.5926251411437988,0.4948619306087494,-0.03514450788497925,0.5776158571243286,0.4578723907470703,-0.04564664140343666,0.6796440482139587,0.5956017971038818,-0.012869773432612419,0.6569117307662964,0.5040755867958069,-0.02216772362589836,0.6452897191047668,0.44782280921936035,-0.035042911767959595,0.63632732629776,0.4042356610298157,-0.045132964849472046,0.7163224816322327,0.5975452065467834,-0.020825767889618874,0.7065292000770569,0.5104084014892578,-0.03155433386564255,0.701517641544342,0.4579659700393677,-0.042783308774232864,0.6964542865753174,0.4152756631374359,-0.05156866833567619,0.7547703981399536,0.6148638725280762,-0.0305275097489357,0.7591549158096313,0.5507287979125977,-0.040439922362565994,0.7597118020057678,0.5103532671928406,-0.044531550258398056,0.7591688632965088,0.47320330142974854,-0.04750755801796913,HELLO
0.7412136793136597,0.8128026723861694,3.180796284141252e-07,0.6890891194343567,0.7905810475349426,-0.014231506735086441,0.6428961753845215,0.7423692345619202,-0.020531289279460907,0.6103125810623169,0.7060577273368835,-0.026791194453835487,0.5819777846336365,0.6781318783760071,-0.0328449122607708,0.644698977470398,0.6157810091972351,-0.0033385129645466805,0.6115256547927856,0.5423307418823242,-0.015249612741172314,0.5921297669410706,0.49826687574386597,-0.027661649510264397,0.57761150598526,0.4606955647468567,-0.03727710247039795,0.6791313290596008,0.5947260856628418,-0.00914373341947794,0.6575003862380981,0.5048003196716309,-0.01671811006963253,0.6454548835754395,0.44952231645584106,-0.02826077863574028,0.636314868927002,0.4048444628715515,-0.03731290251016617,0.7161791920661926,0.5961377024650574,-0.018189162015914917,0.7063826322555542,0.5100916028022766,-0.027735300362110138,0.7008954286575317,0.45788198709487915,-0.03764202818274498,0.6945828795433044,0.414794385433197,-0.04553304612636566,0.7542645335197449,0.6146796941757202,-0.028938841074705124,0.7595106363296509,0.5518068671226501,-0.03850186988711357,0.7606136798858643,0.5115789771080017,-0.04204380139708519,0.7599601745605469,0.4750387668609619,-0.04446805641055107,HELLO
0.7433496713638306,0.8178137540817261,3.029340689408855e-07,0.6922339200973511,0.7923828363418579,-0.013988101854920387,0.6443307995796204,0.7423644065856934,-0.019330834969878197,0.6102354526519775,0.7063872218132019,-0.024657832458615303,0.5810210704803467,0.681098461151123,-0.0296382624655962,0.6447464823722839,0.6152393221855164,-0.0009673944441601634,0.610392153263092,0.5411995053291321,-0.011890055611729622,0.590836763381958,0.49714937806129456,-0.023745164275169373,0.5762321949005127,0.45913493633270264,-0.033044781535863876,0.6788680553436279,0.5940054059028625,-0.006245004944503307,0.6564052700996399,0.504132866859436,-0.012674176134169102,0.6448405981063843,0.44952818751335144,-0.02332925796508789,0.6362273693084717,0.40464818477630615,-0.03181856498122215,0.7157949209213257,0.5952401757240295,-0.014906812459230423,0.7054111361503601,0.5100157260894775,-0.023400574922561646,0.7004439234733582,0.45817917585372925,-0.0326705202460289,0.6946637630462646,0.41503477096557617,-0.04017999395728111,0.7540762424468994,0.613361120223999,-0.0253758542239666,0.7583322525024414,0.5512552261352539,-0.0336814783513546,0.75892174243927,0.5114560723304749,-0.03672253340482712,0.7577970027923584,0.47491395473480225,-0.03895992413163185,HELLO
0.7388482689857483,0.8053414225578308,3.110671400463616e-07,0.6850746273994446,0.7761085629463196,-0.013135731220245361,0.6370860934257507,0.7214547395706177,-0.01706811413168907,0.6021600961685181,0.6803587079048157,-0.020958486944437027,0.5727328658103943,0.6519659161567688,-0.02415216527879238,0.642274796962738,0.5944805145263672,0.003099959110841155,0.6106545329093933,0.5203554630279541,-0.00528722582384944,0.5928069353103638,0.4778403043746948,-0.01585003361105919,0.5793231725692749,0.44055312871932983,-0.024178117513656616,0.6775438189506531,0.5751561522483826,-0.000865504436660558,0.6587595343589783,0.4871840476989746,-0.003768037771806121,0.64818274974823,0.43495649099349976,-0.012120340950787067,0.6401766538619995,0.39237743616104126,-0.019564418122172356,0.7145903706550598,0.5771661400794983,-0.008317469619214535,0.7083662152290344,0.4939729571342468,-0.013712825253605843,0.7037505507469177,0.44646766781806946,-0.020850105211138725,0.6979416012763977,0.40819859504699707,-0.027264686301350594,0.7516270875930786,0.5950976610183716,-0.017725132405757904,0.7575962543487549,0.5325126051902771,-0.023641034960746765,0.7587409615516663,0.4943562150001526,-0.025540374219417572,0.7580167055130005,0.4591791033744812,-0.027096740901470184,HELLO
0.7381647825241089,0.8066391944885254,2.633680651342729e-07,0.6832102537155151,0.7749255895614624,-0.012216489762067795,0.6345040798187256,0.7186093926429749,-0.015525941736996174,0.5995935201644897,0.679040253162384,-0.019219830632209778,0.570404052734375,0.6502562165260315,-0.022430645301938057,0.6428205966949463,0.5961288809776306,0.004622367676347494,0.6112047433853149,0.5212996006011963,-0.004274171311408281,0.593338131904602,0.4767412543296814,-0.014972335658967495,0.5802444219589233,0.4387904405593872,-0.023465609177947044,0.6785399913787842,0.5764285922050476,-0.0004938842612318695,0.659720778465271,0.4880049228668213,-0.004850706551223993,0.6497952342033386,0.43514686822891235,-0.014069588854908943,0.6420893669128418,0.39249399304389954,-0.021888379007577896,0.7155959606170654,0.5777857303619385,-0.009212768636643887,0.7087458968162537,0.49375849962234497,-0.0159599632024765,0.7047650218009949,0.444710910320282,-0.02372218668460846,0.69903963804245,0.4046497046947479,-0.03041134588420391,0.7527263760566711,0.5952996015548706,-0.01978241093456745,0.7582297921180725,0.5329650044441223,-0.026611076667904854,0.7590146064758301,0.493428111076355,-0.02911732718348503,0.7574490904808044,0.45692723989486694,-0.03121154010295868,HELLO
0.7382886409759521,0.8064056634902954,2.5860819619083486e-07,0.683076024055481,0.7750823497772217,-0.012010852806270123,0.6340046525001526,0.7186432480812073,-0.015051932074129581,0.5994489192962646,0.678300678730011,-0.018448445945978165,0.5703164339065552,0.650204062461853,-0.021330364048480988,0.6425045132637024,0.595576822757721,0.0048563252203166485,0.6107902526855469,0.5208044648170471,-0.003618662478402257,0.5931077599525452,0.47645139694213867,-0.014050813391804695,0.5801979303359985,0.4385561943054199,-0.022395631298422813,0.6783893704414368,0.5759010910987854,-0.00014686089707538486,0.6594975590705872,0.48778197169303894,-0.00405406067147851,0.6495368480682373,0.43519753217697144,-0.013024785555899143,0.6419318914413452,0.39265209436416626,-0.020712237805128098,0.715674877166748,0.5772180557250977,-0.008704882115125656,0.7086620926856995,0.4937216341495514,-0.015019694343209267,0.7044352889060974,0.44521719217300415,-0.022716490551829338,0.6986764073371887,0.40572589635849,-0.029416976496577263,0.7530226111412048,0.5946071147918701,-0.019107162952423096,0.7583548426628113,0.5327503085136414,-0.025612620636820793,0.759028971195221,0.49381864070892334,-0.02809159643948078,0.7575598359107971,0.45792627334594727,-0.030188878998160362,HELLO
0.7318540811538696,0.8005036115646362,3.562790880096145e-07,0.6794636249542236,0.7654546499252319,-0.017858974635601044,0.6297673583030701,0.7000153064727783,-0.026533164083957672,0.5941123962402344,0.6511386036872864,-0.035128138959407806,0.5623297691345215,0.6226913928985596,-0.04413830116391182,0.6503454446792603,0.5787451863288879,-0.010985957458615303,0.6317050457000732,0.4989128112792969,-0.031277161091566086,0.6193917393684387,0.447517454624176,-0.049659375101327896,0.6111687421798706,0.4046233892440796,-0.06298881024122238,0.6849751472473145,0.5624561309814453,-0.017905648797750473,0.6713762879371643,0.46966010332107544,-0.03437132388353348,0.66507488489151,0.4115527868270874,-0.04974766820669174,0.66111159324646,0.36352840065956116,-0.060731738805770874,0.7215345501899719,0.5667299628257751,-0.028516393154859543,0.7213773131370544,0.48010146617889404,-0.04744847118854523,0.7260832786560059,0.42783471941947937,-0.0584404319524765,0.7291518449783325,0.38299089670181274,-0.06546042859554291,0.7607670426368713,0.5898930430412292,-0.0412369929254055,0.7746721506118774,0.5216547250747681,-0.05935376510024071,0.7832393646240234,0.47711408138275146,-0.06552557647228241,0.7888917922973633,0.4369814991950989,-0.06874854117631912,HELLO
0.7327430248260498,0.8052509427070618,3.5238738860243757e-07,0.6804217100143433,0.7690955400466919,-0.017821764573454857,0.6303755044937134,0.7013391256332397,-0.026876172050833702,0.5937604308128357,0.6536216735839844,-0.0359523743391037,0.560314416885376,0.6266427040100098,-0.04531305283308029,0.6521123647689819,0.572192907333374,-0.008693909272551537,0.6377297043800354,0.4884864091873169,-0.028637677431106567,0.6300252676010132,0.4329761266708374,-0.04757574945688248,0.6257331371307373,0.38787785172462463,-0.06124310567975044,0.6870365142822266,0.5596107244491577,-0.01544400118291378,0.6749913096427917,0.4669390916824341,-0.03209158405661583,0.6711711287498474,0.4090738892555237,-0.048195578157901764,0.6696182489395142,0.3615824580192566,-0.05954959616065025,0.7238755226135254,0.5659461617469788,-0.02598015032708645,0.7247344255447388,0.47953230142593384,-0.044458433985710144,0.730630099773407,0.42520707845687866,-0.055352140218019485,0.7359840273857117,0.37876731157302856,-0.06228392943739891,0.7629993557929993,0.5909286141395569,-0.038701094686985016,0.7764992713928223,0.5217541456222534,-0.05539775267243385,0.7847479581832886,0.47721725702285767,-0.060708802193403244,0.7908677458763123,0.43685925006866455,-0.06338563561439514,HELLO
0.7333078384399414,0.8077880144119263,3.2825695939209254e-07,0.6796820163726807,0.7707687020301819,-0.018317319452762604,0.6295640468597412,0.7031658887863159,-0.027657438069581985,0.5935403108596802,0.6545639038085938,-0.036929626017808914,0.5606248378753662,0.625989556312561,-0.04630286246538162,0.6521091461181641,0.5723604559898376,-0.008546283468604088,0.6358849406242371,0.490032821893692,-0.027946485206484795,0.6269208192825317,0.4374827742576599,-0.04671519622206688,0.6211535930633545,0.3937649726867676,-0.06039530038833618,0.6877490878105164,0.5594836473464966,-0.015098162926733494,0.6749235391616821,0.46599525213241577,-0.031307097524404526,0.6700502038002014,0.4087013006210327,-0.04727238789200783,0.6669865250587463,0.36137187480926514,-0.058710888028144836,0.7249302268028259,0.5663855671882629,-0.02557302452623844,0.726791262626648,0.47935134172439575,-0.04377783462405205,0.7322698831558228,0.4260151982307434,-0.0549166277050972,0.7363558411598206,0.3807328939437866,-0.062121257185935974,0.7637358903884888,0.5919594168663025,-0.038289718329906464,0.7780546545982361,0.5222682356834412,-0.054730139672756195,0.7861472368240356,0.47738271951675415,-0.06031152233481407,0.791541337966919,0.4362466335296631,-0.06332044303417206,HELLO
0.6615870594978333,0.651106595993042,-6.140689290390355e-09,0.6014081239700317,0.6057307124137878,-0.0004115503979846835,0.558221161365509,0.5339041948318481,0.001635766471736133,0.5270472168922424,0.47250935435295105,0.002618479309603572,0.5000581741333008,0.4288964867591858,0.0051706149242818356,0.5835359692573547,0.44365084171295166,0.008514233864843845,0.5598353743553162,0.350766122341156,0.005714154336601496,0.5500114560127258,0.3080030679702759,0.003345206379890442,0.5421653389930725,0.27788639068603516,0.0023861450608819723,0.6193035840988159,0.4303075969219208,0.0046234880574047565,0.603500485420227,0.3312142491340637,0.006584372837096453,0.5965251922607422,0.2876487970352173,0.007503315806388855,0.5907326936721802,0.2599765360355377,0.00817173719406128,0.6547872424125671,0.4350889325141907,-0.0007132107275538146,0.6485212445259094,0.34885546565055847,0.0008646214264445007,0.6449147462844849,0.3091951012611389,0.0037277371156960726,0.6412108540534973,0.2839345932006836,0.004977838601917028,0.6887229084968567,0.4527921974658966,-0.006654639728367329,0.6948910355567932,0.3920404613018036,-0.0026238192804157734,0.6979146003723145,0.36219730973243713,0.00442898366600275,0.7005477547645569,0.34278976917266846,0.009818087331950665,HELLO
0.6585683226585388,0.6474487781524658,1.5529374763900705e-07,0.600766122341156,0.6013253927230835,0.0016413899138569832,0.5600489974021912,0.5319458842277527,0.0041844709776341915,0.5315260887145996,0.47305047512054443,0.005054509732872248,0.5075636506080627,0.43098926544189453,0.0065798042342066765,0.5837616920471191,0.4455927610397339,0.012419810518622398,0.5638452172279358,0.3620273470878601,0.010238222777843475,0.5535587072372437,0.31642040610313416,0.006487617734819651,0.546043872833252,0.2802066206932068,0.003993453923612833,0.6186550855636597,0.4347117841243744,0.00712122255936265,0.6033046841621399,0.3443306088447571,0.009477156214416027,0.5967609286308289,0.2973794937133789,0.0074949972331523895,0.5924368500709534,0.26170459389686584,0.005214945413172245,0.6540519595146179,0.4402061700820923,0.0004898632760159671,0.6488996744155884,0.36015784740448,0.0015459178248420358,0.6479171514511108,0.3185029625892639,0.0007817320874892175,0.6461649537086487,0.28959178924560547,-0.0007786012720316648,0.6877933740615845,0.45655155181884766,-0.006499493028968573,0.693234920501709,0.3950403928756714,-0.004889448639005423,0.698925256729126,0.36295416951179504,-0.0014709481038153172,0.7039995789527893,0.3391912877559662,0.0013387521030381322,HELLO
0.655153214931488,0.6384071111679077,2.261002265413481e-07,0.5983861684799194,0.5933358073234558,-0.002298732753843069,0.5571904182434082,0.5275236368179321,-0.002670872490853071,0.5262555480003357,0.47217369079589844,-0.00402370560914278,0.5012899041175842,0.4308053255081177,-0.004819522146135569,0.5827304720878601,0.4452153146266937,0.004788888618350029,0.5637801289558411,0.3618937134742737,-0.0004623921122401953,0.554060161113739,0.31638020277023315,-0.0057497890666127205,0.5468552112579346,0.2802616357803345,-0.009224294684827328,0.6175556182861328,0.4351479113101959,4.840960627916502e-06,0.6037393808364868,0.34599047899246216,-0.0010193695779889822,0.5977569222450256,0.2975502014160156,-0.005125522613525391,0.5941680073738098,0.2612074613571167,-0.00868444424122572,0.652825653553009,0.441213458776474,-0.006201357115060091,0.6490640044212341,0.36390420794487,-0.008166134357452393,0.648947536945343,0.3202575147151947,-0.01133462879806757,0.6481323838233948,0.28812456130981445,-0.014367084950208664,0.6866528987884521,0.4583986699581146,-0.012860099785029888,0.6937065124511719,0.4005858302116394,-0.01400440838187933,0.6991369128227234,0.36847108602523804,-0.01261185947805643,0.7039152383804321,0.3430933952331543,-0.011164497584104538,HELLO
0.6605393290519714,0.6993420124053955,5.226923462942068e-07,0.6014969944953918,0.6719997525215149,-0.0359032079577446,0.5710988640785217,0.6256309747695923,-0.059060268104076385,0.5603156685829163,0.5884103775024414,-0.07810487598180771,0.5559792518615723,0.5577880144119263,-0.0978924036026001,0.5874547362327576,0.5116796493530273,-0.04238533228635788,0.5680275559425354,0.4172731041908264,-0.06117631867527962,0.5614343881607056,0.3589223325252533,-0.07737389951944351,0.5576171278953552,0.3152865767478943,-0.08994489163160324,0.6320274472236633,0.5035275220870972,-0.03979207202792168,0.6279606819152832,0.406562864780426,-0.05425174534320831,0.6282627582550049,0.3529955744743347,-0.06888271868228912,0.6266870498657227,0.3184596300125122,-0.08149929344654083,0.6725495457649231,0.5144208669662476,-0.04089679569005966,0.6801571846008301,0.4275102913379669,-0.05477309599518776,0.6819918751716614,0.3773688077926636,-0.06664607673883438,0.6811811923980713,0.34364980459213257,-0.07740757614374161,0.7092330455780029,0.5366790294647217,-0.045110587030649185,0.7240024209022522,0.4729456305503845,-0.058469757437705994,0.7306028604507446,0.4338163435459137,-0.06533945351839066,0.7345078587532043,0.4026736617088318,-0.07162077724933624,HELLO
0.6604429483413696,0.7224720120429993,6.070436597838125e-07,0.6056572794914246,0.6922975778579712,-0.042027123272418976,0.5769805908203125,0.6463708877563477,-0.06712158024311066,0.5744172930717468,0.6076235175132751,-0.08743473887443542,0.5763485431671143,0.5793960690498352,-0.10698813945055008,0.5896664261817932,0.5190227627754211,-0.03995337709784508,0.5710349082946777,0.425333172082901,-0.06297905743122101,0.5621736645698547,0.366011381149292,-0.08328747004270554,0.5562705397605896,0.31967660784721375,-0.09849002957344055,0.631850004196167,0.511258065700531,-0.03610813245177269,0.6284948587417603,0.4188486337661743,-0.05568147823214531,0.6280518174171448,0.3649013340473175,-0.0749250203371048,0.6274802684783936,0.3250264525413513,-0.08968641608953476,0.6699495315551758,0.523169219493866,-0.03715411201119423,0.678950846195221,0.43907806277275085,-0.05649687722325325,0.6829044818878174,0.38885268568992615,-0.07201992720365524,0.6850672960281372,0.3519469201564789,-0.08348294347524643,0.7048171758651733,0.5482710003852844,-0.04203420504927635,0.7221144437789917,0.4844150245189667,-0.059556491672992706,0.7303330898284912,0.44371241331100464,-0.0685613602399826,0.7360913753509521,0.40723875164985657,-0.07500144839286804,HELLO
0.6604028344154358,0.7306411266326904,5.384123369367444e-07,0.6081368327140808,0.7003978490829468,-0.029909025877714157,0.5750468969345093,0.654970645904541,-0.048840250819921494,0.5607407093048096,0.6210482120513916,-0.06505945324897766,0.5459738969802856,0.5994879007339478,-0.08121389895677567,0.5893683433532715,0.5184782147407532,-0.030639469623565674,0.5704060792922974,0.4219318628311157,-0.05101865902543068,0.5615358948707581,0.36323297023773193,-0.06822925060987473,0.5550068616867065,0.31815487146377563,-0.08033943176269531,0.6316946148872375,0.510847270488739,-0.031092757359147072,0.6284599900245667,0.4155830442905426,-0.04698823392391205,0.6270274519920349,0.36201971769332886,-0.06267604976892471,0.6262257099151611,0.32256150245666504,-0.07436031103134155,0.6702428460121155,0.5227566957473755,-0.03523135557770729,0.6799506545066833,0.43803346157073975,-0.050908684730529785,0.6832742691040039,0.38839465379714966,-0.06312934309244156,0.6850689053535461,0.35191720724105835,-0.07193675637245178,0.705328643321991,0.5489470958709717,-0.0421610102057457,0.7234591245651245,0.4832598865032196,-0.05625065416097641,0.7315131425857544,0.44310373067855835,-0.061602067202329636,0.7371921539306641,0.40859735012054443,-0.06472714245319366,HELLO
0.6652866005897522,0.704031229019165,4.644709292733751e-07,0.6151856780052185,0.6690797805786133,-0.021172957494854927,0.5767483115196228,0.6188445091247559,-0.03758557140827179,0.5502554774284363,0.5805292725563049,-0.05307541787624359,0.5245803594589233,0.5558186769485474,-0.0694795623421669,0.5888029336929321,0.5012622475624084,-0.028210828080773354,0.5701385140419006,0.40917709469795227,-0.05045057460665703,0.5605992674827576,0.3535328507423401,-0.06812262535095215,0.5533263087272644,0.30768853425979614,-0.08044450730085373,0.6262205839157104,0.49145692586898804,-0.03370999917387962,0.6182658672332764,0.3920397460460663,-0.05236668139696121,0.6136618256568909,0.3348706066608429,-0.06895320862531662,0.6105285882949829,0.289946973323822,-0.08106615394353867,0.663875162601471,0.5010442137718201,-0.041784994304180145,0.666359543800354,0.4121483862400055,-0.05914217606186867,0.6673690676689148,0.35769081115722656,-0.07108141481876373,0.667875349521637,0.3143324851989746,-0.07971370965242386,0.7014570236206055,0.5259988903999329,-0.05170556902885437,0.7148891687393188,0.4585563540458679,-0.06673061102628708,0.7212480902671814,0.4126620888710022,-0.07219961285591125,0.7254233956336975,0.37186291813850403,-0.0755312442779541,HELLO
0.6659722924232483,0.6946073770523071,4.503520756315993e-07,0.6160978674888611,0.6600439548492432,-0.02496930956840515,0.5802235007286072,0.612265944480896,-0.0435807891190052,0.5576746463775635,0.5754975080490112,-0.06025134399533272,0.5369721055030823,0.546710729598999,-0.07807807624340057,0.5911402702331543,0.5006714463233948,-0.037978049367666245,0.572255551815033,0.41142889857292175,-0.0633961632847786,0.5618661046028137,0.356039434671402,-0.08305389434099197,0.5544446706771851,0.3098374605178833,-0.09698879718780518,0.6285209059715271,0.49044278264045715,-0.0420273058116436,0.6223246455192566,0.39587438106536865,-0.06335075944662094,0.6199376583099365,0.34159791469573975,-0.08165522664785385,0.6187331080436707,0.29701757431030273,-0.09565018117427826,0.6650624871253967,0.5004372596740723,-0.04864674061536789,0.6698247194290161,0.41731899976730347,-0.06850918382406235,0.6719516515731812,0.36387956142425537,-0.08290630578994751,0.6735608577728271,0.32149767875671387,-0.09390337765216827,0.700927734375,0.5258883237838745,-0.057205889374017715,0.714928150177002,0.46246129274368286,-0.07504933327436447,0.7216748595237732,0.41865110397338867,-0.08340728282928467,0.7264692187309265,0.37964123487472534,-0.08938799798488617,HELLO
0.6658252477645874,0.6862747073173523,4.636182211470441e-07,0.614262580871582,0.6544057130813599,-0.026460543274879456,0.5774292349815369,0.6074679493904114,-0.0461922362446785,0.5560207962989807,0.568305253982544,-0.06361225992441177,0.5373256206512451,0.5380148887634277,-0.08216705918312073,0.5910047888755798,0.5005760192871094,-0.04119382053613663,0.5734697580337524,0.41278037428855896,-0.06730695068836212,0.5629739761352539,0.35797402262687683,-0.08713351935148239,0.5550938248634338,0.31298500299453735,-0.10135972499847412,0.628182053565979,0.4909128248691559,-0.044858530163764954,0.6221979260444641,0.3976159989833832,-0.06798059493303299,0.6201132535934448,0.3454306125640869,-0.08651850372552872,0.619094967842102,0.30384939908981323,-0.10029850155115128,0.6644596457481384,0.5007538795471191,-0.05110262334346771,0.6684221029281616,0.4183591902256012,-0.07278148084878922,0.6694340109825134,0.3654121160507202,-0.08740052580833435,0.6702550649642944,0.3236810266971588,-0.09830305725336075,0.7007245421409607,0.5255450010299683,-0.05925377458333969,0.714171290397644,0.4626385569572449,-0.07897276431322098,0.7204290628433228,0.4189182221889496,-0.08816210180521011,0.7246454358100891,0.3798973858356476,-0.09460161626338959,HELLO
0.6634886860847473,0.6348597407341003,5.547848331843852e-07,0.6029676198959351,0.5937061309814453,-0.015816988423466682,0.556796669960022,0.5319194793701172,-0.023244177922606468,0.5178096294403076,0.4829162359237671,-0.03006991371512413,0.4835376739501953,0.4460779130458832,-0.03626839071512222,0.5887986421585083,0.41445720195770264,0.002116554882377386,0.5738917589187622,0.339585542678833,-0.007783100008964539,0.5657544136047363,0.2876856327056885,-0.022245138883590698,0.5605608224868774,0.24261289834976196,-0.033736880868673325,0.6253473162651062,0.39900916814804077,-0.00045271639828570187,0.6195417046546936,0.31845828890800476,-0.005789925344288349,0.617653489112854,0.2596908509731293,-0.01970682106912136,0.618026852607727,0.21092790365219116,-0.03121803142130375,0.6604411602020264,0.40193307399749756,-0.0063653127290308475,0.6654795408248901,0.32654792070388794,-0.014886811375617981,0.6691335439682007,0.2688538730144501,-0.02796751819550991,0.6705946922302246,0.22092676162719727,-0.03817492723464966,0.6951411962509155,0.42304301261901855,-0.013847258873283863,0.7116820812225342,0.36335235834121704,-0.023050036281347275,0.7188557982444763,0.32243800163269043,-0.028573794290423393,0.7225738763809204,0.28572094440460205,-0.03227924555540085,HELLO
0.6575256586074829,0.6109790205955505,4.0091822484100703e-07,0.6003525257110596,0.584524929523468,-0.020059995353221893,0.5532061457633972,0.5244555473327637,-0.03005114383995533,0.515032947063446,0.4765598475933075,-0.03893638029694557,0.48051559925079346,0.4400968551635742,-0.04727207496762276,0.581149160861969,0.39099544286727905,-0.006405883003026247,0.5622732043266296,0.3126972019672394,-0.01834968850016594,0.5538027286529541,0.2650774121284485,-0.03161139413714409,0.549731433391571,0.22485004365444183,-0.04199753329157829,0.6201159954071045,0.3777807354927063,-0.009210124611854553,0.6141519546508789,0.2896376848220825,-0.0168552678078413,0.6126340627670288,0.2362307608127594,-0.02841896377503872,0.6134065389633179,0.1952420473098755,-0.03809374198317528,0.6578338742256165,0.38591527938842773,-0.016043351963162422,0.6666749715805054,0.3040289878845215,-0.0273425355553627,0.6715695858001709,0.25262391567230225,-0.0381128266453743,0.6743886470794678,0.2107151448726654,-0.04662672430276871,0.6936073303222656,0.4106876254081726,-0.025010036304593086,0.7125391364097595,0.34945788979530334,-0.03712861239910126,0.7216356992721558,0.31010255217552185,-0.04297734797000885,0.7275611758232117,0.2740270495414734,-0.047060899436473846,HELLO
0.6585079431533813,0.6144261956214905,3.6962322269573633e-07,0.6008263826370239,0.5837061405181885,-0.019618360325694084,0.5544636845588684,0.5257539749145508,-0.030169298872351646,0.5169323086738586,0.48051127791404724,-0.04013534262776375,0.48409149050712585,0.4440881609916687,-0.04991168528795242,0.5825472474098206,0.3928118050098419,-0.0063408613204956055,0.5641925930976868,0.31209713220596313,-0.020119385793805122,0.5562168955802917,0.2632242739200592,-0.035078052431344986,0.5526443123817444,0.22176498174667358,-0.046688761562108994,0.6216908097267151,0.37966591119766235,-0.010145516134798527,0.6174116134643555,0.29045140743255615,-0.01956264302134514,0.6178759932518005,0.23573684692382812,-0.03332918882369995,0.6209240555763245,0.19233660399913788,-0.04478294774889946,0.6586213707923889,0.388012558221817,-0.018062105402350426,0.666398823261261,0.30526918172836304,-0.030123699456453323,0.6716992259025574,0.2523372769355774,-0.04266834259033203,0.6757961511611938,0.2099236398935318,-0.052854228764772415,0.6934422254562378,0.41238921880722046,-0.028164420276880264,0.7117369174957275,0.35142335295677185,-0.040693651884794235,0.7202319502830505,0.3120970129966736,-0.04748823866248131,0.726293683052063,0.2767150402069092,-0.052627965807914734,HELLO
0.650834321975708,0.6648653745651245,7.03982649952195e-08,0.5875031352043152,0.6195290088653564,0.031127197667956352,0.5620926022529602,0.5670420527458191,0.04388686269521713,0.5489745736122131,0.5192153453826904,0.05319354683160782,0.5419414043426514,0.4814058840274811,0.062341559678316116,0.576561689376831,0.4855375289916992,0.013199700973927975,0.560743510723114,0.37927863001823425,0.011620482429862022,0.5545027256011963,0.3230764865875244,0.015231919474899769,0.5516533255577087,0.2837485373020172,0.020353572443127632,0.6162980794906616,0.47011566162109375,-0.0005107910255901515,0.6040849089622498,0.3473953306674957,-0.004317194223403931,0.6030502319335938,0.2887861132621765,0.0014076671795919538,0.6014723777770996,0.2512090802192688,0.008519260212779045,0.6544132828712463,0.4756975471973419,-0.011317340657114983,0.6522925496101379,0.36452144384384155,-0.013811836019158363,0.6513358354568481,0.31200361251831055,-0.004246022552251816,0.6527057886123657,0.27903783321380615,0.004906527232378721,0.6956709623336792,0.49665847420692444,-0.01834939606487751,0.7052199840545654,0.416977196931839,-0.01552304532378912,0.7110561728477478,0.37396344542503357,-0.00487159937620163,0.7150213718414307,0.3434249758720398,0.005265832878649235,HELLO
0.6570310592651367,0.6880800724029541,3.442771969730529e-07,0.5926797389984131,0.6495172381401062,0.002446255413815379,0.5561797618865967,0.5963890552520752,0.00152047467418015,0.5279462933540344,0.553206205368042,-0.00048512592911720276,0.5062747001647949,0.523699164390564,-0.003644110867753625,0.578055202960968,0.49694550037384033,-0.002066556829959154,0.5612995028495789,0.39424189925193787,-0.008489010855555534,0.5534490942955017,0.3357098400592804,-0.013814902864396572,0.5484057068824768,0.29200565814971924,-0.017253650352358818,0.6173886060714722,0.482278048992157,-0.009596521034836769,0.6084453463554382,0.36929863691329956,-0.012794298119843006,0.604631781578064,0.3077533543109894,-0.018366819247603416,0.6016635298728943,0.26431459188461304,-0.023120619356632233,0.6551862955093384,0.4879847466945648,-0.017457304522395134,0.6536325812339783,0.38810089230537415,-0.020775815472006798,0.651779055595398,0.3331344723701477,-0.025887250900268555,0.6508598327636719,0.2955021858215332,-0.030745191499590874,0.6948427557945251,0.5069639682769775,-0.024783870205283165,0.7041034698486328,0.4296819269657135,-0.0276873130351305,0.7098335027694702,0.38491421937942505,-0.02777865156531334,0.7143682837486267,0.35001423954963684,-0.027847368270158768,HELLO
0.6552078723907471,0.6861057281494141,3.27054692661477e-07,0.5962567925453186,0.6429967880249023,0.009049564599990845,0.5667393207550049,0.5865659713745117,0.010312178172171116,0.5525987148284912,0.5390341877937317,0.009356871247291565,0.5448334813117981,0.5033113956451416,0.00740891182795167,0.578099250793457,0.49845021963119507,-0.0012106966460123658,0.5619333982467651,0.39413219690322876,-0.008954623714089394,0.5553614497184753,0.3328666090965271,-0.012999800965189934,0.5524551868438721,0.28709352016448975,-0.01511065848171711,0.6161183714866638,0.4815501570701599,-0.012124110013246536,0.6076267957687378,0.36843574047088623,-0.017891153693199158,0.6049810647964478,0.3074638247489929,-0.02223167009651661,0.6031252145767212,0.26344335079193115,-0.025100817903876305,0.6537159085273743,0.48587584495544434,-0.022399812936782837,0.6534721255302429,0.38636207580566406,-0.026594681665301323,0.6521100401878357,0.33013394474983215,-0.028045576065778732,0.6514755487442017,0.2914148271083832,-0.02981804497539997,0.6933524012565613,0.5067089200019836,-0.03165704756975174,0.7032606601715088,0.4324333667755127,-0.033365290611982346,0.7077957987785339,0.38823413848876953,-0.030173098668456078,0.709904670715332,0.35425034165382385,-0.027527116239070892,HELLO
0.6566944122314453,0.7200189232826233,4.4936115273230826e-07,0.5974627137184143,0.6912283897399902,-0.026722915470600128,0.5556559562683105,0.6442493796348572,-0.04471118375658989,0.5328344106674194,0.6021677255630493,-0.06040273606777191,0.5096311569213867,0.5701796412467957,-0.07636705040931702,0.5745381712913513,0.5140653848648071,-0.0316002331674099,0.5495500564575195,0.4241943657398224,-0.05383622646331787,0.5358700156211853,0.3696709871292114,-0.07225114107131958,0.5255637168884277,0.3246638774871826,-0.08509276807308197,0.6146538853645325,0.5015723705291748,-0.034512922167778015,0.6010822057723999,0.3990057706832886,-0.05316188558936119,0.5930464863777161,0.3349646329879761,-0.07041991502046585,0.587459146976471,0.28283387422561646,-0.08305606991052628,0.6525619626045227,0.5103206634521484,-0.04072646424174309,0.6488721370697021,0.4194403886795044,-0.05952334776520729,0.6456902623176575,0.36310404539108276,-0.07389005273580551,0.6434237957000732,0.3201146721839905,-0.08368252217769623,0.6902927160263062,0.5322266221046448,-0.0493227019906044,0.6994338631629944,0.45786669850349426,-0.0663842037320137,0.7031431198120117,0.41141870617866516,-0.07424269616603851,0.7062098383903503,0.3707355260848999,-0.0789942741394043,HELLO
0.6507023572921753,0.7235894203186035,4.375623348096269e-07,0.5935981869697571,0.6919751763343811,-0.022402916103601456,0.5470448732376099,0.6390870809555054,-0.0367421992123127,0.5144588351249695,0.5941256880760193,-0.049487076699733734,0.484612375497818,0.5678461790084839,-0.06267081946134567,0.5740811228752136,0.513457715511322,-0.025554243475198746,0.5500171184539795,0.42342931032180786,-0.04457148537039757,0.5365462899208069,0.37022829055786133,-0.060271624475717545,0.5274920463562012,0.32614925503730774,-0.07117168605327606,0.6125216484069824,0.5015190243721008,-0.029378144070506096,0.5981948375701904,0.39974021911621094,-0.04512825235724449,0.5907381176948547,0.33692121505737305,-0.060446418821811676,0.5871644616127014,0.2851455807685852,-0.07160782814025879,0.650250256061554,0.50953209400177,-0.03600652143359184,0.6470102667808533,0.4177706837654114,-0.05228210240602493,0.6461648344993591,0.36210817098617554,-0.06567587703466415,0.6461110711097717,0.3188263177871704,-0.07491521537303925,0.6875056028366089,0.5306401252746582,-0.044558580964803696,0.6983659267425537,0.4582573473453522,-0.05896661803126335,0.7042562365531921,0.4131621718406677,-0.06533018499612808,0.7095977067947388,0.3744242787361145,-0.06911789625883102,HELLO
0.6537131667137146,0.7228386998176575,4.3917899006373773e-07,0.5936343669891357,0.6926272511482239,-0.021682441234588623,0.5458856225013733,0.6433839797973633,-0.036746878176927567,0.5092880129814148,0.6034587621688843,-0.05048879235982895,0.47594112157821655,0.5773642063140869,-0.06476978957653046,0.5737667083740234,0.5114681720733643,-0.02363508753478527,0.55039381980896,0.42045363783836365,-0.04242020100355148,0.5377946496009827,0.3665614724159241,-0.05836568400263786,0.5289371609687805,0.32166558504104614,-0.06950604170560837,0.6130061149597168,0.49966001510620117,-0.027871906757354736,0.6006180644035339,0.398009717464447,-0.042866554111242294,0.5941005945205688,0.3370370864868164,-0.05762271583080292,0.5907185673713684,0.2875939607620239,-0.06852588057518005,0.6512330174446106,0.5081124305725098,-0.035047974437475204,0.6492018699645996,0.41700586676597595,-0.050226788967847824,0.647010326385498,0.3622600734233856,-0.06238319352269173,0.6458027958869934,0.31930801272392273,-0.07101014256477356,0.6881102919578552,0.5299981236457825,-0.0441744290292263,0.6982722878456116,0.45787882804870605,-0.05756676569581032,0.7027372121810913,0.4127720892429352,-0.06298910826444626,0.7070987224578857,0.37270617485046387,-0.06620659679174423,HELLO
0.6591880917549133,0.6554199457168579,4.2893182694569987e-07,0.5974246859550476,0.6093437075614929,-0.006720929406583309,0.550484299659729,0.549942135810852,-0.01048315316438675,0.5153371095657349,0.5014950633049011,-0.01580645889043808,0.48500150442123413,0.46533024311065674,-0.02119460329413414,0.5739884376525879,0.44113436341285706,0.008398392237722874,0.5577723979949951,0.36116984486579895,0.0015902308514341712,0.5489763021469116,0.31511226296424866,-0.008223098702728748,0.5427924990653992,0.2760917544364929,-0.015817973762750626,0.6115353107452393,0.42429301142692566,0.001757854945026338,0.6036516427993774,0.3341103196144104,-0.0007025822997093201,0.6006758809089661,0.2798610031604767,-0.010769788175821304,0.5999739170074463,0.23519554734230042,-0.019322672858834267,0.6491347551345825,0.42761892080307007,-0.0075361281633377075,0.6527579426765442,0.3456179201602936,-0.012206424959003925,0.6576393842697144,0.2940242886543274,-0.021099457517266273,0.6611999869346619,0.25121137499809265,-0.02879732847213745,0.6863199472427368,0.44673866033554077,-0.017881199717521667,0.6999325752258301,0.383444607257843,-0.021991165354847908,0.7083878517150879,0.3442174196243286,-0.023167289793491364,0.715080976486206,0.3101317584514618,-0.02423178032040596,HELLO
0.6537991762161255,0.6302405595779419,3.507177837036579e-07,0.5908956527709961,0.5970646739006042,0.0003866711922455579,0.5467556715011597,0.5411768555641174,-0.0015125308418646455,0.5131735801696777,0.49138396978378296,-0.004786287434399128,0.48427051305770874,0.45717737078666687,-0.008503762073814869,0.5696210861206055,0.4358024597167969,0.002210110891610384,0.5553619861602783,0.34542006254196167,-0.0027064771857112646,0.5515177249908447,0.29736828804016113,-0.00765601871535182,0.5499902963638306,0.2582448720932007,-0.011140282265841961,0.6081329584121704,0.4206213355064392,-0.005453198682516813,0.6037476062774658,0.31814828515052795,-0.006386114750057459,0.604805052280426,0.26233214139938354,-0.009967579506337643,0.6076202988624573,0.22206607460975647,-0.013558179140090942,0.6468608379364014,0.4249653220176697,-0.014228557236492634,0.6524293422698975,0.32878029346466064,-0.01681794784963131,0.6582800149917603,0.2742249369621277,-0.02120562084019184,0.6628028750419617,0.23347781598567963,-0.02569582685828209,0.684792697429657,0.4421510696411133,-0.022932646796107292,0.6994756460189819,0.3673901855945587,-0.024692608043551445,0.7094147205352783,0.3267219662666321,-0.02337711490690708,0.7169790267944336,0.29372480511665344,-0.02249939553439617,HELLO
0.6534348726272583,0.6249781250953674,3.082759008066205e-07,0.5902705192565918,0.5930858850479126,0.004930905997753143,0.5450617671012878,0.5419001579284668,0.006284213624894619,0.5117182731628418,0.4965363144874573,0.005294506438076496,0.4836094379425049,0.46499118208885193,0.0035354578867554665,0.5702277421951294,0.4353845417499542,0.009609628468751907,0.5560543537139893,0.3463556170463562,0.0072355796582996845,0.551386833190918,0.29842430353164673,0.003392669605091214,0.548129141330719,0.2610276937484741,0.00044209323823451996,0.6097542643547058,0.41881096363067627,0.0005981260910630226,0.6040114760398865,0.3195285499095917,0.0016798751894384623,0.6042413115501404,0.2646269202232361,-0.0019290276104584336,0.6056018471717834,0.22546552121639252,-0.005467449314892292,0.6484593152999878,0.42249616980552673,-0.009283714927732944,0.6499221920967102,0.33151736855506897,-0.010416600853204727,0.6540738940238953,0.27868083119392395,-0.015102805569767952,0.6566607356071472,0.23977315425872803,-0.019760098308324814,0.6862237453460693,0.44054359197616577,-0.018733356148004532,0.7002757787704468,0.3707679510116577,-0.019475892186164856,0.7082592248916626,0.3319135010242462,-0.01816384308040142,0.7139804363250732,0.3011068105697632,-0.017265453934669495,HELLO
0.6488359570503235,0.6619661450386047,3.4133148574255756e-07,0.5907352566719055,0.6224761009216309,-0.007571788039058447,0.5553056001663208,0.57423996925354,-0.017012154683470726,0.5317033529281616,0.5375486016273499,-0.027198661118745804,0.5083094239234924,0.5071802735328674,-0.03895697742700577,0.5765057802200317,0.4658569395542145,-0.01629689522087574,0.561056911945343,0.3762524127960205,-0.03140757977962494,0.555876612663269,0.32218703627586365,-0.04499682039022446,0.5522987246513367,0.27892380952835083,-0.05490978807210922,0.6138279438018799,0.4575521647930145,-0.024744370952248573,0.603329598903656,0.36137622594833374,-0.03641096130013466,0.599219560623169,0.3041197955608368,-0.04880426079034805,0.595285177230835,0.2602052688598633,-0.05898917466402054,0.6487097144126892,0.46848317980766296,-0.034735437482595444,0.6466864943504333,0.3826529383659363,-0.04609222710132599,0.6454019546508789,0.3315719962120056,-0.0556093268096447,0.644390344619751,0.29436370730400085,-0.06363816559314728,0.6850581169128418,0.4908505380153656,-0.04533914104104042,0.6922509670257568,0.4247840344905853,-0.05599585175514221,0.6948623061180115,0.3840967118740082,-0.06052311137318611,0.6964238882064819,0.34924179315567017,-0.06415027379989624,HELLO
0.6471529006958008,0.6564374566078186,4.2949110934387136e-07,0.593656063079834,0.6242130994796753,-0.017230352386832237,0.5580615401268005,0.578763484954834,-0.031451985239982605,0.5371302962303162,0.5442702770233154,-0.045124128460884094,0.51771080493927,0.5161736011505127,-0.060189325362443924,0.5741444230079651,0.46693992614746094,-0.026472793892025948,0.5604772567749023,0.3790803849697113,-0.045537084341049194,0.5537478923797607,0.32608211040496826,-0.06186337023973465,0.5493523478507996,0.282993346452713,-0.0739215537905693,0.6102558374404907,0.4600502550601959,-0.03241632133722305,0.6014959216117859,0.36543670296669006,-0.04788539558649063,0.5963589549064636,0.3099837303161621,-0.06421336531639099,0.5922321677207947,0.26598697900772095,-0.07751253247261047,0.6451031565666199,0.47132211923599243,-0.04050557687878609,0.6444545388221741,0.3873158097267151,-0.05524861440062523,0.6422282457351685,0.3381885290145874,-0.0686124786734581,0.640016496181488,0.3009493947029114,-0.07964184135198593,0.6809930801391602,0.4953377842903137,-0.04996104538440704,0.6895310878753662,0.43151190876960754,-0.06398528814315796,0.6922146677970886,0.39165329933166504,-0.07158724963665009,0.6935036182403564,0.3559609055519104,-0.07764822989702225,HELLO
0.6353094577789307,0.7183413505554199,4.441964165380341e-07,0.575759768486023,0.6933023929595947,-0.02590148150920868,0.5293113589286804,0.6438812017440796,-0.04115299880504608,0.49050337076187134,0.6034082770347595,-0.05383649840950966,0.45734477043151855,0.5738321542739868,-0.06699188798666,0.5635323524475098,0.5173647999763489,-0.024216433987021446,0.5444700717926025,0.43327128887176514,-0.04040054604411125,0.5333768129348755,0.38153785467147827,-0.05547814443707466,0.523675262928009,0.34042128920555115,-0.06688351184129715,0.6034165620803833,0.5059300065040588,-0.02585654705762863,0.6001701354980469,0.40761762857437134,-0.03897697106003761,0.5965400338172913,0.3470648229122162,-0.05317062884569168,0.5932039618492126,0.2992265224456787,-0.06407548487186432,0.6407020688056946,0.5154394507408142,-0.03095347061753273,0.6469237208366394,0.42388737201690674,-0.04593891650438309,0.6473347544670105,0.36737772822380066,-0.059625156223773956,0.6473320126533508,0.3211217522621155,-0.069740891456604,0.6770455837249756,0.5403138399124146,-0.03814905509352684,0.6944106817245483,0.47220489382743835,-0.05301368609070778,0.7029966115951538,0.4295920729637146,-0.06051058694720268,0.7097370624542236,0.39073416590690613,-0.06545177847146988,HELLO
0.6600954532623291,0.6547347903251648,4.591653919305827e-07,0.5996999740600586,0.6139993667602539,-0.008874471299350262,0.5534044504165649,0.5620582699775696,-0.015598808415234089,0.5199412107467651,0.5228057503700256,-0.023144731298089027,0.4925854802131653,0.4952314496040344,-0.03106282465159893,0.5730460286140442,0.4512603282928467,-0.0011390279978513718,0.5596460103988647,0.37200599908828735,-0.009972463361918926,0.5541470050811768,0.3231070637702942,-0.02098001167178154,0.5504552721977234,0.28107160329818726,-0.029517007991671562,0.6104772090911865,0.43625128269195557,-0.007089255377650261,0.6030019521713257,0.3468706011772156,-0.01200825534760952,0.6007128357887268,0.2930130362510681,-0.02262195385992527,0.6002112627029419,0.2496078610420227,-0.0315832756459713,0.6473293900489807,0.4401560425758362,-0.015186256729066372,0.6493342518806458,0.35984477400779724,-0.02098936028778553,0.6522948741912842,0.3106381297111511,-0.02912011183798313,0.6544241905212402,0.2727806568145752,-0.036066509783267975,0.6836873292922974,0.45786935091018677,-0.024419333785772324,0.6914109587669373,0.39412885904312134,-0.029152754694223404,0.6968168020248413,0.356334388256073,-0.02988775447010994,0.7007254958152771,0.3250819444656372,-0.030493373051285744,HELLO
0.6519221663475037,0.6246516108512878,4.026489079933526e-07,0.5954667329788208,0.5989484190940857,-0.012504389509558678,0.5558022856712341,0.5532443523406982,-0.022675925865769386,0.536679744720459,0.5092428922653198,-0.03245965391397476,0.518329918384552,0.4737478792667389,-0.0428219735622406,0.5722865462303162,0.4341491758823395,-0.017673570662736893,0.5582565665245056,0.3501937985420227,-0.032103125005960464,0.5552093982696533,0.3023090660572052,-0.04434271156787872,0.5548165440559387,0.26337581872940063,-0.05288628488779068,0.6095392107963562,0.42007821798324585,-0.02369074709713459,0.6037237644195557,0.32482773065567017,-0.03497794643044472,0.6032089591026306,0.274355411529541,-0.04552903771400452,0.6040206551551819,0.2375587671995163,-0.053657278418540955,0.6458770036697388,0.4255561828613281,-0.03161042556166649,0.6519849300384521,0.335884153842926,-0.043945230543613434,0.6578851938247681,0.28692328929901123,-0.05148059129714966,0.6634677052497864,0.2518264055252075,-0.057006578892469406,0.6819812655448914,0.44515398144721985,-0.040582701563835144,0.6927198171615601,0.3707982897758484,-0.051484741270542145,0.6999766826629639,0.331028014421463,-0.05330902338027954,0.705852210521698,0.2991553544998169,-0.05386314541101456,HELLO
0.6513227224349976,0.6216567754745483,3.536487440669589e-07,0.5933504104614258,0.5968350172042847,-0.003907684702426195,0.5555107593536377,0.5559803247451782,-0.009841304272413254,0.5374755859375,0.5197564959526062,-0.01611071079969406,0.5248192548751831,0.48805782198905945,-0.022800447419285774,0.5697178840637207,0.4421193301677704,-0.011438046582043171,0.5552772879600525,0.35512104630470276,-0.02078189142048359,0.5523552298545837,0.3078431487083435,-0.02774675376713276,0.5521078705787659,0.2714081406593323,-0.032064467668533325,0.6084478497505188,0.4256141483783722,-0.017937859520316124,0.5998367071151733,0.3275231122970581,-0.02388066239655018,0.5988567471504211,0.2759954035282135,-0.02865510620176792,0.5998868942260742,0.2405933290719986,-0.03227490186691284,0.6459365487098694,0.42988455295562744,-0.025287672877311707,0.6485008597373962,0.3397809565067291,-0.032027967274188995,0.651709794998169,0.2919884920120239,-0.034771714359521866,0.6548469066619873,0.26050108671188354,-0.036659564822912216,0.6826313734054565,0.4483206272125244,-0.032802581787109375,0.691788911819458,0.3752230107784271,-0.03732014074921608,0.6968957185745239,0.33843398094177246,-0.03460456430912018,0.7002597451210022,0.3120861053466797,-0.031631626188755035,HELLO
0.6402674913406372,0.6084520220756531,3.4674545190682693e-07,0.5846446752548218,0.5737696886062622,-0.0024264587555080652,0.5447400808334351,0.520172119140625,-0.007011603098362684,0.5170818567276001,0.4752691090106964,-0.012540549971163273,0.49338483810424805,0.4425310790538788,-0.018605083227157593,0.5677868723869324,0.4221749007701874,-0.007841905578970909,0.5529946088790894,0.3369051218032837,-0.017561642453074455,0.550123393535614,0.28962743282318115,-0.024823401123285294,0.550018310546875,0.25375640392303467,-0.029128996655344963,0.6044963002204895,0.40760359168052673,-0.015447939746081829,0.5990597605705261,0.31280606985092163,-0.021069766953587532,0.5985538363456726,0.26071691513061523,-0.026562046259641647,0.6007180213928223,0.2237948328256607,-0.030412476509809494,0.6420374512672424,0.40998145937919617,-0.02373046986758709,0.6461284756660461,0.3195260763168335,-0.02961072139441967,0.6495951414108276,0.2699602246284485,-0.0327017717063427,0.6534016132354736,0.23376910388469696,-0.034960661083459854,0.6786508560180664,0.426042377948761,-0.032155606895685196,0.6919879913330078,0.3538053631782532,-0.03726348653435707,0.6990561485290527,0.3102701008319855,-0.0359848327934742,0.7049574255943298,0.27414625883102417,-0.03370771184563637,HELLO
0.644567608833313,0.6050824522972107,3.273414677096298e-07,0.5888326168060303,0.5764958262443542,-0.006651689764112234,0.5452476143836975,0.5260552167892456,-0.014227990992367268,0.5116636753082275,0.48528340458869934,-0.022461675107479095,0.48323938250541687,0.4543490409851074,-0.031014367938041687,0.5682035684585571,0.422746866941452,-0.009452994912862778,0.553808331489563,0.33835479617118835,-0.020619850605726242,0.5514079332351685,0.29061245918273926,-0.029687892645597458,0.5517555475234985,0.2546127438545227,-0.035514120012521744,0.6046019792556763,0.4064594507217407,-0.016170984134078026,0.5990702509880066,0.3137056231498718,-0.02347099967300892,0.5993554592132568,0.26188981533050537,-0.03073420189321041,0.6024696230888367,0.22488084435462952,-0.036091264337301254,0.6420467495918274,0.40755695104599,-0.024205388501286507,0.6455488801002502,0.31737637519836426,-0.03140459954738617,0.6499504446983337,0.2674543261528015,-0.0355076789855957,0.6553417444229126,0.23009531199932098,-0.038793254643678665,0.6793641448020935,0.4220668375492096,-0.03280382230877876,0.6925375461578369,0.3508296608924866,-0.038739461451768875,0.7003196477890015,0.3069556951522827,-0.03800893947482109,0.707849383354187,0.27022629976272583,-0.03645455464720726,HELLO
0.6416440010070801,0.6049879789352417,3.5926143482356565e-07,0.5880914330482483,0.5762972831726074,-0.011240122839808464,0.5455499887466431,0.5264100432395935,-0.02039329707622528,0.5146520733833313,0.4852965474128723,-0.029654042795300484,0.48792344331741333,0.4537356197834015,-0.03937303647398949,0.5689216256141663,0.4188756048679352,-0.012549699284136295,0.5565776228904724,0.33727914094924927,-0.026556234806776047,0.5542153716087341,0.289315402507782,-0.03840996325016022,0.5542286038398743,0.25251245498657227,-0.046374350786209106,0.6047976016998291,0.40412870049476624,-0.018587574362754822,0.6009677052497864,0.31289172172546387,-0.02924487367272377,0.602096676826477,0.26151806116104126,-0.0395059660077095,0.6051591038703918,0.2243129014968872,-0.04676969721913338,0.6410500407218933,0.4075184464454651,-0.02653617598116398,0.6464055776596069,0.3191055357456207,-0.037711985409259796,0.6518480181694031,0.2704731225967407,-0.043923936784267426,0.657615065574646,0.23406864702701569,-0.04805075377225876,0.6776454448699951,0.42513391375541687,-0.03544372692704201,0.691179633140564,0.3538965582847595,-0.04538290575146675,0.698962926864624,0.31064391136169434,-0.04664665833115578,0.7060826420783997,0.27413541078567505,-0.04617450386285782,HELLO
0.6386681795120239,0.5982542037963867,2.6916461592918495e-07,0.583958625793457,0.5701863765716553,-0.014965246431529522,0.5368815660476685,0.5102015137672424,-0.02306622453033924,0.5001667141914368,0.46142712235450745,-0.030772503465414047,0.4667148292064667,0.42993950843811035,-0.038146473467350006,0.5678448677062988,0.4047921895980835,-0.006223475560545921,0.5555885434150696,0.3309396803379059,-0.017173301428556442,0.5497226119041443,0.28620362281799316,-0.028630685061216354,0.5453320145606995,0.24942748248577118,-0.03732325881719589,0.6043580770492554,0.39285218715667725,-0.010174336843192577,0.6021280884742737,0.3117450773715973,-0.017157625406980515,0.6027479767799377,0.26260536909103394,-0.026356834918260574,0.6039164066314697,0.2252015620470047,-0.03373994678258896,0.6405956745147705,0.39844217896461487,-0.017062056809663773,0.6479538679122925,0.32223886251449585,-0.025790279731154442,0.6519928574562073,0.2751857042312622,-0.03254590183496475,0.654114842414856,0.23832349479198456,-0.037724535912275314,0.675311267375946,0.41622602939605713,-0.025692231953144073,0.689798891544342,0.35502147674560547,-0.03390855714678764,0.6977611184120178,0.3162810802459717,-0.03603833168745041,0.7038714289665222,0.2839149236679077,-0.03709452599287033,HELLO
0.6379934549331665,0.5985740423202515,3.18050098258027e-07,0.5828940868377686,0.5696761608123779,-0.017141757532954216,0.53632652759552,0.5107078552246094,-0.026167742908000946,0.500838577747345,0.46232324838638306,-0.03447861596941948,0.4689781069755554,0.430414617061615,-0.04215048626065254,0.567837119102478,0.4023166000843048,-0.007180958986282349,0.5535344481468201,0.33015239238739014,-0.019247008487582207,0.5463317632675171,0.28776174783706665,-0.03127460554242134,0.540692925453186,0.2519824802875519,-0.040227461606264114,0.6042977571487427,0.3908085227012634,-0.010439813137054443,0.6015186309814453,0.3103010654449463,-0.018826810643076897,0.6011576652526855,0.26285916566848755,-0.028219109401106834,0.601685106754303,0.22623291611671448,-0.03550373762845993,0.639828622341156,0.39646482467651367,-0.017083022743463516,0.6476408839225769,0.3205721974372864,-0.027456102892756462,0.6511697769165039,0.2749728560447693,-0.03414887562394142,0.6530851721763611,0.23840752243995667,-0.03890273720026016,0.67379230260849,0.41465210914611816,-0.025668153539299965,0.6893524527549744,0.35213392972946167,-0.03548940643668175,0.6969574093818665,0.31314191222190857,-0.037935346364974976,0.7025505900382996,0.2794712781906128,-0.03892112150788307,HELLO
0.6385511755943298,0.5999031066894531,3.1488434615312144e-07,0.5838201642036438,0.5705190896987915,-0.01804257184267044,0.5368337035179138,0.5124925374984741,-0.027424892410635948,0.5011837482452393,0.46477699279785156,-0.03599238023161888,0.46987253427505493,0.43229830265045166,-0.04388347268104553,0.5680045485496521,0.40192314982414246,-0.007863892242312431,0.5536481142044067,0.32951152324676514,-0.0205901637673378,0.5461140871047974,0.2867670953273773,-0.03316817060112953,0.5401331186294556,0.2506938576698303,-0.04244493693113327,0.6045593023300171,0.3903334140777588,-0.01084391213953495,0.6018082499504089,0.3108002245426178,-0.019797468557953835,0.6015355587005615,0.263477623462677,-0.02955714613199234,0.6023191213607788,0.22695603966712952,-0.037024401128292084,0.6401145458221436,0.3962160348892212,-0.017355605959892273,0.6480534076690674,0.3218955099582672,-0.028291726484894753,0.6523462533950806,0.2771961987018585,-0.03512762486934662,0.6553025245666504,0.2415841668844223,-0.03981611505150795,0.6739081740379333,0.4148576855659485,-0.02594095841050148,0.68942791223526,0.35345327854156494,-0.03629020228981972,0.6975586414337158,0.31493592262268066,-0.038956429809331894,0.704156756401062,0.2817104756832123,-0.039940979331731796,HELLO
0.6148174405097961,0.6684807538986206,4.0918018839875003e-07,0.5603318214416504,0.6327688694000244,-0.016614343971014023,0.5299619436264038,0.583582878112793,-0.026195799931883812,0.5132447481155396,0.5389571189880371,-0.03432551026344299,0.5011915564537048,0.5068074464797974,-0.04267983138561249,0.5520146489143372,0.4927782416343689,-0.007890122942626476,0.5357129573822021,0.4061947464942932,-0.015739157795906067,0.5290375351905823,0.357717365026474,-0.024670761078596115,0.5239952206611633,0.320315420627594,-0.03205505758523941,0.59296053647995,0.4817391037940979,-0.008678263053297997,0.5897185206413269,0.38021939992904663,-0.01446989644318819,0.5906708836555481,0.3243773281574249,-0.024458877742290497,0.5884607434272766,0.283860445022583,-0.0333838053047657,0.6290295720100403,0.4904319643974304,-0.012310118414461613,0.6367888450622559,0.40488266944885254,-0.01883280836045742,0.6385393738746643,0.35774660110473633,-0.025845779106020927,0.6405224800109863,0.3242219388484955,-0.03241541236639023,0.6673654913902283,0.5142307281494141,-0.017414260655641556,0.6838548183441162,0.4470304250717163,-0.021728763356804848,0.6925438642501831,0.4072873294353485,-0.023241551592946053,0.6987856030464172,0.3755686283111572,-0.025548554956912994,HELLO
0.626545250415802,0.6964055299758911,4.453121107417246e-07,0.5739344954490662,0.6671457290649414,-0.022554054856300354,0.5326107144355774,0.6159554123878479,-0.03778941556811333,0.5043449401855469,0.5739631056785583,-0.05080854892730713,0.4772278666496277,0.5509864091873169,-0.06402960419654846,0.5538868308067322,0.5103672742843628,-0.028094997629523277,0.5365869402885437,0.42452678084373474,-0.04689440876245499,0.5287036895751953,0.370463490486145,-0.061342913657426834,0.5234862565994263,0.3275832533836365,-0.07151290774345398,0.592743992805481,0.49671056866645813,-0.03019271232187748,0.5909886360168457,0.4011898636817932,-0.04504363611340523,0.590896487236023,0.3430638909339905,-0.05743847414851189,0.5916771292686462,0.2965794503688812,-0.06649044156074524,0.6302222609519958,0.5040871500968933,-0.03490021079778671,0.6368479132652283,0.41938871145248413,-0.048561014235019684,0.6394174098968506,0.3683698773384094,-0.05716339498758316,0.6416717767715454,0.3283476233482361,-0.06320670247077942,0.6673049926757812,0.5257897973060608,-0.04156666621565819,0.6826852560043335,0.4588019847869873,-0.05281435698270798,0.6902431845664978,0.4159278869628906,-0.05619290471076965,0.6961876153945923,0.37943035364151,-0.05794895067811012,HELLO
0.6244627833366394,0.6942217946052551,4.697075439707987e-07,0.5718424916267395,0.6611805558204651,-0.012502381578087807,0.5327906012535095,0.6101793050765991,-0.02150115929543972,0.5035245418548584,0.573404848575592,-0.03011186048388481,0.475527822971344,0.5586996078491211,-0.03987732157111168,0.553778350353241,0.5083630084991455,-0.016015058383345604,0.5383989810943604,0.4244953989982605,-0.028781261295080185,0.5300307869911194,0.3726799488067627,-0.039113663136959076,0.5241634845733643,0.3300881087779999,-0.04699297621846199,0.5919380784034729,0.4945080280303955,-0.021916858851909637,0.5905243158340454,0.39782342314720154,-0.032627809792757034,0.5903367400169373,0.3385952413082123,-0.04370955377817154,0.5908545851707458,0.29171204566955566,-0.05207056552171707,0.6293068528175354,0.5017873048782349,-0.029513031244277954,0.6375067234039307,0.4176710844039917,-0.04139407351613045,0.6403160095214844,0.3670647144317627,-0.050888534635305405,0.6415526866912842,0.32686054706573486,-0.05760817229747772,0.6664872169494629,0.5238466858863831,-0.0379183404147625,0.6841843724250793,0.4577552080154419,-0.04787386208772659,0.692992627620697,0.41575437784194946,-0.05104050040245056,0.699468195438385,0.37938129901885986,-0.05294262245297432,HELLO
0.6403729915618896,0.6069532632827759,2.730740789047559e-07,0.5859314799308777,0.5752658247947693,-0.020447323098778725,0.539921760559082,0.5130978226661682,-0.031299710273742676,0.5025163292884827,0.4643546938896179,-0.041275251656770706,0.4672878384590149,0.43305009603500366,-0.0510232113301754,0.5708855390548706,0.4038732349872589,-0.010103264823555946,0.5569585561752319,0.32893070578575134,-0.026068197563290596,0.5532764196395874,0.28199511766433716,-0.04194406419992447,0.5519497990608215,0.24306824803352356,-0.05357053875923157,0.6090161204338074,0.39277440309524536,-0.013276324607431889,0.6055030226707458,0.31179115176200867,-0.025886721909046173,0.6055834889411926,0.26175928115844727,-0.0395796112716198,0.6065493226051331,0.2207968682050705,-0.04976705461740494,0.6461575031280518,0.3992217481136322,-0.02015378698706627,0.6525865793228149,0.32303258776664734,-0.034169670194387436,0.6562990546226501,0.2735152840614319,-0.04350223019719124,0.6585327982902527,0.23281227052211761,-0.04978356137871742,0.6811801195144653,0.4193341135978699,-0.02927248179912567,0.6944566369056702,0.35604333877563477,-0.041684750467538834,0.7026801109313965,0.316001832485199,-0.045500822365283966,0.7092533111572266,0.2810208201408386,-0.04739539325237274,HELLO
0.6538154482841492,0.6249817609786987,1.2572832019941416e-07,0.5858924984931946,0.5835877656936646,0.010331054218113422,0.546866238117218,0.531366229057312,0.009681031107902527,0.5121057033538818,0.4879956841468811,0.00643556285649538,0.4830530881881714,0.45386266708374023,0.002819647081196308,0.5743337273597717,0.41977331042289734,0.007172142621129751,0.5572484731674194,0.3282216191291809,0.008185225538909435,0.5533170104026794,0.2815064787864685,0.009762626141309738,0.5517565011978149,0.24678514897823334,0.011293008923530579,0.6148971319198608,0.4074099361896515,-0.0016128984279930592,0.6072908639907837,0.30823612213134766,0.0015903472667559981,0.6058251857757568,0.2620745301246643,0.006049626972526312,0.6052508354187012,0.23011918365955353,0.009289782494306564,0.6534460186958313,0.4149393141269684,-0.010481867007911205,0.6639699339866638,0.3230059742927551,-0.008618449792265892,0.6695137619972229,0.27007368206977844,-0.006193134933710098,0.6726090908050537,0.23267491161823273,-0.005517430137842894,0.6875274181365967,0.43531015515327454,-0.018128812313079834,0.7043524980545044,0.368410587310791,-0.014115856029093266,0.7151855230331421,0.3322873115539551,-0.007899336516857147,0.7221835851669312,0.304342120885849,-0.003434095298871398,HELLO
0.6504462361335754,0.6126060485839844,2.442543518554885e-07,0.5828076004981995,0.5795024633407593,0.02045743726193905,0.542428731918335,0.5309802293777466,0.02649146132171154,0.510992169380188,0.49291929602622986,0.02992616593837738,0.4838269352912903,0.46005383133888245,0.03222069516777992,0.5733947157859802,0.41749313473701477,0.007321735844016075,0.5590341687202454,0.3237723112106323,0.010318685322999954,0.5566416382789612,0.27609652280807495,0.016007445752620697,0.5576759576797485,0.2414352297782898,0.02182747982442379,0.6152222752571106,0.4037555754184723,-0.002158731920644641,0.6116182208061218,0.30086472630500793,0.004123962018638849,0.6145883202552795,0.25220412015914917,0.013117795810103416,0.6175729632377625,0.21904730796813965,0.020544512197375298,0.6542260646820068,0.41096943616867065,-0.010028614662587643,0.6613528728485107,0.3184882402420044,-0.00803003553301096,0.6688036918640137,0.26686516404151917,-0.0042639016173779964,0.6735422611236572,0.23055917024612427,-0.0007355976849794388,0.6896120309829712,0.431243360042572,-0.014756308868527412,0.7059284448623657,0.3606797158718109,-0.009887796826660633,0.7171010971069336,0.3235822916030884,-0.0020813203882426023,0.7244667410850525,0.297728031873703,0.004844486713409424,HELLO
0.6386339664459229,0.63223797082901,3.387273750377062e-07,0.5865544080734253,0.5959619283676147,-0.01642758771777153,0.5498968362808228,0.5432984828948975,-0.027901720255613327,0.5288019180297852,0.500331461429596,-0.03869297727942467,0.5135797262191772,0.4641038179397583,-0.04970188066363335,0.5686910152435303,0.4384100139141083,-0.016541697084903717,0.5578914880752563,0.35235247015953064,-0.031778715550899506,0.555277407169342,0.303081750869751,-0.04521474987268448,0.5542942881584167,0.2643684148788452,-0.05491674318909645,0.6059730052947998,0.42459920048713684,-0.021177103742957115,0.601028561592102,0.3314017653465271,-0.03346634283661842,0.6013756394386292,0.2793405055999756,-0.04626414552330971,0.6021304130554199,0.2391761690378189,-0.05630702152848244,0.6417694687843323,0.42933425307273865,-0.028456201776862144,0.6480894088745117,0.3427864909172058,-0.041254185140132904,0.6546500325202942,0.2920711040496826,-0.05020388588309288,0.6611980199813843,0.2527347803115845,-0.05714990943670273,0.6764370203018188,0.4475494921207428,-0.03723842278122902,0.6890372633934021,0.3776836395263672,-0.04855438321828842,0.697248637676239,0.3350445032119751,-0.05147771164774895,0.7040475010871887,0.2989826202392578,-0.05326211452484131,HELLO
0.6256532073020935,0.7055160999298096,5.466436618917214e-07,0.5640367865562439,0.6835243701934814,-0.0481983982026577,0.5282796025276184,0.6371187567710876,-0.07614193856716156,0.5128186941146851,0.5920240879058838,-0.09870225191116333,0.5021774768829346,0.5593709945678711,-0.1219640001654625,0.5585368275642395,0.5169159173965454,-0.0516260489821434,0.5374040603637695,0.4289376437664032,-0.0804920494556427,0.5282089114189148,0.37337741255760193,-0.10414186865091324,0.5216125249862671,0.3307100832462311,-0.12147919088602066,0.6027846336364746,0.5049031972885132,-0.048222433775663376,0.6003552675247192,0.40243294835090637,-0.07396062463521957,0.5987295508384705,0.3416147530078888,-0.0972626656293869,0.5963298082351685,0.2964177131652832,-0.11488702893257141,0.641855001449585,0.516403317451477,-0.05008674040436745,0.6495490670204163,0.42526158690452576,-0.07627518475055695,0.6524098515510559,0.36747241020202637,-0.0966874361038208,0.6552024483680725,0.32402265071868896,-0.11166740953922272,0.6776546835899353,0.5448989868164062,-0.055884379893541336,0.6978214383125305,0.48280414938926697,-0.07995545864105225,0.7082605361938477,0.4391396939754486,-0.09300738573074341,0.7169690132141113,0.40258127450942993,-0.1026197224855423,HELLO
0.6305028796195984,0.7402679324150085,4.5034772711005644e-07,0.572134792804718,0.7092430591583252,-0.025981806218624115,0.5292303562164307,0.6548294425010681,-0.04157522693276405,0.5032927393913269,0.6078574657440186,-0.05510031059384346,0.4785190224647522,0.5773635506629944,-0.06891879439353943,0.5613198280334473,0.5303019881248474,-0.0265677347779274,0.5426021218299866,0.4436118006706238,-0.04784609377384186,0.5321036577224731,0.386195570230484,-0.06628258526325226,0.5243028402328491,0.34095415472984314,-0.07952412217855453,0.6019414067268372,0.5177313685417175,-0.03019191138446331,0.5980934500694275,0.4190555214881897,-0.04737774282693863,0.5964254140853882,0.35656750202178955,-0.06421457976102829,0.5963265299797058,0.30723822116851807,-0.07636130601167679,0.6398817300796509,0.528910756111145,-0.03727555647492409,0.6468153595924377,0.43632838129997253,-0.05534213408827782,0.6509303450584412,0.3785327076911926,-0.06987187266349792,0.6547342538833618,0.3330218195915222,-0.08008880913257599,0.6757910251617432,0.5586432218551636,-0.046640023589134216,0.6966752409934998,0.4943099021911621,-0.06431932002305984,0.7078117728233337,0.45149269700050354,-0.07222453504800797,0.717971920967102,0.4145437479019165,-0.0767691507935524,HELLO
0.6275005340576172,0.747236967086792,4.635397203855973e-07,0.5701009631156921,0.7146994471549988,-0.02660483680665493,0.5281040072441101,0.6587044596672058,-0.04167908802628517,0.5037268996238708,0.6078574657440186,-0.05470418557524681,0.480530321598053,0.5754246115684509,-0.06804003566503525,0.560648500919342,0.5303660035133362,-0.02462540566921234,0.541945219039917,0.44168156385421753,-0.04546377807855606,0.5303441286087036,0.38524729013442993,-0.0636272132396698,0.5221992135047913,0.3391392230987549,-0.07677001506090164,0.601889431476593,0.5177201628684998,-0.028072066605091095,0.5977134704589844,0.4166027903556824,-0.04462652653455734,0.5949000716209412,0.3530087471008301,-0.0617445707321167,0.5938485264778137,0.30108529329299927,-0.07443159073591232,0.6402243375778198,0.5290536880493164,-0.03517979383468628,0.6474092602729797,0.4372933804988861,-0.05266061797738075,0.6503183841705322,0.38005396723747253,-0.06706365942955017,0.6524518728256226,0.333354115486145,-0.07744086533784866,0.6759446263313293,0.5585964322090149,-0.044749267399311066,0.6955695748329163,0.49428635835647583,-0.06139492616057396,0.7056492567062378,0.45132166147232056,-0.06865504384040833,0.7145124673843384,0.41361135244369507,-0.07313019782304764,HELLO
0.6548412442207336,0.6301974654197693,1.4346788645980268e-07,0.5931961536407471,0.5949579477310181,-0.003951059188693762,0.5476477742195129,0.5406473875045776,-0.013220944441854954,0.5078949332237244,0.4917384386062622,-0.022844715043902397,0.4763678014278412,0.4556504189968109,-0.03279362618923187,0.5807217359542847,0.435549259185791,-0.022691980004310608,0.5635585188865662,0.33333611488342285,-0.03628253564238548,0.5610678195953369,0.28587085008621216,-0.042720139026641846,0.5625265836715698,0.25052815675735474,-0.04583962634205818,0.6189441680908203,0.4240790903568268,-0.02932211197912693,0.6144459247589111,0.30849719047546387,-0.03942946717143059,0.6164308786392212,0.25270015001296997,-0.041972339153289795,0.6208958625793457,0.21327348053455353,-0.04352935031056404,0.6572108268737793,0.4312135577201843,-0.03603275865316391,0.6659570932388306,0.32685229182243347,-0.044247616082429886,0.6733639240264893,0.2731150984764099,-0.04566463455557823,0.6801159977912903,0.23492740094661713,-0.047078803181648254,0.6922919750213623,0.45216310024261475,-0.042621564120054245,0.7079650163650513,0.3808087408542633,-0.04623381420969963,0.7166720032691956,0.3455269932746887,-0.0423942394554615,0.7234466075897217,0.3189866542816162,-0.0393388494849205,HELLO
0.6573392152786255,0.6287657618522644,3.124352190297941e-07,0.5938578248023987,0.5963342189788818,0.0024020953569561243,0.5487388372421265,0.5428568124771118,-0.003870804561302066,0.5139480233192444,0.4933834969997406,-0.011437122710049152,0.48346400260925293,0.4543793499469757,-0.019714321941137314,0.5769571661949158,0.44069117307662964,-0.015791654586791992,0.5646727085113525,0.3446950316429138,-0.02715684287250042,0.5620644092559814,0.29293298721313477,-0.03261595964431763,0.562836229801178,0.2533860206604004,-0.03513815626502037,0.6172977089881897,0.42733970284461975,-0.02624138817191124,0.6141085624694824,0.3159067630767822,-0.036589622497558594,0.617060124874115,0.2565688490867615,-0.0396876335144043,0.6223139762878418,0.21461471915245056,-0.04091153293848038,0.6569714546203613,0.4323488771915436,-0.03626984730362892,0.6641754508018494,0.32811105251312256,-0.04709913954138756,0.6742596626281738,0.27396875619888306,-0.049013592302799225,0.6828181147575378,0.23649530112743378,-0.04913552477955818,0.6935959458351135,0.45134806632995605,-0.04526462033390999,0.705855667591095,0.37077516317367554,-0.05027775093913078,0.7154850959777832,0.33852577209472656,-0.04525328800082207,0.7243244647979736,0.3197530508041382,-0.04025818780064583,HELLO
0.6792569756507874,0.6979632377624512,4.6569053324674314e-07,0.6215844750404358,0.6695371866226196,-0.026183556765317917,0.5783883333206177,0.608802080154419,-0.037915077060461044,0.544697105884552,0.5588006973266602,-0.04689083620905876,0.5139245986938477,0.5248723030090332,-0.05564111843705177,0.6159098744392395,0.5006301999092102,-0.020093979313969612,0.6090775728225708,0.42150115966796875,-0.03650962561368942,0.606697678565979,0.369418203830719,-0.052131880074739456,0.6051581501960754,0.32604479789733887,-0.06372075527906418,0.6533905863761902,0.49439820647239685,-0.02043147012591362,0.6522073745727539,0.4119233787059784,-0.033361706882715225,0.6520609855651855,0.3582337498664856,-0.04695506766438484,0.6520649790763855,0.31561142206192017,-0.0569775328040123,0.6902493238449097,0.5062847137451172,-0.024457421153783798,0.6983174085617065,0.4307750463485718,-0.040044933557510376,0.7031782865524292,0.3844848573207855,-0.05110422521829605,0.706892728805542,0.3449510931968689,-0.05833612009882927,0.7258991003036499,0.532090425491333,-0.030848467722535133,0.741365373134613,0.47145360708236694,-0.047190889716148376,0.7519602179527283,0.4353170692920685,-0.053870558738708496,0.7605324983596802,0.40114882588386536,-0.05722367390990257,HELLO
0.6796727180480957,0.7142207622528076,4.326952023347985e-07,0.6240721940994263,0.6793319582939148,-0.025419073179364204,0.5794848203659058,0.6192204356193542,-0.038118939846754074,0.544886589050293,0.5691406726837158,-0.048392415046691895,0.5151123404502869,0.5309301018714905,-0.057679712772369385,0.6166134476661682,0.5012874007225037,-0.017207995057106018,0.6077404022216797,0.42079445719718933,-0.03367398679256439,0.6027029752731323,0.36986345052719116,-0.04932449758052826,0.5993547439575195,0.32697534561157227,-0.06092451512813568,0.6542328000068665,0.4942857325077057,-0.01806190051138401,0.6523200273513794,0.40870440006256104,-0.030605362728238106,0.6525536179542542,0.3546649217605591,-0.04369860142469406,0.6529139280319214,0.3109244108200073,-0.05354420095682144,0.6908501982688904,0.5061498880386353,-0.02286403998732567,0.699428915977478,0.42863982915878296,-0.03752816841006279,0.7049651145935059,0.3798864781856537,-0.047686509788036346,0.7076020836830139,0.33917152881622314,-0.05444518104195595,0.7262166738510132,0.5324257612228394,-0.030198441818356514,0.7434923052787781,0.46875810623168945,-0.04436269402503967,0.7525143027305603,0.4299631118774414,-0.04990118741989136,0.7589332461357117,0.3950519561767578,-0.05275705084204674,HELLO
0.6567867398262024,0.7339346408843994,4.4115836317359935e-07,0.6011027097702026,0.7017652988433838,-0.027210388332605362,0.5538632273674011,0.647606611251831,-0.044156450778245926,0.5179804563522339,0.6028097867965698,-0.0592111200094223,0.4867594838142395,0.5657212734222412,-0.07430151849985123,0.5792192220687866,0.5309311151504517,-0.025502027943730354,0.5633978843688965,0.4469740688800812,-0.04770319536328316,0.5558871030807495,0.3951570987701416,-0.06617849320173264,0.5507603287696838,0.3538750112056732,-0.07918475568294525,0.6172706484794617,0.5205479264259338,-0.027739377692341805,0.6150758266448975,0.43168380856513977,-0.04685703292489052,0.6157100200653076,0.37824082374572754,-0.06360148638486862,0.6171263456344604,0.33446624875068665,-0.07584507018327713,0.6539458632469177,0.5282136797904968,-0.034086741507053375,0.6595932841300964,0.4445861577987671,-0.05308320000767708,0.6633147597312927,0.39229530096054077,-0.06632845103740692,0.6654624938964844,0.34910881519317627,-0.07560108602046967,0.6898619532585144,0.5504542589187622,-0.0429590679705143,0.7066551446914673,0.4853549003601074,-0.06007569283246994,0.7143856883049011,0.4418067932128906,-0.06829620897769928,0.719680666923523,0.40194427967071533,-0.07365205138921738,HELLO
0.655620813369751,0.7445281744003296,3.491514917186578e-07,0.597636878490448,0.7184296250343323,-0.02144586853682995,0.5439537763595581,0.6613456606864929,-0.03101888671517372,0.5044565200805664,0.6137687563896179,-0.03873936086893082,0.46956878900527954,0.5829735994338989,-0.045937132090330124,0.5718441009521484,0.5375994443893433,-0.01008159015327692,0.5477248430252075,0.4606136083602905,-0.022272508591413498,0.5340462327003479,0.41304147243499756,-0.03511122241616249,0.5251636505126953,0.37316012382507324,-0.04531451687216759,0.6090420484542847,0.5219310522079468,-0.012057929299771786,0.5975005626678467,0.43355998396873474,-0.019833430647850037,0.5933972001075745,0.37979963421821594,-0.030443303287029266,0.5923673510551453,0.33619043231010437,-0.039413318037986755,0.6467372179031372,0.527370035648346,-0.017911767587065697,0.6451522707939148,0.44401150941848755,-0.02845686301589012,0.6444351673126221,0.3924613893032074,-0.03859376534819603,0.6430044174194336,0.34881591796875,-0.04693165421485901,0.6842737197875977,0.547981858253479,-0.026042697951197624,0.6939839720726013,0.48437508940696716,-0.037012793123722076,0.6992485523223877,0.4444328546524048,-0.042241211980581284,0.7033617496490479,0.40725791454315186,-0.04615913704037666,HELLO
0.656955361366272,0.750099241733551,3.304487279365276e-07,0.5991823077201843,0.7190538644790649,-0.019771946594119072,0.5444825291633606,0.6585772633552551,-0.026940548792481422,0.5041818022727966,0.6115769147872925,-0.032939255237579346,0.46757271885871887,0.583659827709198,-0.03866611421108246,0.5736356973648071,0.5342332720756531,-0.004749749321490526,0.5487860441207886,0.45850715041160583,-0.01603022962808609,0.53484046459198,0.41176146268844604,-0.029151879251003265,0.524773895740509,0.37056630849838257,-0.04000446945428848,0.6106020212173462,0.5192080736160278,-0.007643164601176977,0.5984469652175903,0.43159884214401245,-0.015120819211006165,0.5928869247436523,0.37766510248184204,-0.026748741045594215,0.5892704129219055,0.33282792568206787,-0.03664899617433548,0.6483957171440125,0.5255115628242493,-0.01455117017030716,0.6481484770774841,0.4442782700061798,-0.025167524814605713,0.6473272442817688,0.394327849149704,-0.035313982516527176,0.6451264023780823,0.3519188165664673,-0.043594203889369965,0.6853537559509277,0.547160267829895,-0.023761095479130745,0.6953353881835938,0.4840143024921417,-0.03425007686018944,0.7006820440292358,0.4453076720237732,-0.038774050772190094,0.7047417163848877,0.40869930386543274,-0.0423632450401783,HELLO
0.6577000021934509,0.7509980201721191,3.2267340088765195e-07,0.6008288264274597,0.7193278074264526,-0.019713571295142174,0.5456705689430237,0.6594108939170837,-0.027391022071242332,0.5045701265335083,0.6135303378105164,-0.0339696928858757,0.4680139422416687,0.5857059359550476,-0.040261246263980865,0.5736510753631592,0.5339446067810059,-0.0052998061291873455,0.5487961769104004,0.4587198495864868,-0.01720539852976799,0.5342792868614197,0.41244179010391235,-0.03068729303777218,0.52398681640625,0.37164169549942017,-0.04169132933020592,0.6102629899978638,0.5182390809059143,-0.008377905935049057,0.5978872776031494,0.4297822117805481,-0.016142303124070168,0.592258095741272,0.3758363723754883,-0.02747398614883423,0.5889902710914612,0.3310168981552124,-0.037164293229579926,0.6479657292366028,0.5245130062103271,-0.015486104413866997,0.6478526592254639,0.44266384840011597,-0.026075974106788635,0.6477606296539307,0.3934338092803955,-0.03558414429426193,0.6463528871536255,0.35192084312438965,-0.04348837584257126,0.6850035190582275,0.5466837286949158,-0.02495172992348671,0.695442795753479,0.4839377999305725,-0.03510984405875206,0.7012712955474854,0.4456685185432434,-0.039096053689718246,0.7058055400848389,0.40974199771881104,-0.04235927388072014,HELLO
0.6581804156303406,0.7437700629234314,3.6762642707799387e-07,0.6024342179298401,0.7090709209442139,-0.019980413839221,0.5509755611419678,0.6483632922172546,-0.03067925199866295,0.5121814608573914,0.601107656955719,-0.04044000431895256,0.47670978307724,0.570936918258667,-0.05004732310771942,0.5805665850639343,0.5236449837684631,-0.01227304246276617,0.5602623820304871,0.4410131573677063,-0.028680751100182533,0.5498099327087402,0.3912601172924042,-0.04402501881122589,0.5432790517807007,0.3491343855857849,-0.055441681295633316,0.618815004825592,0.510668158531189,-0.016483478248119354,0.6119778156280518,0.4174692630767822,-0.028420638293027878,0.6088400483131409,0.363014817237854,-0.04094311594963074,0.6071111559867859,0.3185983896255493,-0.05061565339565277,0.6563044190406799,0.518794059753418,-0.024351751431822777,0.6588215231895447,0.4335164725780487,-0.037781983613967896,0.6592901945114136,0.3833561837673187,-0.04624919593334198,0.6584253311157227,0.3411605656147003,-0.05278417095541954,0.6924289464950562,0.5437663793563843,-0.034461572766304016,0.7046461701393127,0.4796951413154602,-0.0463760569691658,0.7121535539627075,0.4407358169555664,-0.04925825819373131,0.7179276943206787,0.4050755500793457,-0.05097905173897743,HELLO
0.6591460108757019,0.7446866035461426,3.527273122472252e-07,0.6039185523986816,0.7087915539741516,-0.022294282913208008,0.5512585639953613,0.6478254795074463,-0.03404912352561951,0.5090661644935608,0.6013728380203247,-0.04456573724746704,0.4724213182926178,0.5694905519485474,-0.0547918938100338,0.5799610018730164,0.5227566957473755,-0.012226840481162071,0.5598671436309814,0.4422602653503418,-0.0292357187718153,0.5494310855865479,0.39329445362091064,-0.045508112758398056,0.5432599782943726,0.3512071669101715,-0.057664986699819565,0.618176281452179,0.5101720094680786,-0.015731295570731163,0.6113267540931702,0.4205334186553955,-0.028213728219270706,0.6087046265602112,0.3665657341480255,-0.041273556649684906,0.6073384284973145,0.32237422466278076,-0.051556240767240524,0.6559916138648987,0.5189000368118286,-0.023422669619321823,0.6610528230667114,0.4367617070674896,-0.03754228353500366,0.6632911562919617,0.3877788782119751,-0.046692363917827606,0.6634131669998169,0.34662508964538574,-0.05368697643280029,0.6919858455657959,0.5445986390113831,-0.033619433641433716,0.7052668333053589,0.48140981793403625,-0.0459304004907608,0.7130442261695862,0.4430322051048279,-0.04947098344564438,0.7189061641693115,0.4079529047012329,-0.05185159295797348,HELLO
0.6585938334465027,0.7449337840080261,3.542174908943707e-07,0.6034939289093018,0.7089243531227112,-0.02052517794072628,0.5515716075897217,0.6467862129211426,-0.031348004937171936,0.5108449459075928,0.6005142331123352,-0.04119839891791344,0.4746556282043457,0.5699239373207092,-0.051044512540102005,0.5809105038642883,0.5227885842323303,-0.011982087977230549,0.5604949593544006,0.44195008277893066,-0.028590233996510506,0.5496720671653748,0.39228302240371704,-0.04421107843518257,0.543077826499939,0.34976470470428467,-0.055972568690776825,0.6191336512565613,0.510800838470459,-0.01612131856381893,0.6147545576095581,0.42081987857818604,-0.028361747041344643,0.6138595342636108,0.3680498003959656,-0.040832772850990295,0.6140482425689697,0.3254204988479614,-0.0506034716963768,0.6567134857177734,0.5201229453086853,-0.024180307984352112,0.6620115637779236,0.4376622438430786,-0.03808420151472092,0.6641252636909485,0.38946959376335144,-0.04669004678726196,0.6644896864891052,0.3490813374519348,-0.05326293036341667,0.6922473311424255,0.5458608865737915,-0.03455190360546112,0.7052751183509827,0.4819117486476898,-0.04682331532239914,0.7130634784698486,0.4428783059120178,-0.05013921111822128,0.7189890742301941,0.4070877134799957,-0.05230413004755974,HELLO
0.6593921780586243,0.745122492313385,3.359557751991815e-07,0.6029200553894043,0.7106923460960388,-0.018789254128932953,0.5508149862289429,0.6474760174751282,-0.02672196738421917,0.5111068487167358,0.6002496480941772,-0.03389923647046089,0.47528886795043945,0.5708156824111938,-0.04101740941405296,0.5832077860832214,0.5206729769706726,-0.005220673978328705,0.561593770980835,0.4426465928554535,-0.017441080883145332,0.549580454826355,0.3956940174102783,-0.0308783371001482,0.5409458875656128,0.35448652505874634,-0.04167916998267174,0.6222836971282959,0.5068974494934082,-0.009370428510010242,0.6158791780471802,0.41632354259490967,-0.017456987872719765,0.6127117276191711,0.3624591529369354,-0.028896057978272438,0.6103050112724304,0.31884104013442993,-0.038547154515981674,0.660356342792511,0.5152927041053772,-0.017463935539126396,0.6661916375160217,0.4344547688961029,-0.028141364455223083,0.6676160097122192,0.38684898614883423,-0.03702874481678009,0.6666465997695923,0.34725189208984375,-0.04429898411035538,0.6958093643188477,0.5398159027099609,-0.02786538563668728,0.7093726992607117,0.4769116938114166,-0.03769534081220627,0.71672523021698,0.43828919529914856,-0.04103628545999527,0.7220478653907776,0.40235304832458496,-0.04369734972715378,HELLO
0.6600145697593689,0.7459664344787598,3.300860669241956e-07,0.603246808052063,0.7111627459526062,-0.020553123205900192,0.5513344407081604,0.6496727466583252,-0.02992619201540947,0.5113779306411743,0.6018657088279724,-0.03828335180878639,0.47589531540870667,0.5698518753051758,-0.04633750766515732,0.5834376811981201,0.5195918679237366,-0.005952591076493263,0.5628253817558289,0.44152092933654785,-0.019135331735014915,0.5503058433532715,0.3949427306652069,-0.03377758339047432,0.540799617767334,0.353781521320343,-0.04546544700860977,0.622275710105896,0.5061752796173096,-0.009599456563591957,0.6163159608840942,0.4156690835952759,-0.01837349869310856,0.612959623336792,0.36136096715927124,-0.03054914064705372,0.6100958585739136,0.31657305359840393,-0.04085956886410713,0.6600769758224487,0.5147504210472107,-0.017460213974118233,0.6652169227600098,0.43322956562042236,-0.028717586770653725,0.6675814390182495,0.38487592339515686,-0.03807999938726425,0.6675108075141907,0.34466803073883057,-0.0457642637193203,0.6954748034477234,0.5395360589027405,-0.02783462591469288,0.7093217968940735,0.4768162965774536,-0.03823152184486389,0.7172287106513977,0.4380685091018677,-0.04202417656779289,0.7233625650405884,0.4020237624645233,-0.04505077749490738,HELLO
0.661868155002594,0.7473196983337402,3.590905919281795e-07,0.6029888987541199,0.7170510292053223,-0.022106414660811424,0.5483008027076721,0.652980387210846,-0.031583357602357864,0.5056861042976379,0.6034109592437744,-0.0393691286444664,0.46592977643013,0.5762680172920227,-0.046963538974523544,0.5786643624305725,0.5183930993080139,-0.007282135542482138,0.5558677911758423,0.43787914514541626,-0.0186984334141016,0.5432955026626587,0.38939109444618225,-0.03232740983366966,0.5347893238067627,0.34714534878730774,-0.043678391724824905,0.6185249090194702,0.5043119192123413,-0.009871524758636951,0.6100002527236938,0.4119186997413635,-0.016674520447850227,0.6060507297515869,0.35677027702331543,-0.028271645307540894,0.6031504273414612,0.3109768331050873,-0.0386204719543457,0.6574632525444031,0.51311194896698,-0.0166332870721817,0.6590253710746765,0.42781034111976624,-0.026725411415100098,0.6584157347679138,0.37761297821998596,-0.03726840764284134,0.6552696228027344,0.3348626494407654,-0.04643307253718376,0.6945100426673889,0.5380388498306274,-0.025897540152072906,0.7074536085128784,0.47404545545578003,-0.036373529583215714,0.7142263650894165,0.4345400333404541,-0.04137032851576805,0.718903124332428,0.3966105282306671,-0.04566984996199608,HELLO
0.641287088394165,0.745538055896759,5.109608878228755e-07,0.5886806845664978,0.7153519988059998,-0.036089349538087845,0.5412099957466125,0.6602978110313416,-0.057479992508888245,0.5016250610351562,0.6163657903671265,-0.07524344325065613,0.46033787727355957,0.5923381447792053,-0.09331247210502625,0.564546525478363,0.5297285914421082,-0.03777165710926056,0.548147439956665,0.4417087733745575,-0.06269139051437378,0.5384141206741333,0.3885468542575836,-0.08280350267887115,0.532095193862915,0.3421773314476013,-0.09760301560163498,0.6046836376190186,0.5168474316596985,-0.03765924274921417,0.6077852249145508,0.421264111995697,-0.05847454071044922,0.6130778193473816,0.36644965410232544,-0.0756286159157753,0.619304895401001,0.3182401955127716,-0.08893822133541107,0.6419148445129395,0.524559497833252,-0.042212940752506256,0.6574820280075073,0.44068092107772827,-0.06346604228019714,0.6700572371482849,0.38720089197158813,-0.07679428905248642,0.6813080310821533,0.34004920721054077,-0.08656027168035507,0.677397608757019,0.5478221774101257,-0.05013890936970711,0.6969847679138184,0.4834105968475342,-0.06809981912374496,0.7090636491775513,0.4419425129890442,-0.07558470219373703,0.7189443707466125,0.40306082367897034,-0.08110697567462921,HELLO
0.6414933204650879,0.7355245351791382,5.199890438234434e-07,0.5885631442070007,0.7108005881309509,-0.035440683364868164,0.5401818752288818,0.6567701101303101,-0.05632313713431358,0.5002840161323547,0.6130781173706055,-0.07333340495824814,0.45903629064559937,0.591399073600769,-0.09108400344848633,0.5643807053565979,0.5302658081054688,-0.04130227118730545,0.5477669835090637,0.4433980882167816,-0.06570865958929062,0.538149356842041,0.38889843225479126,-0.08497034013271332,0.5310589671134949,0.34286239743232727,-0.09920288622379303,0.6035687923431396,0.5160819888114929,-0.04148951172828674,0.6052458882331848,0.419308066368103,-0.06245645135641098,0.60789954662323,0.3620118498802185,-0.07897783815860748,0.6109748482704163,0.3154935836791992,-0.09165418148040771,0.6402100324630737,0.5225536227226257,-0.045918047428131104,0.6533240675926208,0.43670937418937683,-0.06724246591329575,0.6619867086410522,0.38096725940704346,-0.0816524550318718,0.6696394681930542,0.33416756987571716,-0.09220755845308304,0.6749788522720337,0.5440481305122375,-0.053422316908836365,0.6951291561126709,0.47808539867401123,-0.07257712632417679,0.7068014740943909,0.4336176812648773,-0.08177608251571655,0.7161544561386108,0.3927215039730072,-0.08851858973503113,HELLO
0.6421407461166382,0.7282285094261169,5.518330681297812e-07,0.5887108445167542,0.7107132077217102,-0.04118899255990982,0.5422753691673279,0.6584561467170715,-0.06498745828866959,0.5047433376312256,0.6126620173454285,-0.08391079306602478,0.4624457359313965,0.5906320810317993,-0.10395467281341553,0.5637250542640686,0.5336806178092957,-0.0502944216132164,0.5471165776252747,0.44648391008377075,-0.07742056995630264,0.5378220677375793,0.3911505341529846,-0.09856761991977692,0.5307859778404236,0.3437238931655884,-0.11441361159086227,0.6035969853401184,0.51894211769104,-0.04861951991915703,0.6034590005874634,0.42163366079330444,-0.0721929520368576,0.605449914932251,0.3634015619754791,-0.09115589410066605,0.6078650951385498,0.31531399488449097,-0.10611021518707275,0.6404127478599548,0.5250297784805298,-0.05133454129099846,0.6521859765052795,0.4391130805015564,-0.07480110973119736,0.6580197215080261,0.3828493356704712,-0.09144989401102066,0.6628973484039307,0.3358114957809448,-0.10399346053600311,0.6759213805198669,0.5453861951828003,-0.05746004357933998,0.6949096322059631,0.47934502363204956,-0.07891222089529037,0.7047907710075378,0.43454980850219727,-0.09040418267250061,0.712285578250885,0.39381617307662964,-0.09920784085988998,HELLO
0.6066325306892395,0.7451505661010742,4.1861298427647853e-07,0.5534592866897583,0.718053936958313,-0.021071143448352814,0.5067167282104492,0.6663677096366882,-0.032758813351392746,0.47183412313461304,0.6259182691574097,-0.04356434568762779,0.4370666742324829,0.6070009469985962,-0.054863568395376205,0.5286016464233398,0.5451328158378601,-0.013825185596942902,0.5075470805168152,0.4703220725059509,-0.02965877391397953,0.49673184752464294,0.42303821444511414,-0.04494045302271843,0.4891599118709564,0.38360220193862915,-0.05626339837908745,0.5631829500198364,0.5279630422592163,-0.01802830398082733,0.5537531971931458,0.4382442235946655,-0.02974781021475792,0.5487943887710571,0.3801974058151245,-0.043377187103033066,0.5466117858886719,0.33273011445999146,-0.05426687002182007,0.5978301167488098,0.5325425267219543,-0.02599659003317356,0.6011062860488892,0.4502439796924591,-0.038350775837898254,0.6016536355018616,0.3983641266822815,-0.05046229809522629,0.6006148457527161,0.35495835542678833,-0.06008751317858696,0.6324957013130188,0.5540172457695007,-0.036391887813806534,0.6464225649833679,0.4929327070713043,-0.04719593748450279,0.6506034135818481,0.45323774218559265,-0.05288991704583168,0.6518737077713013,0.41770440340042114,-0.05756231024861336,HELLO
0.6059417724609375,0.7436382174491882,3.654074021142151e-07,0.551009476184845,0.7161895036697388,-0.020977722480893135,0.5036705732345581,0.6659994721412659,-0.03214661031961441,0.4702129662036896,0.6282408237457275,-0.04235376790165901,0.43776339292526245,0.6058712601661682,-0.052993569523096085,0.528176486492157,0.5436825156211853,-0.013513973914086819,0.5064698457717896,0.47075578570365906,-0.0287995133548975,0.49450722336769104,0.4267154037952423,-0.04401978850364685,0.4860571622848511,0.3888096213340759,-0.05550011619925499,0.5626055002212524,0.5287387371063232,-0.017710482701659203,0.5539600849151611,0.43956440687179565,-0.029138077050447464,0.5502204895019531,0.38455212116241455,-0.04284307360649109,0.548938512802124,0.3391824960708618,-0.0538724884390831,0.5962401628494263,0.5339063405990601,-0.025723228231072426,0.6004651784896851,0.45268744230270386,-0.038560327142477036,0.601372241973877,0.40248486399650574,-0.05076371133327484,0.6009292006492615,0.3601618707180023,-0.06040847674012184,0.6293386220932007,0.554633378982544,-0.036055173724889755,0.6430444717407227,0.49382901191711426,-0.04778944328427315,0.6481258273124695,0.45482927560806274,-0.05336200073361397,0.6506807208061218,0.41891932487487793,-0.05784061178565025,HELLO
0.6048300862312317,0.7412176728248596,3.780628787808382e-07,0.5501742959022522,0.7151074409484863,-0.021432289853692055,0.5028766989707947,0.6649852991104126,-0.032880622893571854,0.46936336159706116,0.6268541216850281,-0.043185267597436905,0.4373042583465576,0.6041306257247925,-0.05402195826172829,0.527529776096344,0.5436570644378662,-0.01578395999968052,0.5054479837417603,0.46903282403945923,-0.03169424459338188,0.4937651753425598,0.42446279525756836,-0.04698493704199791,0.4855015277862549,0.38626614212989807,-0.05833958461880684,0.562114417552948,0.5284296870231628,-0.019946815446019173,0.5541777610778809,0.4374549388885498,-0.03187142312526703,0.5505737662315369,0.3818511962890625,-0.045669008046388626,0.5489242672920227,0.33609825372695923,-0.05662287399172783,0.5959280133247375,0.5333592891693115,-0.027817850932478905,0.6009067296981812,0.45026808977127075,-0.04084477573633194,0.6024332046508789,0.39858168363571167,-0.05302242562174797,0.6025189757347107,0.35469311475753784,-0.0626264289021492,0.6290141940116882,0.5541601181030273,-0.03798823803663254,0.6429916620254517,0.4923694133758545,-0.049908414483070374,0.6483736634254456,0.4524616003036499,-0.05539628490805626,0.6512778997421265,0.41570305824279785,-0.05975921452045441,HELLO
0.6959824562072754,0.7203576564788818,3.2310040865013434e-07,0.6303079724311829,0.7172393798828125,-0.01898234337568283,0.5697565078735352,0.6794451475143433,-0.025639763101935387,0.5232114195823669,0.6475575566291809,-0.03071526437997818,0.48514413833618164,0.6256679892539978,-0.03481326624751091,0.5755011439323425,0.5633774399757385,-0.0027433789800852537,0.537131130695343,0.4957038164138794,-0.011366878636181355,0.5146986246109009,0.45438724756240845,-0.02208535373210907,0.49664193391799927,0.4208708703517914,-0.030609307810664177,0.6093457937240601,0.5369860529899597,-0.003989859949797392,0.5795541405677795,0.45758703351020813,-0.007827491499483585,0.5623149871826172,0.4080424904823303,-0.017506321892142296,0.5486146211624146,0.3697795271873474,-0.0256977416574955,0.6466929912567139,0.5297006368637085,-0.009001115337014198,0.6289921402931213,0.4541131258010864,-0.0156340841203928,0.6172482967376709,0.40949884057044983,-0.02481931634247303,0.6058865189552307,0.3733135461807251,-0.03225094452500343,0.6861732006072998,0.535572350025177,-0.01614442653954029,0.6812771558761597,0.475490003824234,-0.023114414885640144,0.6767355799674988,0.44055867195129395,-0.02645355463027954,0.6718584299087524,0.4087413251399994,-0.029000669717788696,HELLO
0.7004637122154236,0.7319992780685425,3.434470556840097e-07,0.637010395526886,0.7203760147094727,-0.019001470878720284,0.5743870139122009,0.6816529631614685,-0.02595120668411255,0.527317464351654,0.652512788772583,-0.03182448446750641,0.48821473121643066,0.6312679648399353,-0.036835651844739914,0.5771511197090149,0.5606846213340759,-0.003290176158770919,0.5371325612068176,0.49646952748298645,-0.014144510962069035,0.5138982534408569,0.45816999673843384,-0.02621874026954174,0.49511808156967163,0.42454731464385986,-0.03575354069471359,0.6107772588729858,0.5352636575698853,-0.005937917623668909,0.5807889699935913,0.4568590819835663,-0.012323548085987568,0.5637316703796387,0.40862172842025757,-0.022623173892498016,0.5502708554267883,0.3702458143234253,-0.03109780140221119,0.6489055752754211,0.5287377238273621,-0.012588461861014366,0.6313287615776062,0.4543651342391968,-0.0214387234300375,0.6209620833396912,0.4124356210231781,-0.029079429805278778,0.6105776429176331,0.3789420425891876,-0.03512483835220337,0.6885583400726318,0.5363127589225769,-0.021545471623539925,0.6816024780273438,0.4758048951625824,-0.029716549441218376,0.6774093508720398,0.44104599952697754,-0.03184406831860542,0.6730197072029114,0.40930986404418945,-0.03333315998315811,HELLO
0.6998765468597412,0.7492659091949463,3.1551536494589527e-07,0.636394739151001,0.7406042814254761,-0.016082625836133957,0.5731180906295776,0.7060580849647522,-0.021860511973500252,0.5248149633407593,0.6800862550735474,-0.02681579440832138,0.4861536920070648,0.6606789231300354,-0.030675996094942093,0.570686936378479,0.577028751373291,0.0014365165261551738,0.5301651358604431,0.5111334919929504,-0.006071692332625389,0.5078010559082031,0.4723506569862366,-0.015975506976246834,0.4908275902271271,0.4397393465042114,-0.023967251181602478,0.6042497158050537,0.5498559474945068,-0.001025378005579114,0.5738851428031921,0.47145920991897583,-0.0038067535497248173,0.5574490427970886,0.4233914315700531,-0.011899254284799099,0.5451706647872925,0.38628533482551575,-0.019243748858571053,0.6416140198707581,0.5418683290481567,-0.007397001143544912,0.6232559680938721,0.4685627520084381,-0.012906920164823532,0.6118256449699402,0.42587387561798096,-0.020381202921271324,0.60007643699646,0.3929247260093689,-0.02692602202296257,0.6806374192237854,0.5477776527404785,-0.01584082469344139,0.6751075983047485,0.48745858669281006,-0.02125145122408867,0.6688244938850403,0.45216596126556396,-0.023555271327495575,0.6613979935646057,0.42127180099487305,-0.025628577917814255,HELLO
0.6995478272438049,0.7563155889511108,3.432717790019524e-07,0.6369581818580627,0.7439875602722168,-0.020087268203496933,0.5710185766220093,0.702778160572052,-0.02583666332066059,0.5203156471252441,0.6714237332344055,-0.03013526275753975,0.4780821204185486,0.653748631477356,-0.033136218786239624,0.5712000727653503,0.5763127207756042,0.0008523947326466441,0.5296899676322937,0.510372519493103,-0.007121586240828037,0.5059815049171448,0.47123873233795166,-0.017822764813899994,0.48691534996032715,0.4366039037704468,-0.026680665090680122,0.6040337085723877,0.549633264541626,-4.650879782275297e-05,0.572831392288208,0.4693536162376404,-0.0029280907474458218,0.5544283390045166,0.42202553153038025,-0.011408579535782337,0.5394592881202698,0.38477158546447754,-0.018999699503183365,0.6415309906005859,0.5427271723747253,-0.005277481861412525,0.6241235136985779,0.46549904346466064,-0.011082030832767487,0.6128250360488892,0.4227047264575958,-0.017707161605358124,0.6011542081832886,0.38915789127349854,-0.023583481088280678,0.6810593605041504,0.5501440763473511,-0.013105342164635658,0.6756455898284912,0.4885441064834595,-0.018657810986042023,0.6710571050643921,0.45323580503463745,-0.02004031091928482,0.66557776927948,0.4213109612464905,-0.021415334194898605,HELLO
0.702089250087738,0.7594863176345825,3.332698952362989e-07,0.6380795240402222,0.7461278438568115,-0.020017102360725403,0.5710698366165161,0.7041443586349487,-0.02516351081430912,0.5206418037414551,0.6727714538574219,-0.02897273562848568,0.4782121777534485,0.6557152271270752,-0.0313563272356987,0.5715388059616089,0.576458752155304,0.0031694236677139997,0.5299750566482544,0.5097910165786743,-0.004078017082065344,0.5067460536956787,0.4712196886539459,-0.014481905847787857,0.4875946044921875,0.4366164207458496,-0.02307278662919998,0.6043300032615662,0.549701988697052,0.0025609012227505445,0.573319673538208,0.46845290064811707,0.0008478813688270748,0.5556893348693848,0.42133480310440063,-0.0068618436343967915,0.5410858392715454,0.38352638483047485,-0.013911006972193718,0.6418119072914124,0.5427762269973755,-0.0025787584017962217,0.624319851398468,0.4661775231361389,-0.007094433531165123,0.6129528284072876,0.424190491437912,-0.012768288142979145,0.601026177406311,0.3906248211860657,-0.018021943047642708,0.6815797090530396,0.5500255823135376,-0.010483124293386936,0.6758540272712708,0.48828938603401184,-0.014508784748613834,0.6712376475334167,0.45294439792633057,-0.014851897954940796,0.6657705903053284,0.4203198552131653,-0.0155539121478796,HELLO
0.7022168636322021,0.7624531388282776,3.1924437848829257e-07,0.6385395526885986,0.7483922839164734,-0.019177738577127457,0.5715733766555786,0.7058920860290527,-0.024056224152445793,0.521780252456665,0.6734755635261536,-0.027805501595139503,0.47965437173843384,0.6563661694526672,-0.03025936149060726,0.5718669891357422,0.577324390411377,0.0034449452068656683,0.5298887491226196,0.5104856491088867,-0.004330368712544441,0.5064898729324341,0.47201335430145264,-0.015013939701020718,0.48740363121032715,0.4374135434627533,-0.023698285222053528,0.6043545007705688,0.550275981426239,0.002351057482883334,0.5733193755149841,0.46836262941360474,0.0001969347649719566,0.5559148788452148,0.42147064208984375,-0.007682738360017538,0.541617751121521,0.38371139764785767,-0.014806118793785572,0.6415396332740784,0.5432652235031128,-0.0031982529908418655,0.6246850490570068,0.4661300480365753,-0.007909047417342663,0.6133660674095154,0.4239788055419922,-0.013346178457140923,0.6016222238540649,0.3906102180480957,-0.018407179042696953,0.6812979578971863,0.5509210228919983,-0.01147863082587719,0.6759612560272217,0.488796591758728,-0.015386201441287994,0.6711584329605103,0.45309823751449585,-0.015489915385842323,0.6652587652206421,0.42061877250671387,-0.016009237617254257,HELLO
0.7033076286315918,0.7562984824180603,3.3928154152818024e-07,0.6359300017356873,0.7411150932312012,-0.019801020622253418,0.5706414580345154,0.6971469521522522,-0.024187112227082253,0.5241170525550842,0.6592994332313538,-0.0274592824280262,0.48371055722236633,0.6359036564826965,-0.029226060956716537,0.5739293694496155,0.5665786266326904,0.004643656313419342,0.53410804271698,0.49853235483169556,-0.002452679444104433,0.5128805041313171,0.4588187336921692,-0.012896589003503323,0.4953812062740326,0.42238980531692505,-0.02155444212257862,0.6090955138206482,0.5405580997467041,0.003593211993575096,0.5810921788215637,0.4582465589046478,0.002553097903728485,0.5666301250457764,0.40908923745155334,-0.00469357892870903,0.5551398992538452,0.3693883717060089,-0.011682506650686264,0.6475925445556641,0.5350595712661743,-0.002245824784040451,0.6325262784957886,0.4578897953033447,-0.00635730754584074,0.6233949661254883,0.41483503580093384,-0.010896294377744198,0.6137462854385376,0.37964993715286255,-0.015613756142556667,0.6877332329750061,0.543649435043335,-0.01108926348388195,0.6825287342071533,0.48271575570106506,-0.015125297009944916,0.6786186695098877,0.4473534822463989,-0.014746210537850857,0.6745225191116333,0.41409778594970703,-0.014988257549703121,HELLO
0.7036386132240295,0.7553266286849976,3.394640657461423e-07,0.6375221014022827,0.73948734998703,-0.02066851407289505,0.5727447867393494,0.6957799196243286,-0.02531234733760357,0.5251830220222473,0.659005880355835,-0.028712112456560135,0.483612984418869,0.6352744698524475,-0.030368966981768608,0.5762292146682739,0.5645654797554016,0.006954280659556389,0.5356357097625732,0.4970920979976654,0.00040058355079963803,0.513472855091095,0.4586016535758972,-0.009993329644203186,0.4953092932701111,0.4224587678909302,-0.018576975911855698,0.6103919148445129,0.5383709073066711,0.0067794444039464,0.5819935202598572,0.4566768407821655,0.006581834517419338,0.5660823583602905,0.40877360105514526,-0.00033369980519637465,0.5533772110939026,0.3707319498062134,-0.0069375112652778625,0.648172914981842,0.5324680805206299,0.0015177075983956456,0.6339393854141235,0.45623090863227844,-0.0017958288080990314,0.6243900656700134,0.41246163845062256,-0.0061684902757406235,0.6142252683639526,0.3775625228881836,-0.01057717390358448,0.6874060034751892,0.5403429865837097,-0.006890797521919012,0.6835227608680725,0.47982531785964966,-0.010019661858677864,0.6793985366821289,0.4451536536216736,-0.009451590478420258,0.6747264862060547,0.41300633549690247,-0.00942824687808752,HELLO
0.7027844190597534,0.7565335035324097,3.358090054916829e-07,0.636861264705658,0.74004727602005,-0.019516412168741226,0.5721308588981628,0.6960206627845764,-0.024068618193268776,0.5248362421989441,0.6590551137924194,-0.027629094198346138,0.4836491346359253,0.6361129879951477,-0.02969779074192047,0.5759991407394409,0.5653359293937683,0.006514646112918854,0.5353658199310303,0.4968775510787964,-0.0006870813085697591,0.5132376551628113,0.4576658010482788,-0.011366255581378937,0.49534088373184204,0.4210054874420166,-0.020114779472351074,0.6102876663208008,0.5397228598594666,0.005563219543546438,0.5818156599998474,0.4571751356124878,0.0044424389488995075,0.5663270950317383,0.40838995575904846,-0.0029768142849206924,0.5539730787277222,0.36924147605895996,-0.009893642738461494,0.6481255292892456,0.5340570211410522,-0.0003087864606641233,0.6330157518386841,0.4581848084926605,-0.004418916068971157,0.6226957440376282,0.41374683380126953,-0.00965189840644598,0.6119641661643982,0.3781886696815491,-0.014668426476418972,0.6876236200332642,0.5425025820732117,-0.009140744805335999,0.6835440993309021,0.4822695553302765,-0.012902828864753246,0.6790646910667419,0.447115033864975,-0.01294745784252882,0.673969566822052,0.4145808815956116,-0.013439612463116646,HELLO
0.7027021050453186,0.7558297514915466,3.3874124483190826e-07,0.637621283531189,0.739418089389801,-0.018755385652184486,0.5752716064453125,0.6975588798522949,-0.024224475026130676,0.5288114547729492,0.6656121015548706,-0.028745725750923157,0.4876173734664917,0.6456362009048462,-0.03201368823647499,0.5777461528778076,0.5625677704811096,0.0035618930123746395,0.5377514362335205,0.49419134855270386,-0.0032462230883538723,0.5151867866516113,0.45528921484947205,-0.013465373776853085,0.49668455123901367,0.419160932302475,-0.022061573341488838,0.6118126511573792,0.5373620986938477,0.0018551367102190852,0.5837464332580566,0.4540587067604065,0.0010327474446967244,0.5675621628761292,0.40485692024230957,-0.006136042531579733,0.5547884702682495,0.3660922646522522,-0.013127193786203861,0.6497403383255005,0.5325075387954712,-0.00440387474372983,0.6353492736816406,0.45417535305023193,-0.007934607565402985,0.6252551674842834,0.4090289771556854,-0.013342420570552349,0.6145789623260498,0.3728415369987488,-0.01882711611688137,0.6889289021492004,0.5414578914642334,-0.013478300534188747,0.6856984496116638,0.478017121553421,-0.016709836199879646,0.6812798976898193,0.4414345920085907,-0.016853466629981995,0.6757030487060547,0.4078524112701416,-0.017666956409811974,HELLO
0.7028012275695801,0.7560204267501831,3.411623197280278e-07,0.6379731893539429,0.7393693923950195,-0.020819654688239098,0.5754565000534058,0.6980971693992615,-0.027717256918549538,0.5277602672576904,0.6662383675575256,-0.03330889716744423,0.4859365224838257,0.6439575552940369,-0.03751908242702484,0.5783239006996155,0.5635550022125244,0.0009952581021934748,0.538581132888794,0.49536290764808655,-0.007534049451351166,0.5158082246780396,0.4564248025417328,-0.018840990960597992,0.4971785545349121,0.4202820360660553,-0.028038959950208664,0.6126260161399841,0.5381754040718079,1.1130012353532948e-05,0.584860622882843,0.4540662169456482,-0.002436945214867592,0.5692105889320374,0.40386128425598145,-0.010186881758272648,0.5567363500595093,0.36360907554626465,-0.01743326149880886,0.6506935358047485,0.5332587361335754,-0.005745324306190014,0.6352561116218567,0.45520466566085815,-0.010691110976040363,0.624853789806366,0.40954339504241943,-0.01663345843553543,0.6135589480400085,0.3726334571838379,-0.022304289042949677,0.6905074715614319,0.5425665378570557,-0.014441240578889847,0.6866973638534546,0.4795285761356354,-0.018702957779169083,0.6815717816352844,0.44288456439971924,-0.019348321482539177,0.6749271750450134,0.4093312621116638,-0.020465198904275894,HELLO
0.7026094794273376,0.7559369802474976,3.4392564884910826e-07,0.6377502083778381,0.7393583059310913,-0.021023383364081383,0.5752328634262085,0.6977574229240417,-0.027847979217767715,0.5274330973625183,0.6655824184417725,-0.03330034017562866,0.48557621240615845,0.6434797644615173,-0.03733275830745697,0.5782943367958069,0.5634652376174927,0.0011610232759267092,0.5386011600494385,0.49514496326446533,-0.0071763209998607635,0.5158663988113403,0.4561242163181305,-0.018387211486697197,0.4972345530986786,0.41973620653152466,-0.027533765882253647,0.6126413941383362,0.5382640361785889,0.00047277481644414365,0.5850071310997009,0.4542001485824585,-0.001734997029416263,0.5692815184593201,0.40410667657852173,-0.009327922016382217,0.556685209274292,0.36385977268218994,-0.016485773026943207,0.650732696056366,0.5334892868995667,-0.005002464633435011,0.6353728771209717,0.4557214081287384,-0.009657508693635464,0.6248287558555603,0.4104101061820984,-0.015381347388029099,0.6134083271026611,0.3737501800060272,-0.02091449685394764,0.6904942989349365,0.5427165627479553,-0.013454222120344639,0.6866127252578735,0.4796203076839447,-0.017466163262724876,0.6814256906509399,0.44301289319992065,-0.01796681247651577,0.6747655868530273,0.4092979431152344,-0.018984995782375336,HELLO
0.6828818321228027,0.724136471748352,3.996276234374818e-07,0.6226511001586914,0.7512747645378113,-0.025955375283956528,0.5631174445152283,0.743037223815918,-0.03955772519111633,0.5164206027984619,0.7318196892738342,-0.050002411007881165,0.4776683747768402,0.7268917560577393,-0.060015760362148285,0.5450878143310547,0.6150581240653992,-0.021721772849559784,0.4944767951965332,0.5558428168296814,-0.035464294254779816,0.4640229344367981,0.518072247505188,-0.04845232889056206,0.4391864538192749,0.4877983629703522,-0.058263424783945084,0.5745580792427063,0.5777842402458191,-0.021145295351743698,0.5318688750267029,0.5040187239646912,-0.030252965167164803,0.5053790807723999,0.458122193813324,-0.04269547387957573,0.4839831292629242,0.4221417307853699,-0.0524582676589489,0.61060631275177,0.5600925087928772,-0.023861968889832497,0.5784357190132141,0.4870755076408386,-0.03355657681822777,0.558172881603241,0.4442552328109741,-0.04480744153261185,0.5412439703941345,0.41057416796684265,-0.05346047133207321,0.6518978476524353,0.5547184944152832,-0.028894701972603798,0.6336087584495544,0.49282389879226685,-0.03788822144269943,0.6205901503562927,0.45720016956329346,-0.04233056306838989,0.6078893542289734,0.4262862801551819,-0.045390572398900986,HELLO
0.6988158226013184,0.7472754716873169,4.7263500846383977e-07,0.6321932673454285,0.7630701065063477,-0.028038568794727325,0.5656089186668396,0.7500907778739929,-0.0388675220310688,0.5131117105484009,0.7421934008598328,-0.04649109020829201,0.47165969014167786,0.7357925176620483,-0.052637144923210144,0.5467091202735901,0.6183952689170837,-0.0107134860008955,0.4931272864341736,0.5581358671188354,-0.022428274154663086,0.46084851026535034,0.5208108425140381,-0.036009203642606735,0.4345787763595581,0.4888405203819275,-0.046456336975097656,0.5756096839904785,0.5796021223068237,-0.00841919519007206,0.530778706073761,0.5047997236251831,-0.014144127257168293,0.5040860176086426,0.45775720477104187,-0.025116652250289917,0.48291015625,0.42278289794921875,-0.034149523824453354,0.6118370890617371,0.5590495467185974,-0.010777348652482033,0.5793598294258118,0.4867205023765564,-0.01776387356221676,0.559074342250824,0.4441326856613159,-0.026342829689383507,0.5419328212738037,0.41167742013931274,-0.0334133580327034,0.6527112126350403,0.5511336326599121,-0.016364751383662224,0.6329506635665894,0.49077701568603516,-0.022675486281514168,0.6209802031517029,0.45732587575912476,-0.024755695834755898,0.6101682782173157,0.42735999822616577,-0.02646082080900669,HELLO
0.7022091150283813,0.757121741771698,4.024232396204752e-07,0.636668860912323,0.7657911777496338,-0.024480797350406647,0.566687822341919,0.7527065873146057,-0.034341491758823395,0.5138527750968933,0.7459039688110352,-0.04202369973063469,0.47213631868362427,0.7414565086364746,-0.04863184317946434,0.5461993217468262,0.6132565140724182,-0.009150540456175804,0.4928922653198242,0.5534328818321228,-0.020669149234890938,0.46146130561828613,0.5173921585083008,-0.03323424607515335,0.4354866147041321,0.4861562252044678,-0.043089162558317184,0.5752169489860535,0.576616108417511,-0.009521420113742352,0.5311646461486816,0.5012394785881042,-0.015501264482736588,0.5061109066009521,0.4574206471443176,-0.025242917239665985,0.48605746030807495,0.4233325123786926,-0.03329717740416527,0.612130343914032,0.5578120946884155,-0.014334631152451038,0.5799192786216736,0.4856613278388977,-0.021892765536904335,0.560228705406189,0.44426241517066956,-0.029109878465533257,0.5421565175056458,0.4115675687789917,-0.035118408501148224,0.6533560752868652,0.5528043508529663,-0.0221402607858181,0.6344286799430847,0.49119532108306885,-0.02866194024682045,0.6227989196777344,0.456133633852005,-0.029975859448313713,0.611845076084137,0.4247816801071167,-0.03103015013039112,HELLO
0.7086808681488037,0.7553179264068604,4.415128955770342e-07,0.6449668407440186,0.7626961469650269,-0.03531579673290253,0.5781058669090271,0.7368783950805664,-0.05290129780769348,0.5272658467292786,0.7198576927185059,-0.06727899610996246,0.4875940680503845,0.7220371961593628,-0.08125321567058563,0.5559306144714355,0.6105425953865051,-0.02477194368839264,0.5033658146858215,0.5488272905349731,-0.047341637313365936,0.4703037738800049,0.5091463327407837,-0.06854426860809326,0.4435056447982788,0.4745781421661377,-0.08424936234951019,0.5849800705909729,0.5742919445037842,-0.02385169453918934,0.53938889503479,0.4970099925994873,-0.041886813938617706,0.510930061340332,0.4508470296859741,-0.060651469975709915,0.48710864782333374,0.414276659488678,-0.07479612529277802,0.6209452748298645,0.5570759773254395,-0.028031043708324432,0.5883401036262512,0.4808536171913147,-0.04531627148389816,0.5642061233520508,0.437082976102829,-0.05796559527516365,0.542323112487793,0.40301889181137085,-0.06726443767547607,0.6623237729072571,0.5531240701675415,-0.03600306063890457,0.6471781730651855,0.4877590537071228,-0.050274983048439026,0.6323745846748352,0.44768327474594116,-0.05622914433479309,0.6166500449180603,0.4142610728740692,-0.06063871458172798,HELLO
0.6947786808013916,0.7463531494140625,3.3457820336479926e-07,0.6286666989326477,0.7526649236679077,-0.025777677074074745,0.5657909512519836,0.7237864136695862,-0.036474477499723434,0.5157694816589355,0.6997528672218323,-0.04427802562713623,0.4743160009384155,0.6824067234992981,-0.050637342035770416,0.5651434063911438,0.5980933904647827,-0.009985042735934258,0.5201520919799805,0.5324172973632812,-0.0202548298984766,0.49339422583580017,0.4926952123641968,-0.03212662413716316,0.4717043340206146,0.46137380599975586,-0.04157387092709541,0.5971964001655579,0.5693101286888123,-0.00846516527235508,0.5630345940589905,0.4913085699081421,-0.014094005338847637,0.5429155826568604,0.4437272548675537,-0.02457268536090851,0.5265820622444153,0.4081791937351227,-0.0332704558968544,0.6334067583084106,0.5590828657150269,-0.011203107424080372,0.6112363338470459,0.48511821031570435,-0.01860720105469227,0.5967180132865906,0.4419077932834625,-0.027977460995316505,0.5827566981315613,0.4061571955680847,-0.035535018891096115,0.6736182570457458,0.5605254769325256,-0.01674690470099449,0.6638036966323853,0.4996403157711029,-0.024018533527851105,0.656289279460907,0.464497447013855,-0.027527160942554474,0.6487748026847839,0.43153420090675354,-0.030213359743356705,HELLO
0.7005288600921631,0.7621191740036011,3.7265900232341664e-07,0.6354554891586304,0.7567644119262695,-0.02052580937743187,0.5680372714996338,0.7260793447494507,-0.026305977255105972,0.5175459384918213,0.703385055065155,-0.030631912872195244,0.47661975026130676,0.6876566410064697,-0.033616743981838226,0.5645936727523804,0.5964625477790833,0.0018959831213578582,0.5184248685836792,0.5350711345672607,-0.005277037154883146,0.49162739515304565,0.49812573194503784,-0.01562567800283432,0.4697866141796112,0.46614617109298706,-0.02421288564801216,0.5968108773231506,0.5672133564949036,0.0009669199353083968,0.5637072920799255,0.4904053509235382,-0.0009670854196883738,0.5446513295173645,0.4435747563838959,-0.00936734676361084,0.5291785597801208,0.4080684185028076,-0.016891777515411377,0.6339931488037109,0.5565852522850037,-0.0045538125559687614,0.6119524836540222,0.48230651021003723,-0.00942626129835844,0.5990012884140015,0.44150346517562866,-0.015964502468705177,0.5863887667655945,0.40973782539367676,-0.021748904138803482,0.6729421615600586,0.5593109726905823,-0.012845544144511223,0.6616331338882446,0.4992564618587494,-0.017688479274511337,0.6555822491645813,0.4651956260204315,-0.01872774213552475,0.6500687003135681,0.43429672718048096,-0.019855830818414688,HELLO
0.7190894484519958,0.8040217161178589,2.5917287871379813e-07,0.653874933719635,0.7792127132415771,-0.023289380595088005,0.5922847390174866,0.7226251363754272,-0.03516165167093277,0.5435054302215576,0.6818008422851562,-0.04647897556424141,0.4996628165245056,0.6623136401176453,-0.05816652625799179,0.6164716482162476,0.5825328230857849,-0.009247204288840294,0.5837383270263672,0.5024895668029785,-0.02603178098797798,0.5650012493133545,0.45208626985549927,-0.04401104524731636,0.5498437285423279,0.409158319234848,-0.05795833095908165,0.6543759703636169,0.5610905289649963,-0.013902295380830765,0.6352567672729492,0.4624732434749603,-0.027326935902237892,0.624625027179718,0.402046799659729,-0.04286685585975647,0.616081714630127,0.3511372208595276,-0.05509435012936592,0.6938029527664185,0.5627745985984802,-0.02307613007724285,0.6871020793914795,0.4699222147464752,-0.037831295281648636,0.6826329827308655,0.4145524501800537,-0.04937232285737991,0.6769604682922363,0.3664555549621582,-0.05807333439588547,0.7342868447303772,0.580742597579956,-0.035139504820108414,0.7393556833267212,0.5057694315910339,-0.04740767553448677,0.7409467697143555,0.458723783493042,-0.05153200402855873,0.7411702275276184,0.4148651361465454,-0.05471540987491608,HELLO
0.718700110912323,0.8045748472213745,3.834607014141511e-07,0.6561399102210999,0.7792173027992249,-0.022152911871671677,0.592625081539154,0.7231460213661194,-0.03284803405404091,0.5424185395240784,0.6830523014068604,-0.04268898814916611,0.4974047541618347,0.6634232997894287,-0.05255647376179695,0.6146751046180725,0.5821399092674255,-0.00932222604751587,0.5831954479217529,0.5016071796417236,-0.02466936968266964,0.5639064311981201,0.4530925750732422,-0.04028083756566048,0.5489848852157593,0.41050201654434204,-0.05256982892751694,0.6531080007553101,0.5620869398117065,-0.013857333920896053,0.6358615756034851,0.46348971128463745,-0.025269117206335068,0.6279618740081787,0.40302029252052307,-0.03831445425748825,0.6228599548339844,0.35365235805511475,-0.049024034291505814,0.693149983882904,0.5643037557601929,-0.022857869043946266,0.6888560056686401,0.4745284914970398,-0.036996856331825256,0.6860908269882202,0.4206903576850891,-0.04729316011071205,0.6818946003913879,0.37504905462265015,-0.055223364382982254,0.7334197759628296,0.5823071002960205,-0.0344429649412632,0.7405288219451904,0.5082495212554932,-0.046840231865644455,0.7444613575935364,0.46125125885009766,-0.051059287041425705,0.7465083599090576,0.41690367460250854,-0.054365094751119614,HELLO
0.7148789167404175,0.8108038306236267,3.520101472531678e-07,0.6540613174438477,0.7838307023048401,-0.020029719918966293,0.5924233794212341,0.7274616360664368,-0.029733257368206978,0.5431405901908875,0.6881251931190491,-0.03889649361371994,0.4997236728668213,0.6690184473991394,-0.048117320984601974,0.6103347539901733,0.5861434936523438,-0.006903765257447958,0.5792993307113647,0.5061939358711243,-0.021351372823119164,0.5607059001922607,0.457785427570343,-0.036311473697423935,0.5468664169311523,0.4156210422515869,-0.04822980612516403,0.6493729948997498,0.5651103258132935,-0.011972752399742603,0.6320040225982666,0.469460129737854,-0.022608472034335136,0.6239206194877625,0.4106959104537964,-0.035326797515153885,0.6183089017868042,0.3625640273094177,-0.04578721523284912,0.6902134418487549,0.5669164061546326,-0.02130211517214775,0.6866692900657654,0.4792690873146057,-0.03481806442141533,0.6835449934005737,0.4267229437828064,-0.04493435472249985,0.6785958409309387,0.38304662704467773,-0.05279160290956497,0.7308831810951233,0.5858381390571594,-0.0330132320523262,0.7385286688804626,0.5142393112182617,-0.04505540803074837,0.7418491244316101,0.4688413739204407,-0.049350541085004807,0.7430706024169922,0.4268089532852173,-0.05265722796320915,HELLO
0.7158905267715454,0.8086219429969788,3.8450463080152986e-07,0.6514175534248352,0.7859393954277039,-0.022509945556521416,0.5891568064689636,0.7316937446594238,-0.03290842846035957,0.5393975973129272,0.6917201280593872,-0.042115163058042526,0.4951722025871277,0.6687790155410767,-0.051005810499191284,0.6098335981369019,0.5873914957046509,-0.007080642506480217,0.5766637325286865,0.5076417326927185,-0.020210085436701775,0.557414174079895,0.4598209857940674,-0.03469952568411827,0.5435624122619629,0.4162542223930359,-0.04648838937282562,0.6488683223724365,0.5665407776832581,-0.010863103903830051,0.6286271214485168,0.4696587026119232,-0.019809413701295853,0.6185524463653564,0.40997016429901123,-0.0319797545671463,0.6115103363990784,0.36025258898735046,-0.042469874024391174,0.6891123056411743,0.56861811876297,-0.019248899072408676,0.6823520660400391,0.4803240895271301,-0.03149206191301346,0.6775014996528625,0.42721402645111084,-0.04181055352091789,0.6712129712104797,0.3817082345485687,-0.05028551444411278,0.7295958399772644,0.586467444896698,-0.030310044065117836,0.7353599071502686,0.5140279531478882,-0.04180110618472099,0.7385841608047485,0.4689936935901642,-0.046232033520936966,0.739931583404541,0.42563116550445557,-0.04997694864869118,HELLO
0.7152794599533081,0.8093237280845642,3.883872068399796e-07,0.6506015062332153,0.7855864763259888,-0.022321904078125954,0.5881747603416443,0.7316263914108276,-0.03265522047877312,0.5380301475524902,0.6923048496246338,-0.041783202439546585,0.493380606174469,0.670234203338623,-0.050640638917684555,0.6090859770774841,0.5866423845291138,-0.00772691797465086,0.5766127109527588,0.5066121816635132,-0.021031193435192108,0.5576798915863037,0.4585868716239929,-0.03557060286402702,0.5435447692871094,0.4151924252510071,-0.04740229994058609,0.6480247974395752,0.5655242204666138,-0.01158158853650093,0.6278619766235352,0.468164324760437,-0.020565897226333618,0.6182178854942322,0.408541738986969,-0.03267722949385643,0.6114447712898254,0.3594176173210144,-0.043084025382995605,0.6887612342834473,0.5678080320358276,-0.019934281706809998,0.6833541393280029,0.4792466163635254,-0.03212897107005119,0.6789083480834961,0.42556673288345337,-0.04227834194898605,0.6726902723312378,0.3799441456794739,-0.05058304965496063,0.7298317551612854,0.5861086249351501,-0.03092087060213089,0.7366837859153748,0.5131014585494995,-0.042180027812719345,0.7395029664039612,0.4675917625427246,-0.0463520884513855,0.739971935749054,0.4241575598716736,-0.04984728619456291,HELLO
0.7149935364723206,0.8095430731773376,3.8454641071439255e-07,0.6502782702445984,0.785530149936676,-0.022069962695240974,0.5878342390060425,0.7314594984054565,-0.03228488937020302,0.5376811623573303,0.6920004487037659,-0.04138467460870743,0.4931305944919586,0.669472873210907,-0.05020199343562126,0.608925461769104,0.5864264965057373,-0.007177084684371948,0.5767179727554321,0.5061891078948975,-0.020436160266399384,0.5580332279205322,0.45823872089385986,-0.03492376208305359,0.5440582633018494,0.41484251618385315,-0.04668412730097771,0.6478431224822998,0.5656297206878662,-0.011099240742623806,0.6281073689460754,0.4680163860321045,-0.02000531554222107,0.6185096502304077,0.4086524248123169,-0.031932536512613297,0.6115550398826599,0.3597134053707123,-0.04219026491045952,0.6885479092597961,0.5679893493652344,-0.01955130137503147,0.6830452084541321,0.47919297218322754,-0.031694862991571426,0.6784973740577698,0.425728976726532,-0.041605859994888306,0.6721234321594238,0.38011032342910767,-0.04973448067903519,0.7297300100326538,0.5861694812774658,-0.030637526884675026,0.7367496490478516,0.5130463242530823,-0.0418432392179966,0.7398228645324707,0.46722403168678284,-0.04592813551425934,0.7406133413314819,0.42325282096862793,-0.04936773329973221,HELLO
0.7186688184738159,0.8119770884513855,3.5902775152862887e-07,0.6552774310112,0.7869791388511658,-0.019945286214351654,0.5941488742828369,0.731214702129364,-0.029324481263756752,0.5484089255332947,0.6888739466667175,-0.03804425522685051,0.5065610408782959,0.6683342456817627,-0.04691864922642708,0.6124393343925476,0.5836614966392517,-0.006680564489215612,0.5808250308036804,0.5038345456123352,-0.020125092938542366,0.5628656148910522,0.4544728100299835,-0.03506199270486832,0.5490629076957703,0.41095423698425293,-0.04729180037975311,0.6509575843811035,0.5633547306060791,-0.012494820170104504,0.6326857805252075,0.46483802795410156,-0.021435603499412537,0.6238659024238586,0.40466880798339844,-0.03401140496134758,0.6173906922340393,0.35583826899528503,-0.044833846390247345,0.6912060379981995,0.5668231248855591,-0.022577902302145958,0.6866992712020874,0.4736950993537903,-0.034508951008319855,0.6828131079673767,0.41863319277763367,-0.045180268585681915,0.6769059300422668,0.3716144263744354,-0.054094348102808,0.7317937016487122,0.5870881676673889,-0.035169556736946106,0.7396078109741211,0.5119516849517822,-0.04648503288626671,0.7426875233650208,0.46519964933395386,-0.051134806126356125,0.7434706687927246,0.4210151433944702,-0.05511090159416199,HELLO
0.7181539535522461,0.8159474730491638,3.6268514236326155e-07,0.6555562615394592,0.7883342504501343,-0.018766554072499275,0.5948970317840576,0.729438841342926,-0.02769758552312851,0.5488524436950684,0.6869553327560425,-0.03627384826540947,0.5059484839439392,0.668990969657898,-0.0452020987868309,0.6131086349487305,0.5840176343917847,-0.005282233469188213,0.5809791088104248,0.5034021139144897,-0.01877898909151554,0.5619085431098938,0.4541811943054199,-0.03366824612021446,0.5474749803543091,0.4111478924751282,-0.0458243228495121,0.6516209244728088,0.5646170973777771,-0.011549878865480423,0.6341392397880554,0.4652245044708252,-0.02106356807053089,0.6259654760360718,0.40497854351997375,-0.03389372304081917,0.6200278997421265,0.3558160960674286,-0.04475586116313934,0.6916154623031616,0.5680713057518005,-0.022000622004270554,0.6870545148849487,0.4750988483428955,-0.03450264036655426,0.6836568117141724,0.4200906753540039,-0.0453571118414402,0.678363025188446,0.37364447116851807,-0.05423739552497864,0.7317016124725342,0.5880590081214905,-0.03480806201696396,0.7393221259117126,0.5126752257347107,-0.04619286581873894,0.7436947226524353,0.46566444635391235,-0.050738148391246796,0.7461296916007996,0.42162230610847473,-0.05464771017432213,HELLO
0.7176874876022339,0.8158409595489502,3.528001286667859e-07,0.6553380489349365,0.7879443168640137,-0.018486404791474342,0.5943798422813416,0.7290121912956238,-0.02717001363635063,0.5480567216873169,0.6865565776824951,-0.03557778522372246,0.5051876902580261,0.6680224537849426,-0.04425259679555893,0.6127449870109558,0.5842689871788025,-0.003907197620719671,0.5809030532836914,0.5035077929496765,-0.01690887100994587,0.562041699886322,0.4544333815574646,-0.031586792320013046,0.5477615594863892,0.41140973567962646,-0.0436270646750927,0.6513054966926575,0.5646059513092041,-0.010023994371294975,0.634177565574646,0.4659772515296936,-0.01887899823486805,0.6259765028953552,0.4064476490020752,-0.031515590846538544,0.619814932346344,0.3575137257575989,-0.0424051433801651,0.6911992430686951,0.5674238204956055,-0.02037537842988968,0.6865518093109131,0.4758719503879547,-0.03203955665230751,0.6826509237289429,0.4211253523826599,-0.04276838153600693,0.6768748164176941,0.37488219141960144,-0.05179283767938614,0.7312198877334595,0.5866349339485168,-0.03314456343650818,0.7390789985656738,0.5126622915267944,-0.04376364126801491,0.7434126734733582,0.46626681089401245,-0.04821694642305374,0.7458347082138062,0.42287880182266235,-0.052222393453121185,HELLO
0.7177067399024963,0.8127589821815491,3.6648671652983467e-07,0.653405487537384,0.7859466075897217,-0.018720513209700584,0.5925746560096741,0.7298930287361145,-0.027489403262734413,0.5467584729194641,0.6887884736061096,-0.03605027124285698,0.5046940445899963,0.669153094291687,-0.045062512159347534,0.6125799417495728,0.5858602523803711,-0.005431670695543289,0.5805608630180359,0.5044822692871094,-0.018883761018514633,0.5613639950752258,0.4556039571762085,-0.03353435918688774,0.5469844937324524,0.4122507572174072,-0.04551501199603081,0.6518458127975464,0.5650181770324707,-0.011574297212064266,0.6345518231391907,0.4653930068016052,-0.021705811843276024,0.6266846656799316,0.4042927026748657,-0.03506768122315407,0.6214600801467896,0.3537617623806,-0.046394411474466324,0.6919928193092346,0.5673267245292664,-0.021952282637357712,0.6876303553581238,0.47533100843429565,-0.035405635833740234,0.6846372485160828,0.42049384117126465,-0.04749729111790657,0.6803166270256042,0.3743293285369873,-0.05713677406311035,0.7316939830780029,0.5862805247306824,-0.03460097685456276,0.7392646670341492,0.5107452869415283,-0.04713348299264908,0.7434996366500854,0.4635404646396637,-0.05287274718284607,0.7459783554077148,0.4190558195114136,-0.057631365954875946,HELLO
0.7179334163665771,0.8114575147628784,3.6697926475426357e-07,0.6539166569709778,0.7848542928695679,-0.01876283809542656,0.5930798053741455,0.7285205721855164,-0.02737458050251007,0.5468975901603699,0.6879080533981323,-0.03576129302382469,0.5046271681785583,0.6696347594261169,-0.04460533335804939,0.6126232743263245,0.5849021673202515,-0.005160290747880936,0.58038729429245,0.5040082931518555,-0.018499135971069336,0.5610529184341431,0.45502427220344543,-0.03315326198935509,0.5464877486228943,0.41161632537841797,-0.04516667127609253,0.6515612006187439,0.5641636252403259,-0.01119589526206255,0.6339829564094543,0.465376079082489,-0.021072136238217354,0.6256771683692932,0.40462726354599,-0.03423815220594406,0.6198766231536865,0.3545230031013489,-0.045423418283462524,0.6916972398757935,0.5666144490242004,-0.02148604951798916,0.6870105266571045,0.4750487804412842,-0.03465399891138077,0.6833315491676331,0.4203575849533081,-0.046416521072387695,0.6784118413925171,0.374237596988678,-0.055836427956819534,0.7315787672996521,0.5856122374534607,-0.034086912870407104,0.7391065359115601,0.5098894834518433,-0.04646247625350952,0.7431615591049194,0.46262896060943604,-0.05202212557196617,0.7454518675804138,0.417971670627594,-0.05662193149328232,HELLO
0.717812716960907,0.8117383718490601,3.6485965893007233e-07,0.6538155674934387,0.7852023243904114,-0.018521474674344063,0.5932455062866211,0.728402853012085,-0.02686288207769394,0.5471958518028259,0.6878320574760437,-0.03503075987100601,0.5050715208053589,0.6699550747871399,-0.04366309940814972,0.6127722263336182,0.5851041674613953,-0.004821827635169029,0.5804392099380493,0.5041694045066833,-0.01795504242181778,0.561076819896698,0.45518654584884644,-0.03240470960736275,0.5465292930603027,0.4118316173553467,-0.04425719380378723,0.6517992615699768,0.5644581317901611,-0.010914464481174946,0.6341453790664673,0.46564120054244995,-0.020522592589259148,0.6258341073989868,0.4048503637313843,-0.03344371169805527,0.6200491786003113,0.35488128662109375,-0.04443434998393059,0.6920298933982849,0.5668848752975464,-0.021253161132335663,0.6873961091041565,0.47542738914489746,-0.03412829339504242,0.6837476491928101,0.42078253626823425,-0.04569188877940178,0.678844690322876,0.3747103214263916,-0.054968561977148056,0.7319115996360779,0.5856795310974121,-0.0339026004076004,0.7391241788864136,0.5099747180938721,-0.04604116454720497,0.7428699731826782,0.4628150463104248,-0.051460061222314835,0.7448977828025818,0.41824936866760254,-0.055956803262233734,HELLO
0.7148197293281555,0.8129472732543945,3.7498674032576673e-07,0.6526552438735962,0.787591278553009,-0.01972910389304161,0.5902773141860962,0.730357825756073,-0.029068395495414734,0.5409206748008728,0.6889739036560059,-0.037811290472745895,0.4976828694343567,0.6680282354354858,-0.04645611345767975,0.607749342918396,0.5873012542724609,-0.004312392324209213,0.5746666789054871,0.5058145523071289,-0.017326179891824722,0.5553346872329712,0.4573756456375122,-0.031861864030361176,0.5410284996032715,0.4141310453414917,-0.043741777539253235,0.6463431119918823,0.5663063526153564,-0.009576967917382717,0.6276328563690186,0.4678564667701721,-0.018211638554930687,0.6189061999320984,0.4072679281234741,-0.030547956004738808,0.6131404042243958,0.35689085721969604,-0.04124003276228905,0.686309278011322,0.5680398941040039,-0.019255492836236954,0.6790019869804382,0.47767317295074463,-0.030662603676319122,0.6748256087303162,0.42181944847106934,-0.04120783135294914,0.669461190700531,0.3742123246192932,-0.05027955397963524,0.7265737652778625,0.5861631631851196,-0.031428225338459015,0.7322436571121216,0.5142807960510254,-0.04213777184486389,0.7359925508499146,0.46779948472976685,-0.046657055616378784,0.7383056879043579,0.4234810769557953,-0.05077044665813446,HELLO
0.7150230407714844,0.8122610449790955,3.7951915032863326e-07,0.6508374810218811,0.7864367961883545,-0.02104412205517292,0.5880812406539917,0.7300287485122681,-0.030914532020688057,0.5398880839347839,0.6885955929756165,-0.03982393443584442,0.49613112211227417,0.6678776741027832,-0.048746269196271896,0.6075361371040344,0.5858820676803589,-0.006994158495217562,0.5749622583389282,0.5050294399261475,-0.020469607785344124,0.5559045672416687,0.4561183452606201,-0.03526630997657776,0.5414403676986694,0.41208723187446594,-0.047492921352386475,0.6464377641677856,0.5653139352798462,-0.011960125528275967,0.6282570362091064,0.46651047468185425,-0.021161718294024467,0.6196655035018921,0.40686994791030884,-0.033863991498947144,0.6137074828147888,0.3569956123828888,-0.04482303187251091,0.6869094967842102,0.5678966045379639,-0.02126184105873108,0.6807305216789246,0.47688448429107666,-0.03355582430958748,0.6771515607833862,0.4210067391395569,-0.044101301580667496,0.6724995970726013,0.3727831542491913,-0.052954450249671936,0.7273892164230347,0.5869495868682861,-0.03308708593249321,0.7330092191696167,0.5137575268745422,-0.04454301670193672,0.7366095781326294,0.4671359062194824,-0.048891518265008926,0.7388672232627869,0.42231929302215576,-0.052684661000967026,HELLO
0.7149642705917358,0.81219083070755,3.8280563785519917e-07,0.650773286819458,0.78641277551651,-0.02146470732986927,0.5881534814834595,0.7302664518356323,-0.031573060899972916,0.5399599671363831,0.6888032555580139,-0.04065518453717232,0.4962436556816101,0.6678654551506042,-0.04973211511969566,0.6074999570846558,0.5861596465110779,-0.007449653465300798,0.575053334236145,0.5053001046180725,-0.0212098415941,0.5560497641563416,0.4561038613319397,-0.03619501367211342,0.5417129993438721,0.4117720127105713,-0.048520490527153015,0.6464817523956299,0.5655303001403809,-0.012294196523725986,0.6284602284431458,0.466647744178772,-0.021694034337997437,0.620130181312561,0.4066908061504364,-0.03445964306592941,0.6144732236862183,0.3563622832298279,-0.045452188700437546,0.6869937777519226,0.5681089758872986,-0.021516947075724602,0.6807547211647034,0.47690078616142273,-0.03390850871801376,0.6771001219749451,0.42090603709220886,-0.044343266636133194,0.6724194884300232,0.37260934710502625,-0.053111862391233444,0.7275277972221375,0.5871807932853699,-0.03332224115729332,0.7330817580223083,0.5140365958213806,-0.044729240238666534,0.7366962432861328,0.4674276113510132,-0.04892563447356224,0.7390047311782837,0.4227118492126465,-0.052619654685258865,HELLO
0.7151504755020142,0.808485209941864,3.818990137460787e-07,0.6520953178405762,0.7812861204147339,-0.0207914337515831,0.5894556045532227,0.729316771030426,-0.03136944770812988,0.5416625738143921,0.6909688115119934,-0.04117327183485031,0.4999193251132965,0.6706531047821045,-0.05116196349263191,0.6089659333229065,0.5830872654914856,-0.008771027438342571,0.5755603313446045,0.5030590295791626,-0.023214416578412056,0.5561041235923767,0.4540140628814697,-0.03874605521559715,0.5415424704551697,0.40931236743927,-0.05143125727772713,0.6472216844558716,0.5616196990013123,-0.014245059341192245,0.6274828314781189,0.46333175897598267,-0.02419012412428856,0.6182805895805359,0.40286651253700256,-0.037404708564281464,0.6126280426979065,0.3523041307926178,-0.0488010011613369,0.6875264644622803,0.5639007091522217,-0.023969758301973343,0.6809008717536926,0.4733451008796692,-0.03639973700046539,0.6768825054168701,0.41715872287750244,-0.04753534495830536,0.6724002361297607,0.3687782287597656,-0.0569467656314373,0.7283593416213989,0.5828750729560852,-0.03625282272696495,0.7339887022972107,0.5095587968826294,-0.04793638736009598,0.7367951273918152,0.46303245425224304,-0.052794571965932846,0.7386399507522583,0.41882675886154175,-0.05702987313270569,HELLO
0.7155925631523132,0.8084478974342346,3.892706388342049e-07,0.6524366140365601,0.780937671661377,-0.02299012988805771,0.5898983478546143,0.7290842533111572,-0.03508531674742699,0.5404475927352905,0.6904751658439636,-0.04609188437461853,0.49684005975723267,0.6693972945213318,-0.05709081143140793,0.6087086796760559,0.5829879641532898,-0.010150013491511345,0.5760068297386169,0.5028893947601318,-0.025444846600294113,0.5564623475074768,0.4536892771720886,-0.04159088432788849,0.5419107675552368,0.4091064929962158,-0.0546477772295475,0.64706951379776,0.5615290403366089,-0.014884588308632374,0.6282867789268494,0.4636632800102234,-0.025838548317551613,0.6194511651992798,0.4034520089626312,-0.03932100161910057,0.6137347221374512,0.3526821434497833,-0.05069272220134735,0.6875536441802979,0.5635870099067688,-0.024148041382431984,0.6809170246124268,0.47198015451431274,-0.03775794059038162,0.6767876744270325,0.41560161113739014,-0.048855435103178024,0.6720520257949829,0.36657387018203735,-0.057952120900154114,0.7285025715827942,0.582347571849823,-0.03613349050283432,0.7341820001602173,0.508690357208252,-0.0488935224711895,0.737786054611206,0.46172815561294556,-0.053892266005277634,0.7404987215995789,0.4171057343482971,-0.05796165391802788,HELLO
0.7154005169868469,0.8082887530326843,3.842610567517113e-07,0.6525360345840454,0.78081214427948,-0.022286374121904373,0.5899366736412048,0.728657603263855,-0.0338386632502079,0.540880024433136,0.689926266670227,-0.04442795366048813,0.4976786673069,0.6693400740623474,-0.055107079446315765,0.6085915565490723,0.582831859588623,-0.009585896506905556,0.5758078694343567,0.5029160976409912,-0.02472522482275963,0.5562686324119568,0.45367705821990967,-0.0407903790473938,0.5416603684425354,0.4089861512184143,-0.053850192576646805,0.6469405293464661,0.5613130927085876,-0.01465871836990118,0.6276798844337463,0.46359020471572876,-0.025550326332449913,0.6187143325805664,0.403308242559433,-0.03914865478873253,0.6128827333450317,0.35260194540023804,-0.05064944550395012,0.6874715089797974,0.5634125471115112,-0.024191351607441902,0.6808559894561768,0.4724603295326233,-0.037853360176086426,0.6768311262130737,0.4162004292011261,-0.04919237643480301,0.6720839738845825,0.3673469126224518,-0.058465443551540375,0.7285236716270447,0.5822404623031616,-0.036372650414705276,0.7342033982276917,0.5085629820823669,-0.049226704984903336,0.737535834312439,0.4616033434867859,-0.054435208439826965,0.7398297786712646,0.4168629050254822,-0.05869780108332634,HELLO
0.7173316478729248,0.8054343461990356,3.8525303125425125e-07,0.6521008014678955,0.7736881375312805,-0.020773721858859062,0.5891889333724976,0.7166143655776978,-0.029786307364702225,0.539316713809967,0.6784359216690063,-0.038138046860694885,0.4955274164676666,0.6607840061187744,-0.04664935916662216,0.6117246747016907,0.5779045820236206,-0.0049985190853476524,0.5790413022041321,0.496971070766449,-0.01838989555835724,0.5605646967887878,0.44714632630348206,-0.03328610211610794,0.5468714237213135,0.40268048644065857,-0.04541837424039841,0.6508296728134155,0.5566543936729431,-0.009805873967707157,0.631312906742096,0.45817941427230835,-0.01871304400265217,0.6219173669815063,0.3975984454154968,-0.031779784709215164,0.6155279278755188,0.34762877225875854,-0.04296518862247467,0.6917163133621216,0.5589765310287476,-0.01904117688536644,0.6861060857772827,0.4673178791999817,-0.03076017089188099,0.6814003586769104,0.4117163419723511,-0.04136324301362038,0.6756159663200378,0.3646939992904663,-0.05019602179527283,0.7327711582183838,0.5781697630882263,-0.030851060524582863,0.739760160446167,0.5052187442779541,-0.041406016796827316,0.7424992322921753,0.4589458107948303,-0.045340657234191895,0.7433972954750061,0.41535472869873047,-0.04886756092309952,HELLO
0.7160694599151611,0.805781364440918,3.725141368704499e-07,0.6509466171264648,0.7730010747909546,-0.020740866661071777,0.5889294743537903,0.7159312963485718,-0.030208691954612732,0.53914475440979,0.6787207722663879,-0.039155829697847366,0.4950207471847534,0.6596079468727112,-0.048279885202646255,0.6107881665229797,0.5771020650863647,-0.004767366219311953,0.5783398151397705,0.4973596930503845,-0.018920669332146645,0.5595757961273193,0.44764459133148193,-0.03441483899950981,0.5454081296920776,0.40334710478782654,-0.046952635049819946,0.6498096585273743,0.5564040541648865,-0.009874388575553894,0.6308857202529907,0.45886972546577454,-0.019933665171265602,0.6219949126243591,0.39922457933425903,-0.03348935395479202,0.6156619787216187,0.3496583104133606,-0.044830042868852615,0.6909540891647339,0.5588837265968323,-0.01951228454709053,0.6855444312095642,0.4689030051231384,-0.03231658786535263,0.6815522909164429,0.4137139618396759,-0.04319794476032257,0.6762077808380127,0.3667263984680176,-0.051979660987854004,0.7323302626609802,0.57816481590271,-0.03171394392848015,0.7393401861190796,0.5052891969680786,-0.042859021574258804,0.7424833178520203,0.45883771777153015,-0.04702122509479523,0.7436447739601135,0.41493934392929077,-0.05064491182565689,HELLO
0.7163931131362915,0.8062773942947388,3.713294063345529e-07,0.6511204838752747,0.7739294767379761,-0.021122844889760017,0.5890732407569885,0.7164546251296997,-0.030743934214115143,0.5391058325767517,0.6788844466209412,-0.03977341577410698,0.4948519766330719,0.659542977809906,-0.048920951783657074,0.6108300685882568,0.5773707628250122,-0.004982775542885065,0.5782722234725952,0.4975409507751465,-0.019164763391017914,0.5593991279602051,0.44781988859176636,-0.0347018763422966,0.5451765656471252,0.4036789536476135,-0.047254499047994614,0.649991512298584,0.5565505623817444,-0.009858863428235054,0.6308480501174927,0.45918405055999756,-0.019858794286847115,0.621860146522522,0.39960217475891113,-0.03338037431240082,0.6155439019203186,0.35029882192611694,-0.04468293488025665,0.6913355588912964,0.5588915944099426,-0.019292600452899933,0.6856358647346497,0.46894359588623047,-0.031990040093660355,0.6816218495368958,0.41388189792633057,-0.04277117922902107,0.6762978434562683,0.3671717345714569,-0.05146652087569237,0.732899010181427,0.5779919624328613,-0.03133010119199753,0.7397237420082092,0.505092203617096,-0.04236504063010216,0.742712676525116,0.4588252007961273,-0.046433787792921066,0.7437875270843506,0.4152865409851074,-0.049954865127801895,HELLO
0.7165690660476685,0.8040488958358765,3.834529138657672e-07,0.6560399532318115,0.7745417952537537,-0.020777633413672447,0.5960094332695007,0.7107712626457214,-0.030720992013812065,0.5481869578361511,0.6656433939933777,-0.04035486280918121,0.5042660236358643,0.646000862121582,-0.05018972232937813,0.6185010671615601,0.5732866525650024,-0.008299196138978004,0.5908823013305664,0.487420916557312,-0.02430410124361515,0.5752138495445251,0.4356358051300049,-0.03995880112051964,0.5637783408164978,0.39053723216056824,-0.05221866816282272,0.6569591164588928,0.5545266270637512,-0.013953698799014091,0.6418851017951965,0.4536115527153015,-0.026109369471669197,0.6350840330123901,0.39297813177108765,-0.0392928384244442,0.6298136711120605,0.3428317606449127,-0.04973501339554787,0.6973381042480469,0.5585569739341736,-0.023936649784445763,0.6933575868606567,0.4643707871437073,-0.03859483823180199,0.6914132237434387,0.4108031392097473,-0.047961991280317307,0.6879734396934509,0.36421269178390503,-0.05508479103446007,0.7381079196929932,0.5796675086021423,-0.0364743210375309,0.7468292713165283,0.5038596391677856,-0.04932918772101402,0.7533496618270874,0.4566774368286133,-0.05293189734220505,0.7578874230384827,0.4124155640602112,-0.05553646385669708,HELLO
0.7180863618850708,0.8052555322647095,3.8905085375517956e-07,0.6568302512168884,0.7739635109901428,-0.02153710648417473,0.5950097441673279,0.7089703679084778,-0.031203169375658035,0.5443594455718994,0.6655845642089844,-0.04036368429660797,0.49937039613723755,0.646568775177002,-0.04952073469758034,0.6185791492462158,0.5705422759056091,-0.005972906947135925,0.5902887582778931,0.4876472055912018,-0.021154170855879784,0.5736156105995178,0.436906635761261,-0.03697184473276138,0.5616199970245361,0.3931325078010559,-0.0495588593184948,0.6575983762741089,0.5517552495002747,-0.010841438546776772,0.6429719924926758,0.4529430568218231,-0.02219703048467636,0.6367303729057312,0.3926040828227997,-0.03550851717591286,0.6326020359992981,0.3427777588367462,-0.046285826712846756,0.6986256837844849,0.5559747219085693,-0.020330242812633514,0.6960151195526123,0.46426576375961304,-0.03461528569459915,0.695343554019928,0.4112723767757416,-0.04475380852818489,0.6931993365287781,0.3663320541381836,-0.052432626485824585,0.7394821047782898,0.5776652097702026,-0.03244158998131752,0.7485054731369019,0.5039725303649902,-0.04489685222506523,0.7548146843910217,0.45817679166793823,-0.04889315739274025,0.7594000101089478,0.41552430391311646,-0.051925018429756165,HELLO
0.7186582088470459,0.8048588633537292,3.854493684229965e-07,0.6572692394256592,0.773806095123291,-0.021812479943037033,0.5950464606285095,0.70955491065979,-0.03177604451775551,0.5439181923866272,0.6667115688323975,-0.0411883108317852,0.4986729621887207,0.6475144028663635,-0.05056818574666977,0.6188282370567322,0.5711313486099243,-0.006588290445506573,0.5906097888946533,0.4877215027809143,-0.022121699526906013,0.5740458369255066,0.4368836283683777,-0.03810923919081688,0.5620880126953125,0.3927905559539795,-0.05076894536614418,0.657802402973175,0.5520117878913879,-0.011343955993652344,0.6431863307952881,0.45302826166152954,-0.022877637296915054,0.6369394659996033,0.3930473327636719,-0.0362154059112072,0.6328438520431519,0.3430667221546173,-0.047042809426784515,0.6987460255622864,0.5559712052345276,-0.020709728822112083,0.6960577368736267,0.46436700224876404,-0.034939054399728775,0.695528507232666,0.4116569757461548,-0.044725414365530014,0.6935513615608215,0.36691808700561523,-0.05220095440745354,0.7396116256713867,0.5774047374725342,-0.032748717814683914,0.7483553290367126,0.5039964914321899,-0.04502246901392937,0.7545349597930908,0.458391010761261,-0.04869098961353302,0.7591236233711243,0.4159356653690338,-0.05150379240512848,HELLO
0.7150507569313049,0.8076038360595703,3.6474926901064464e-07,0.6563239693641663,0.7695671319961548,-0.02195221558213234,0.6027895212173462,0.7034003734588623,-0.03324407339096069,0.5595226287841797,0.651316225528717,-0.04392876848578453,0.517460823059082,0.6220946311950684,-0.054532844573259354,0.6275611519813538,0.5660271644592285,-0.010154922492802143,0.604630708694458,0.47768908739089966,-0.028271833434700966,0.5930565595626831,0.42397981882095337,-0.04574216902256012,0.5861319899559021,0.3768565058708191,-0.05896700918674469,0.667483925819397,0.5512937307357788,-0.015304778702557087,0.6534109115600586,0.45201626420021057,-0.028783833608031273,0.6476602554321289,0.3922275900840759,-0.043416861444711685,0.6443651914596558,0.342119425535202,-0.05501450225710869,0.7079139947891235,0.559585690498352,-0.024801596999168396,0.7090550065040588,0.46652817726135254,-0.03998565301299095,0.7099175453186035,0.4150857925415039,-0.04919200763106346,0.7087669968605042,0.3713842034339905,-0.05621675029397011,0.7480685710906982,0.5855237245559692,-0.03698524087667465,0.7577625513076782,0.513136625289917,-0.04997839033603668,0.7622472047805786,0.46872544288635254,-0.05357604846358299,0.7643096446990967,0.427335649728775,-0.056100428104400635,HELLO
0.7146555185317993,0.8075029253959656,3.5787979868473485e-07,0.655047595500946,0.7679881453514099,-0.02153775654733181,0.6016994714736938,0.7001030445098877,-0.032597631216049194,0.5584753751754761,0.6490856409072876,-0.0431528314948082,0.5174058675765991,0.618161141872406,-0.053519971668720245,0.6298173666000366,0.5644203424453735,-0.007166125811636448,0.6066216826438904,0.47586655616760254,-0.024194760248064995,0.5947016477584839,0.4225862920284271,-0.041660767048597336,0.5879929065704346,0.37623831629753113,-0.05479129031300545,0.6698381900787354,0.5504499673843384,-0.012073103338479996,0.6556609272956848,0.45073604583740234,-0.024546103551983833,0.6494249701499939,0.38974815607070923,-0.03945283219218254,0.6458634734153748,0.3399948477745056,-0.05132061988115311,0.7101003527641296,0.558309018611908,-0.02142973430454731,0.7112724184989929,0.46572113037109375,-0.03508703038096428,0.7112231850624084,0.4126526117324829,-0.04497309774160385,0.7094436883926392,0.36932000517845154,-0.052608318626880646,0.7495377063751221,0.5832070708274841,-0.033510033041238785,0.7590916156768799,0.5096525549888611,-0.04508012905716896,0.7625780701637268,0.46346336603164673,-0.048773545771837234,0.7638220191001892,0.4208495318889618,-0.05151638761162758,HELLO
0.7146111130714417,0.8086122870445251,3.4064188980664767e-07,0.6551938652992249,0.7685476541519165,-0.021470308303833008,0.6019651889801025,0.7006126046180725,-0.03277306631207466,0.5590468049049377,0.6494302153587341,-0.04355413466691971,0.5182317495346069,0.6182370781898499,-0.05420616269111633,0.6297920346260071,0.5653076171875,-0.007948032580316067,0.6065516471862793,0.47744783759117126,-0.025225481018424034,0.5944045782089233,0.42434239387512207,-0.04282015189528465,0.5872246026992798,0.37841007113456726,-0.056034646928310394,0.6698572039604187,0.5509392023086548,-0.013031413778662682,0.6560434103012085,0.45141610503196716,-0.02585955336689949,0.6498580574989319,0.3908572793006897,-0.04086114093661308,0.6462060809135437,0.3414033353328705,-0.05273895710706711,0.7100987434387207,0.5587127208709717,-0.022497007623314857,0.7110341787338257,0.4663296937942505,-0.03638055920600891,0.710760235786438,0.4128369688987732,-0.046562399715185165,0.7087218761444092,0.36905258893966675,-0.0544077530503273,0.7495395541191101,0.5838600397109985,-0.034660324454307556,0.759224534034729,0.5105360746383667,-0.04644183814525604,0.7623118758201599,0.46416884660720825,-0.050417669117450714,0.7630633115768433,0.4215163588523865,-0.05336131528019905,HELLO
0.713573694229126,0.8082190752029419,3.5299481737638416e-07,0.6564541459083557,0.7593938112258911,-0.022793227806687355,0.6060846447944641,0.6838996410369873,-0.03205433860421181,0.5655494928359985,0.6278075575828552,-0.040514424443244934,0.5288277268409729,0.5908364653587341,-0.048643141984939575,0.6427675485610962,0.5624547004699707,-0.008239914663136005,0.6260915994644165,0.47111210227012634,-0.025927528738975525,0.6191366910934448,0.4154215455055237,-0.04322953149676323,0.6161256432533264,0.3668058514595032,-0.05608933046460152,0.6832804679870605,0.5537639260292053,-0.011954471468925476,0.6739004850387573,0.45500946044921875,-0.024622226133942604,0.6688103675842285,0.3952373266220093,-0.03923124447464943,0.665669858455658,0.34478625655174255,-0.05072340741753578,0.7231099605560303,0.5672946572303772,-0.020199093967676163,0.732552170753479,0.47980058193206787,-0.03468902036547661,0.7371880412101746,0.4281572699546814,-0.04387452453374863,0.7394310832023621,0.38456547260284424,-0.0507982037961483,0.7610344290733337,0.5989303588867188,-0.03130389004945755,0.7770015001296997,0.534735918045044,-0.04375682398676872,0.785854697227478,0.4938393235206604,-0.04704565554857254,0.7925441265106201,0.45483291149139404,-0.049271684139966965,HELLO
0.7123013734817505,0.806085467338562,3.4690344818955055e-07,0.6554911732673645,0.7582050561904907,-0.023952683433890343,0.6057305932044983,0.6828386783599854,-0.0342816561460495,0.5656743049621582,0.6266222596168518,-0.043160632252693176,0.528924822807312,0.5902698040008545,-0.0516410730779171,0.6430009603500366,0.5604221820831299,-0.010855510830879211,0.6248385310173035,0.4706783592700958,-0.028223998844623566,0.6157219409942627,0.41704076528549194,-0.0452989861369133,0.6110022068023682,0.37072354555130005,-0.05809915438294411,0.6836961507797241,0.5525131821632385,-0.01338959764689207,0.6738378405570984,0.4553409218788147,-0.026022231206297874,0.6685207486152649,0.3974878787994385,-0.040729764848947525,0.6652318239212036,0.3479881286621094,-0.052381936460733414,0.7238748669624329,0.5669379234313965,-0.02025270089507103,0.7313036918640137,0.47981396317481995,-0.034490350633859634,0.735670268535614,0.43059998750686646,-0.04418981820344925,0.7379759550094604,0.38931024074554443,-0.051609352231025696,0.7620252966880798,0.5989646911621094,-0.02985924854874611,0.7778304815292358,0.5344043374061584,-0.04201335087418556,0.7869043350219727,0.4949762225151062,-0.045483849942684174,0.7943626642227173,0.4572948217391968,-0.04789426177740097,HELLO
0.7094422578811646,0.8078171014785767,3.8365291743502894e-07,0.6515892148017883,0.7567291855812073,-0.02572615072131157,0.6072908639907837,0.6755677461624146,-0.03510264307260513,0.5741128325462341,0.609640896320343,-0.04288255795836449,0.5386087894439697,0.566375732421875,-0.04979243129491806,0.6559658050537109,0.5539363026618958,-0.007875138893723488,0.6452224254608154,0.4614401161670685,-0.023214111104607582,0.639856219291687,0.4050576984882355,-0.03917023912072182,0.6368926763534546,0.3560158610343933,-0.05157718062400818,0.6978644728660583,0.5515254735946655,-0.009258481673896313,0.6995114088058472,0.45667803287506104,-0.019523095339536667,0.7016788721084595,0.40095216035842896,-0.032377537339925766,0.7041066288948059,0.35493993759155273,-0.04281451553106308,0.7366529703140259,0.5702797770500183,-0.015535132959485054,0.7529146671295166,0.4874498248100281,-0.028863316401839256,0.7613157033920288,0.43687862157821655,-0.03724522888660431,0.76630699634552,0.39395642280578613,-0.04367538169026375,0.7717882394790649,0.6053227782249451,-0.02492981217801571,0.7926538586616516,0.5450372695922852,-0.03685097023844719,0.8038925528526306,0.5074172019958496,-0.03981088846921921,0.8123370409011841,0.4718078672885895,-0.041738346219062805,HELLO
0.7044183015823364,0.8139819502830505,3.702821516071708e-07,0.6505146026611328,0.7559440732002258,-0.02245628647506237,0.6094763278961182,0.663932740688324,-0.02925337478518486,0.579376757144928,0.5925091505050659,-0.03480027616024017,0.5457995533943176,0.5481135249137878,-0.039737269282341,0.6641325950622559,0.5544536113739014,-0.0033920130226761103,0.6598988771438599,0.4652712345123291,-0.0167823676019907,0.6591208577156067,0.4094630777835846,-0.03131420910358429,0.6605898141860962,0.36253395676612854,-0.04287678375840187,0.7075192332267761,0.5560316443443298,-0.005684792995452881,0.7153306007385254,0.46091699600219727,-0.014114375226199627,0.7217678427696228,0.4037713408470154,-0.026384513825178146,0.7281849384307861,0.3567863702774048,-0.03648846596479416,0.7459532618522644,0.5794879198074341,-0.012569279409945011,0.7642238736152649,0.4957168996334076,-0.024785321205854416,0.7740014791488647,0.44602879881858826,-0.03380206227302551,0.7809228301048279,0.40383094549179077,-0.04084501788020134,0.7796608209609985,0.6194095015525818,-0.02212311513721943,0.8032646775245667,0.5616013407707214,-0.034162431955337524,0.8172402381896973,0.5252624750137329,-0.03812266141176224,0.8294494152069092,0.490433931350708,-0.04077422618865967,HELLO
0.7053313851356506,0.8162590861320496,3.917113531315408e-07,0.6512100100517273,0.7565789222717285,-0.02500147745013237,0.6110430955886841,0.6656711101531982,-0.033389635384082794,0.5794969797134399,0.5954433083534241,-0.03986452519893646,0.5458235144615173,0.549008309841156,-0.04537440091371536,0.6638329029083252,0.5548804998397827,-0.0046278550289571285,0.6596881151199341,0.46505194902420044,-0.01769811473786831,0.6581931710243225,0.409365713596344,-0.032021258026361465,0.658733606338501,0.3629206418991089,-0.043268833309412,0.7076139450073242,0.557671308517456,-0.005215752869844437,0.7176564931869507,0.4630979001522064,-0.013172434642910957,0.7246025800704956,0.4060400426387787,-0.024698762223124504,0.7307677865028381,0.3601769506931305,-0.03415709733963013,0.7464112043380737,0.5823599696159363,-0.010705036111176014,0.76617431640625,0.4985824227333069,-0.0218658484518528,0.7761561870574951,0.449271559715271,-0.030172154307365417,0.7828214764595032,0.40793824195861816,-0.03664590045809746,0.7802130579948425,0.6221216917037964,-0.019110286608338356,0.8049396276473999,0.56345134973526,-0.029641972854733467,0.8196040987968445,0.5268805623054504,-0.03264967352151871,0.832942008972168,0.4924008548259735,-0.03458762168884277,HELLO
0.7055065631866455,0.8147111535072327,4.052861299896904e-07,0.6514303684234619,0.7557398080825806,-0.025897791609168053,0.6114097833633423,0.6662811636924744,-0.03505498543381691,0.5795930624008179,0.5959553718566895,-0.04213884845376015,0.5458465814590454,0.5486299395561218,-0.04835142567753792,0.6635746359825134,0.555386483669281,-0.006220978684723377,0.6590153574943542,0.46442949771881104,-0.01996581070125103,0.6573193669319153,0.4081711769104004,-0.03449063375592232,0.6580550074577332,0.3613470792770386,-0.04578186571598053,0.707499623298645,0.5582631230354309,-0.006476809270679951,0.718082845211029,0.4632651209831238,-0.015126495622098446,0.7251414060592651,0.4064008593559265,-0.026872657239437103,0.7316586375236511,0.3606392741203308,-0.0364302396774292,0.74614018201828,0.5827445983886719,-0.01166865136474371,0.7662330865859985,0.49827122688293457,-0.023563791066408157,0.7759790420532227,0.4485868215560913,-0.032108958810567856,0.7825889587402344,0.4067579507827759,-0.03870760276913643,0.7796063423156738,0.6221316456794739,-0.01977732963860035,0.8045398592948914,0.5635218024253845,-0.03116665780544281,0.8193562626838684,0.527119517326355,-0.03454064205288887,0.8327965140342712,0.49241989850997925,-0.0366537906229496,HELLO
0.6973040103912354,0.8157315850257874,3.7368701555351436e-07,0.6458724737167358,0.7526282668113708,-0.02025006152689457,0.6081672310829163,0.6583431959152222,-0.024768108502030373,0.5810355544090271,0.5880913734436035,-0.028427844867110252,0.5512293577194214,0.5412168502807617,-0.031112339347600937,0.6714908480644226,0.5574362277984619,0.002120300894603133,0.6706968545913696,0.4682599902153015,-0.007532405201345682,0.6706132888793945,0.41452139616012573,-0.01874169148504734,0.6725625395774841,0.369138240814209,-0.028020117431879044,0.7139502763748169,0.5629736185073853,0.00038055857294239104,0.7297279834747314,0.471316933631897,-0.00440232502296567,0.7420036196708679,0.41757702827453613,-0.013023083098232746,0.7539193630218506,0.37469857931137085,-0.02047731541097164,0.7502111792564392,0.5880101919174194,-0.006147400476038456,0.7724891901016235,0.5073660612106323,-0.014858976006507874,0.7855581045150757,0.4618045687675476,-0.020920487120747566,0.7958666682243347,0.4232245683670044,-0.02589222975075245,0.7814605236053467,0.6267746090888977,-0.015400679782032967,0.8078889846801758,0.5725422501564026,-0.023472603410482407,0.8237128853797913,0.5385454893112183,-0.025096895173192024,0.8382844924926758,0.5058310627937317,-0.02631874568760395,HELLO
0.6997823119163513,0.8163596987724304,3.849309280212765e-07,0.6472494602203369,0.7527409195899963,-0.02139161340892315,0.6102578639984131,0.6604180932044983,-0.02780347689986229,0.5820150375366211,0.5911464691162109,-0.03292137384414673,0.5522058010101318,0.5423356294631958,-0.03707693889737129,0.6721622347831726,0.5571547746658325,0.00017501649563200772,0.6702204942703247,0.4667244255542755,-0.009603112936019897,0.6696000695228577,0.4127744436264038,-0.02153077907860279,0.6710322499275208,0.367016077041626,-0.03139288350939751,0.7144280076026917,0.5625882744789124,-0.0012685750843957067,0.7300838232040405,0.4700070321559906,-0.00607689842581749,0.7407274842262268,0.415158748626709,-0.01575283147394657,0.7497918009757996,0.37122607231140137,-0.02425534836947918,0.7506678700447083,0.5879368782043457,-0.007402024697512388,0.773950457572937,0.5080563426017761,-0.01561905350536108,0.7869700193405151,0.4616367816925049,-0.023102862760424614,0.7958926558494568,0.4226014018058777,-0.02950616553425789,0.7813024520874023,0.6264956593513489,-0.016233252361416817,0.8078620433807373,0.5724993944168091,-0.02378614991903305,0.8239172697067261,0.5395134687423706,-0.025798587128520012,0.8384028673171997,0.5082740783691406,-0.027610085904598236,HELLO
0.6993797421455383,0.8163851499557495,3.8007505054338253e-07,0.6470904350280762,0.7521312236785889,-0.02101975493133068,0.6098825931549072,0.6594130992889404,-0.026895303279161453,0.581882894039154,0.5902255773544312,-0.031586527824401855,0.5521963834762573,0.5418202877044678,-0.035320576280355453,0.672152042388916,0.557090699672699,0.0008951376657932997,0.6704500317573547,0.4670037627220154,-0.008672989904880524,0.6697450280189514,0.4136112332344055,-0.020352855324745178,0.6711063385009766,0.36821702122688293,-0.03001645766198635,0.7142512202262878,0.5627219676971436,-0.0006691679009236395,0.7298631072044373,0.47058409452438354,-0.0054383305832743645,0.7403424978256226,0.4157925844192505,-0.015046818181872368,0.7493584156036377,0.3717660903930664,-0.023447826504707336,0.7502038478851318,0.5880467891693115,-0.006942709442228079,0.7744042873382568,0.5086030960083008,-0.015348339453339577,0.7876288890838623,0.4625871479511261,-0.022736327722668648,0.7965907454490662,0.4238179326057434,-0.02891605906188488,0.780585765838623,0.6264976263046265,-0.01588619500398636,0.807631254196167,0.5728191137313843,-0.023609057068824768,0.8238866925239563,0.5397380590438843,-0.025614019483327866,0.8383585810661316,0.5083867907524109,-0.02732742950320244,HELLO
0.6881664991378784,0.8171215057373047,4.2298310631849745e-07,0.6364099979400635,0.7589092254638672,-0.023748304694890976,0.5987319946289062,0.6706802248954773,-0.03080364316701889,0.5701982975006104,0.6034443974494934,-0.03601549193263054,0.542038083076477,0.5564418435096741,-0.03991006314754486,0.6616360545158386,0.5539875626564026,-0.0011000793892890215,0.6603491306304932,0.4619293510913849,-0.010812024585902691,0.660127580165863,0.4057644307613373,-0.023142606019973755,0.6621362566947937,0.3604385554790497,-0.03281114250421524,0.7029818296432495,0.5580307245254517,-0.0004901642678305507,0.7182794809341431,0.46613627672195435,-0.0035309966187924147,0.7288936376571655,0.4139651954174042,-0.011869748122990131,0.7389509677886963,0.3755077123641968,-0.019228937104344368,0.7388774156570435,0.5814230442047119,-0.00484419846907258,0.7637218236923218,0.503464937210083,-0.010090670548379421,0.7760640382766724,0.4584979712963104,-0.015939509496092796,0.7855361104011536,0.42325490713119507,-0.021429909393191338,0.7682867050170898,0.6191907525062561,-0.012518047355115414,0.7960586547851562,0.5686190724372864,-0.018282294273376465,0.8121433854103088,0.5367556810379028,-0.01998361572623253,0.8272919058799744,0.5082905292510986,-0.021200774237513542,HELLO
0.6857995986938477,0.8186747431755066,4.063571736878657e-07,0.6367876529693604,0.7558218240737915,-0.023335721343755722,0.6001967787742615,0.6666374802589417,-0.030950594693422318,0.5708357095718384,0.5989495515823364,-0.037380971014499664,0.5401037931442261,0.5528013110160828,-0.042633622884750366,0.6625531315803528,0.5538838505744934,0.0002740985946729779,0.6623729467391968,0.46420571208000183,-0.011650728061795235,0.6625699400901794,0.4097285270690918,-0.02572244592010975,0.6651606559753418,0.3639479875564575,-0.036396246403455734,0.7036597728729248,0.5595091581344604,-0.0004495471657719463,0.7195935845375061,0.46869924664497375,-0.006007183343172073,0.7316132187843323,0.41668185591697693,-0.015122185461223125,0.7425459623336792,0.3785130977630615,-0.02219431847333908,0.7394825220108032,0.5851314663887024,-0.006421828642487526,0.7646223306655884,0.5069876909255981,-0.014117995277047157,0.7781499624252319,0.46204471588134766,-0.018628574907779694,0.7886723279953003,0.4270574450492859,-0.021997425705194473,0.7690026760101318,0.6247550249099731,-0.015813766047358513,0.7965615391731262,0.5716162323951721,-0.022907709702849388,0.8122568130493164,0.5381636023521423,-0.02327156811952591,0.8271371126174927,0.5080981254577637,-0.022761646658182144,HELLO
0.6859961748123169,0.8186228275299072,4.069178487497993e-07,0.6365371942520142,0.7550826072692871,-0.022729992866516113,0.6006450057029724,0.6664127111434937,-0.030562130734324455,0.5721054077148438,0.5983659625053406,-0.03726452216506004,0.5406122803688049,0.5522773861885071,-0.042922891676425934,0.6619184613227844,0.5527207255363464,0.0004311813390813768,0.6605082154273987,0.4620765149593353,-0.011124513112008572,0.6606395244598389,0.4071929454803467,-0.02509031817317009,0.663385272026062,0.3612711429595947,-0.03580372408032417,0.7033089399337769,0.5583975911140442,-0.0007455222075805068,0.7188223600387573,0.4669201672077179,-0.0060901157557964325,0.7302470803260803,0.41505861282348633,-0.015776377171278,0.7409114837646484,0.3763420879840851,-0.02354069985449314,0.7392992377281189,0.5841754674911499,-0.006999875884503126,0.7645275592803955,0.5062016844749451,-0.01442012283951044,0.7780427932739258,0.4611268639564514,-0.019792912527918816,0.7887130379676819,0.42531564831733704,-0.024163534864783287,0.768756091594696,0.6240749955177307,-0.01654532551765442,0.7960309386253357,0.571051836013794,-0.02322542667388916,0.8116875886917114,0.5382571220397949,-0.023723745718598366,0.8264502286911011,0.5084031224250793,-0.02367609366774559,HELLO
0.7046863436698914,0.7795361876487732,4.257683201558393e-07,0.6397051215171814,0.7937585711479187,-0.030376868322491646,0.5774379372596741,0.7723509073257446,-0.04881899058818817,0.5250705480575562,0.7576531171798706,-0.06467356532812119,0.47880131006240845,0.7586777806282043,-0.08050335198640823,0.5672070384025574,0.6306896805763245,-0.025831596925854683,0.5191888809204102,0.5590974688529968,-0.044093091040849686,0.48962098360061646,0.5163167119026184,-0.060744766145944595,0.46563494205474854,0.4813654124736786,-0.07314079254865646,0.5995141863822937,0.596507728099823,-0.026492079719901085,0.5595637559890747,0.5088092088699341,-0.0405946783721447,0.5342530012130737,0.4530879557132721,-0.05536845698952675,0.5150937438011169,0.410411536693573,-0.06659264862537384,0.6382790207862854,0.583288311958313,-0.03132591396570206,0.6088451147079468,0.49612492322921753,-0.04573383554816246,0.5904875993728638,0.4467162489891052,-0.058739978820085526,0.5737767815589905,0.40762168169021606,-0.06818345189094543,0.6809327006340027,0.5847673416137695,-0.03908364847302437,0.6659652590751648,0.5140232443809509,-0.052189335227012634,0.6532204151153564,0.47212234139442444,-0.058783043175935745,0.6402231454849243,0.4357166588306427,-0.06324175745248795,HELLO
0.7204532623291016,0.7962641716003418,4.4600847104447894e-07,0.6543842554092407,0.796156108379364,-0.02631223388016224,0.5882020592689514,0.7676898241043091,-0.03939139470458031,0.5319661498069763,0.7553577423095703,-0.05104738101363182,0.4857747256755829,0.7612642645835876,-0.06240129470825195,0.5759714841842651,0.6285455822944641,-0.009021952748298645,0.5244722366333008,0.5622438192367554,-0.024878256022930145,0.49546265602111816,0.5209934115409851,-0.04168592393398285,0.4727419912815094,0.4847137928009033,-0.054379042237997055,0.6063987612724304,0.5937709212303162,-0.011032883077859879,0.5672892928123474,0.5078237056732178,-0.022297242656350136,0.5440541505813599,0.4544691741466522,-0.03664122894406319,0.5264406204223633,0.4125978648662567,-0.047604355961084366,0.6434628367424011,0.5791240930557251,-0.01795324869453907,0.6164956092834473,0.494154155254364,-0.030101340264081955,0.5988883972167969,0.44534027576446533,-0.04032132774591446,0.5844461917877197,0.4062744975090027,-0.04798058420419693,0.6851168870925903,0.5797451138496399,-0.028033219277858734,0.6726925373077393,0.5111442804336548,-0.03789280354976654,0.663622260093689,0.46999305486679077,-0.040914006531238556,0.6549595594406128,0.43441471457481384,-0.04317439720034599,HELLO
0.7228885293006897,0.8025673627853394,4.084022009465116e-07,0.6570404171943665,0.7985656261444092,-0.02362901158630848,0.5881459712982178,0.7708257436752319,-0.03503115475177765,0.5311687588691711,0.7564815282821655,-0.04553043842315674,0.4842976927757263,0.762416422367096,-0.05559055507183075,0.5737102031707764,0.6281902194023132,-0.0033617608714848757,0.5198741555213928,0.5625582933425903,-0.01671418361365795,0.49030008912086487,0.5229382514953613,-0.03206392750144005,0.4675503075122833,0.4868338108062744,-0.04400904104113579,0.6038002967834473,0.5920063853263855,-0.0059667304158210754,0.5637380480766296,0.5067194700241089,-0.014357304200530052,0.5416613221168518,0.4560452699661255,-0.02706180140376091,0.5250146389007568,0.415048211812973,-0.03741418942809105,0.6408019661903381,0.5762267708778381,-0.013485771603882313,0.6141765713691711,0.4913443326950073,-0.02321373112499714,0.5977093577384949,0.44421476125717163,-0.03226260840892792,0.5830209255218506,0.4058184027671814,-0.03977414593100548,0.6830443143844604,0.5758042931556702,-0.024102088063955307,0.6714766025543213,0.5056400895118713,-0.03211832791566849,0.6627687215805054,0.46362006664276123,-0.03456002473831177,0.6535750031471252,0.425825297832489,-0.03681471571326256,HELLO
0.7231652736663818,0.8071176409721375,4.0082670693664113e-07,0.6571043729782104,0.7998731136322021,-0.022507624700665474,0.5877791047096252,0.7711598873138428,-0.033748555928468704,0.5309811234474182,0.7560214996337891,-0.04444233328104019,0.48373812437057495,0.761530876159668,-0.05479995906352997,0.572796642780304,0.6277569532394409,-0.002862728899344802,0.5171643495559692,0.5610527992248535,-0.016832398250699043,0.4865300953388214,0.521095871925354,-0.03259538114070892,0.46288126707077026,0.48416250944137573,-0.04481659084558487,0.6032516360282898,0.5923728346824646,-0.006310864817351103,0.5631106495857239,0.5058119893074036,-0.015125695616006851,0.5411556959152222,0.45466867089271545,-0.028203779831528664,0.5241175889968872,0.4127201437950134,-0.03885243460536003,0.6407121419906616,0.577389121055603,-0.014606652781367302,0.6140726804733276,0.4921860694885254,-0.024474002420902252,0.5977607369422913,0.44474083185195923,-0.033240221440792084,0.5827832221984863,0.4059034287929535,-0.040591564029455185,0.683478057384491,0.5780963897705078,-0.025952331721782684,0.6721097230911255,0.5072702169418335,-0.03373783081769943,0.663262128829956,0.46490782499313354,-0.03568189591169357,0.6535635590553284,0.42684563994407654,-0.037618398666381836,HELLO
0.7377480268478394,0.8140373229980469,3.4327297271374846e-07,0.6707451939582825,0.800337016582489,-0.02603854611515999,0.6041625738143921,0.7600619196891785,-0.039105016738176346,0.550153374671936,0.7359263896942139,-0.051194511353969574,0.5022807717323303,0.7295567393302917,-0.06320875138044357,0.5993781089782715,0.6236753463745117,-0.0109564745798707,0.5524182915687561,0.5493779182434082,-0.02926030568778515,0.5265994071960449,0.5029456615447998,-0.047178033739328384,0.5059114098548889,0.46102094650268555,-0.06077484413981438,0.632544219493866,0.5907002687454224,-0.014920754358172417,0.5975545644760132,0.49857744574546814,-0.02859196998178959,0.5801694989204407,0.4419027864933014,-0.043901823461055756,0.5669845938682556,0.3933337330818176,-0.05583442747592926,0.6707665324211121,0.5786725282669067,-0.02389633096754551,0.6496679186820984,0.4850514531135559,-0.03903903812170029,0.6380500197410583,0.4268159866333008,-0.050366226583719254,0.6261839866638184,0.37626969814300537,-0.05901803821325302,0.7127425670623779,0.582455039024353,-0.035945720970630646,0.7041741013526917,0.508187472820282,-0.04813393950462341,0.6977159380912781,0.4621671736240387,-0.05195320025086403,0.6895118355751038,0.42018604278564453,-0.055137112736701965,HELLO
0.7372910976409912,0.8121730089187622,3.7566391597465554e-07,0.6722492575645447,0.7975462675094604,-0.024906935170292854,0.6064033508300781,0.7592511773109436,-0.03687566891312599,0.5537533760070801,0.7331944108009338,-0.04762499779462814,0.5088970065116882,0.7267348170280457,-0.05797935277223587,0.5983656644821167,0.6215218901634216,-0.007668172009289265,0.5523439049720764,0.5484919548034668,-0.022974109277129173,0.5266938805580139,0.5051665306091309,-0.039354827255010605,0.5066365599632263,0.4658256769180298,-0.052015841007232666,0.6313077807426453,0.5870949625968933,-0.010476155206561089,0.598404586315155,0.4959549903869629,-0.02089761197566986,0.5800201892852783,0.44240111112594604,-0.03495272248983383,0.5660383105278015,0.3976060152053833,-0.046364665031433105,0.6691058874130249,0.573625385761261,-0.018109580501914024,0.6490697860717773,0.4832737147808075,-0.029282327741384506,0.6348066329956055,0.4307402968406677,-0.0393807627260685,0.6213169097900391,0.3862890899181366,-0.04786026477813721,0.7109472155570984,0.5768495202064514,-0.0288788303732872,0.7035332918167114,0.5049729347229004,-0.038008809089660645,0.6958669424057007,0.46129733324050903,-0.04105362668633461,0.6869847774505615,0.42217451333999634,-0.04388260096311569,HELLO
0.7375996112823486,0.8119286298751831,3.819274354555091e-07,0.672290563583374,0.7981793284416199,-0.025701262056827545,0.6066187620162964,0.7601500749588013,-0.03801379352807999,0.5547960996627808,0.7334657907485962,-0.04893014207482338,0.5100633502006531,0.7242857217788696,-0.0593964122235775,0.5985694527626038,0.6205599904060364,-0.008892940357327461,0.5520811080932617,0.5475119352340698,-0.024614309892058372,0.5262644290924072,0.504342257976532,-0.041202057152986526,0.5062564611434937,0.46480676531791687,-0.053937993943691254,0.6319773197174072,0.5870331525802612,-0.011475571431219578,0.5990625023841858,0.49586236476898193,-0.022296415641903877,0.5805818438529968,0.4422340393066406,-0.0364379957318306,0.566604495048523,0.39720359444618225,-0.04785733297467232,0.6700761318206787,0.5741559267044067,-0.018977345898747444,0.6501315236091614,0.4833316504955292,-0.030809735879302025,0.6360975503921509,0.4302903413772583,-0.0412391796708107,0.6227803230285645,0.38475483655929565,-0.04985896497964859,0.7121462821960449,0.5780192613601685,-0.029648013412952423,0.7046688199043274,0.5061730146408081,-0.039613064378499985,0.6974477767944336,0.46219363808631897,-0.043067507445812225,0.6890857815742493,0.42221957445144653,-0.046082738786935806,HELLO
0.7392700910568237,0.8179010152816772,3.498226135434379e-07,0.6724583506584167,0.799156904220581,-0.0170012004673481,0.6059107780456543,0.7525683641433716,-0.022440532222390175,0.5583226084709167,0.7181361317634583,-0.028120728209614754,0.5165572166442871,0.705497682094574,-0.033856119960546494,0.6138151288032532,0.6120423078536987,0.001139023108407855,0.5735262036323547,0.5346002578735352,-0.010553604923188686,0.5506715774536133,0.4876140058040619,-0.023700136691331863,0.5325844883918762,0.4453430473804474,-0.0344063974916935,0.6494568586349487,0.5853515267372131,-0.004957250785082579,0.6212777495384216,0.4901255965232849,-0.012038362212479115,0.6076980829238892,0.43119102716445923,-0.02333933860063553,0.5976534485816956,0.3811706602573395,-0.032827623188495636,0.6882332563400269,0.5803780555725098,-0.015506603755056858,0.6723349094390869,0.4885677695274353,-0.025435220450162888,0.6631587743759155,0.4344065487384796,-0.03372616693377495,0.6528869271278381,0.38718318939208984,-0.04074258357286453,0.7300759553909302,0.5911579728126526,-0.028557036072015762,0.7264302968978882,0.5195968747138977,-0.036634933203458786,0.723459005355835,0.47547560930252075,-0.03814743459224701,0.7185637950897217,0.4342932105064392,-0.0399821512401104,HELLO
0.7402682304382324,0.8206219673156738,3.3502857377243345e-07,0.6739508509635925,0.8025719523429871,-0.01698456145823002,0.606717050075531,0.7537643909454346,-0.02313389629125595,0.558609664440155,0.7190954089164734,-0.029063614085316658,0.5170891284942627,0.7057592868804932,-0.03517149016261101,0.614364504814148,0.6128573417663574,-0.001678680768236518,0.5727075934410095,0.5347426533699036,-0.01365070790052414,0.5487192869186401,0.48776501417160034,-0.027140716090798378,0.5300412178039551,0.4463326930999756,-0.038149889558553696,0.6501705646514893,0.5853503942489624,-0.007550975773483515,0.6213158965110779,0.4886971116065979,-0.015210003592073917,0.6048718690872192,0.4308931827545166,-0.027014918625354767,0.5920747518539429,0.3840034008026123,-0.03711380437016487,0.689548671245575,0.5790515542030334,-0.017548922449350357,0.673203706741333,0.48606613278388977,-0.027508748695254326,0.6614885926246643,0.429633229970932,-0.03754545375704765,0.6495492458343506,0.3821946680545807,-0.04630991443991661,0.7315897941589355,0.5891001224517822,-0.029858049005270004,0.7279516458511353,0.5153736472129822,-0.03917412459850311,0.72463059425354,0.46939748525619507,-0.04270917922258377,0.7198055386543274,0.4270808696746826,-0.04615018516778946,HELLO
0.7371147274971008,0.8246673345565796,3.6120658819527307e-07,0.6721795201301575,0.8015128374099731,-0.019049499183893204,0.6056492924690247,0.7499656081199646,-0.026124071329832077,0.5556880831718445,0.7163709998130798,-0.03272368386387825,0.5136597752571106,0.7027528285980225,-0.03956069052219391,0.6174336075782776,0.609764039516449,-0.0036510948557406664,0.5778588056564331,0.5329562425613403,-0.0162204522639513,0.5551082491874695,0.4860779047012329,-0.030034977942705154,0.5371201038360596,0.44337254762649536,-0.041262514889240265,0.654318630695343,0.5849661827087402,-0.009004569612443447,0.6268798112869263,0.4874017536640167,-0.0168777983635664,0.6116979122161865,0.4283006489276886,-0.028620164841413498,0.599765956401825,0.3791523873806,-0.03859129548072815,0.6949068307876587,0.5823889374732971,-0.018652889877557755,0.6797640919685364,0.491136372089386,-0.02900528721511364,0.6687723994255066,0.43722862005233765,-0.0383523553609848,0.6577318906784058,0.391416996717453,-0.046233586966991425,0.7369878888130188,0.5960052609443665,-0.03085571900010109,0.734066903591156,0.5229395627975464,-0.039635151624679565,0.7322592735290527,0.47705143690109253,-0.042281441390514374,0.729745090007782,0.4342825412750244,-0.04498831927776337,HELLO
0.7345055937767029,0.8280717730522156,3.601517164497636e-07,0.6728531718254089,0.8032821416854858,-0.01954336278140545,0.6113368272781372,0.7480992674827576,-0.02900671772658825,0.5668429732322693,0.7102256417274475,-0.038429323583841324,0.5296871066093445,0.6933145523071289,-0.04846134036779404,0.623818576335907,0.6092556715011597,-0.009373042732477188,0.5876328945159912,0.5269991159439087,-0.026201216503977776,0.5666879415512085,0.47748011350631714,-0.042617131024599075,0.5508413314819336,0.4349682927131653,-0.05514901503920555,0.6603801250457764,0.5831705331802368,-0.0160661730915308,0.6364444494247437,0.47826680541038513,-0.02880079485476017,0.6226003766059875,0.41620489954948425,-0.04332267865538597,0.6124473810195923,0.3658244013786316,-0.054551150649785995,0.699955940246582,0.5798677802085876,-0.026757601648569107,0.6865324974060059,0.47773972153663635,-0.040630728006362915,0.6762909889221191,0.4193696677684784,-0.05178877338767052,0.6665177345275879,0.37044090032577515,-0.06050734221935272,0.7423277497291565,0.5948102474212646,-0.039916619658470154,0.7439453601837158,0.5161190032958984,-0.05220353603363037,0.7412096261978149,0.46585434675216675,-0.05659858509898186,0.7366892695426941,0.4203643202781677,-0.06005185469985008,HELLO
0.7342597246170044,0.8306500911712646,3.661085088424443e-07,0.6726287007331848,0.8048292398452759,-0.01870673894882202,0.6107535362243652,0.7499456405639648,-0.028133204206824303,0.5656401515007019,0.7120950222015381,-0.03766947239637375,0.5274735689163208,0.6976926326751709,-0.047921519726514816,0.6235249638557434,0.6090013980865479,-0.007550458423793316,0.5880438089370728,0.5269899368286133,-0.023306816816329956,0.5676286816596985,0.47725167870521545,-0.039601802825927734,0.55263352394104,0.43507274985313416,-0.051978662610054016,0.6612967848777771,0.5820989012718201,-0.01428182516247034,0.6401775479316711,0.4756482243537903,-0.025037311017513275,0.6283780336380005,0.41204583644866943,-0.039021946489810944,0.62010258436203,0.3609619736671448,-0.05027259886264801,0.700953483581543,0.5781119465827942,-0.025012709200382233,0.6911617517471313,0.4782518148422241,-0.036154162138700485,0.6823514103889465,0.41998589038848877,-0.046998314559459686,0.673464298248291,0.3720516860485077,-0.05617349594831467,0.7421703338623047,0.5929441452026367,-0.03831090033054352,0.7448673248291016,0.517086923122406,-0.04738466814160347,0.7427497506141663,0.46923041343688965,-0.050377584993839264,0.7389071583747864,0.4273047149181366,-0.053396888077259064,HELLO
0.7339744567871094,0.8328983783721924,3.576375320335501e-07,0.67303866147995,0.8068720698356628,-0.018802011385560036,0.6116552352905273,0.751422107219696,-0.028898321092128754,0.566283643245697,0.7129287719726562,-0.03914571925997734,0.5275454521179199,0.6985259056091309,-0.05018502473831177,0.6230220794677734,0.6089509129524231,-0.008257756941020489,0.5875833034515381,0.526774525642395,-0.024747975170612335,0.5671727657318115,0.4767736494541168,-0.04155394434928894,0.5520540475845337,0.4342160224914551,-0.05430430918931961,0.6610836982727051,0.5820192098617554,-0.015451095998287201,0.6398734450340271,0.47475725412368774,-0.02701992727816105,0.6277942061424255,0.4108404517173767,-0.04143325611948967,0.6189157962799072,0.35946035385131836,-0.0529419407248497,0.7011568546295166,0.5784206390380859,-0.02661978267133236,0.691362202167511,0.47750598192214966,-0.038531266152858734,0.6828392148017883,0.418771892786026,-0.04945889487862587,0.6740098595619202,0.37032651901245117,-0.05860058218240738,0.7425999641418457,0.5940420031547546,-0.0403425395488739,0.7448055744171143,0.5170120596885681,-0.04999949783086777,0.7430474162101746,0.468566358089447,-0.05302625522017479,0.7395951747894287,0.4259950816631317,-0.055997371673583984,HELLO
0.729823648929596,0.8428332805633545,3.19153542704953e-07,0.6698617935180664,0.7982228994369507,-0.021492058411240578,0.6136149764060974,0.7294168472290039,-0.030602779239416122,0.5707833766937256,0.6780784726142883,-0.03938368335366249,0.5309927463531494,0.6472928524017334,-0.04767140373587608,0.6424475908279419,0.5986053347587585,-0.0042585390619933605,0.616105318069458,0.5140208005905151,-0.020989421755075455,0.6005635857582092,0.46372413635253906,-0.03790672868490219,0.5900243520736694,0.41888439655303955,-0.050428248941898346,0.6805126667022705,0.5822780728340149,-0.009158581495285034,0.6617237329483032,0.4791709780693054,-0.02166544459760189,0.65164715051651,0.41652774810791016,-0.03597502410411835,0.6451841592788696,0.3640362322330475,-0.046804897487163544,0.719808042049408,0.5871885418891907,-0.01874203234910965,0.7172925472259521,0.4926307797431946,-0.032930538058280945,0.7152459621429443,0.439505934715271,-0.042023107409477234,0.711808443069458,0.39525145292282104,-0.04849893972277641,0.7609716653823853,0.6097160577774048,-0.031217394396662712,0.7707138061523438,0.537279486656189,-0.04217415302991867,0.7731640338897705,0.4916772246360779,-0.044771209359169006,0.77306067943573,0.4498510956764221,-0.04660511761903763,HELLO
0.7306902408599854,0.8409472107887268,3.231308483009343e-07,0.6714843511581421,0.8006835579872131,-0.02161368913948536,0.6160728335380554,0.7322896122932434,-0.03148962929844856,0.5759391784667969,0.6796842813491821,-0.04085105285048485,0.5383639335632324,0.6482465863227844,-0.04973158985376358,0.6414719820022583,0.6008866429328918,-0.0052553643472492695,0.6144455075263977,0.5164206027984619,-0.021290626376867294,0.5994263887405396,0.46606165170669556,-0.03823977708816528,0.5902528166770935,0.42170900106430054,-0.0508730486035347,0.6802476644515991,0.5816019177436829,-0.009600020945072174,0.6626594662666321,0.47842705249786377,-0.02048937790095806,0.6533640623092651,0.4167358875274658,-0.034831319004297256,0.6488577127456665,0.36383670568466187,-0.046193864196538925,0.7205705642700195,0.5851598381996155,-0.018361296504735947,0.7176402807235718,0.49164527654647827,-0.029442815110087395,0.7167032361030579,0.4387907385826111,-0.03833935782313347,0.7164220809936523,0.39393389225006104,-0.04579233005642891,0.7619504332542419,0.6079349517822266,-0.03011223115026951,0.7700807452201843,0.5381866693496704,-0.038317497819662094,0.773949384689331,0.49505096673965454,-0.039797309786081314,0.7773252129554749,0.4551483988761902,-0.041346147656440735,HELLO
0.731559693813324,0.8413978219032288,3.243719959300506e-07,0.6721861958503723,0.8001785278320312,-0.021980514749884605,0.6173564791679382,0.7320823669433594,-0.0318567119538784,0.5772119164466858,0.6805916428565979,-0.041147563606500626,0.5398266911506653,0.6493826508522034,-0.04996899887919426,0.6418998837471008,0.6010304689407349,-0.004786483012139797,0.6145567297935486,0.5172873735427856,-0.02076152339577675,0.5994318127632141,0.46736133098602295,-0.037841178476810455,0.5900481343269348,0.4231552481651306,-0.050551533699035645,0.6805962920188904,0.5819225907325745,-0.008829131722450256,0.6629720330238342,0.4800068736076355,-0.01955585367977619,0.6534772515296936,0.41923025250434875,-0.033980272710323334,0.6484946608543396,0.3667370080947876,-0.04540334641933441,0.7207038402557373,0.585679292678833,-0.017375333234667778,0.7177845239639282,0.49307867884635925,-0.02826918661594391,0.7163451910018921,0.4405910074710846,-0.03720301762223244,0.7154213190078735,0.39591455459594727,-0.044680241495370865,0.761986494064331,0.6087984442710876,-0.028966780751943588,0.7700086832046509,0.5396749377250671,-0.03698669746518135,0.7734349370002747,0.4968104064464569,-0.0384233295917511,0.7763386368751526,0.45710691809654236,-0.03994222357869148,HELLO
0.720227062702179,0.8513284921646118,3.606965037761256e-07,0.6625905632972717,0.80156409740448,-0.022897997871041298,0.6136500239372253,0.7233352065086365,-0.02997407875955105,0.5764179229736328,0.6643619537353516,-0.03622283414006233,0.537847101688385,0.6295140385627747,-0.042313579469919205,0.6568877696990967,0.5993224382400513,-0.0028565647080540657,0.6417890787124634,0.5077924728393555,-0.01683639921247959,0.6322759389877319,0.4505654275417328,-0.03200288116931915,0.6258432865142822,0.40079954266548157,-0.044303517788648605,0.6988520622253418,0.5921947956085205,-0.006329318042844534,0.696547269821167,0.4911430776119232,-0.01651015318930149,0.6971887350082397,0.42770546674728394,-0.03056783601641655,0.6994244456291199,0.3728831112384796,-0.04217338189482689,0.7377949357032776,0.60733562707901,-0.014746190048754215,0.7482937574386597,0.5169664025306702,-0.029366442933678627,0.7541784048080444,0.45948100090026855,-0.04090415686368942,0.7577787637710571,0.4087117314338684,-0.04976659640669823,0.7748057246208191,0.6386963725090027,-0.02589377947151661,0.7919856309890747,0.574459433555603,-0.0402400903403759,0.802299976348877,0.5332542657852173,-0.04583440348505974,0.8107885122299194,0.49348142743110657,-0.04993318021297455,HELLO
0.7243019342422485,0.8498509526252747,3.709910174620745e-07,0.6652365326881409,0.8029424548149109,-0.022500554099678993,0.616489589214325,0.7249775528907776,-0.03096795082092285,0.5791380405426025,0.6651524901390076,-0.0384257435798645,0.5391222238540649,0.6307306885719299,-0.0457143671810627,0.6579746603965759,0.6002490520477295,-0.004330580122768879,0.6418253183364868,0.5096992254257202,-0.017786545678973198,0.632432758808136,0.454081654548645,-0.03277582675218582,0.6264006495475769,0.4064359664916992,-0.044902995228767395,0.6996992230415344,0.5917669534683228,-0.007537142839282751,0.6984639167785645,0.4912397265434265,-0.016205722466111183,0.6982693076133728,0.43017300963401794,-0.029156086966395378,0.6987616419792175,0.37967878580093384,-0.04010424017906189,0.7393612861633301,0.6064340472221375,-0.015372690744698048,0.750609815120697,0.5146602392196655,-0.026880884543061256,0.7560234665870667,0.45788753032684326,-0.03699679672718048,0.7590755224227905,0.40934136509895325,-0.04558498412370682,0.776273250579834,0.6382557153701782,-0.02595697157084942,0.7943695783615112,0.5746118426322937,-0.03672167286276817,0.8043684363365173,0.5337380170822144,-0.04034176841378212,0.8129160404205322,0.4949454069137573,-0.043521590530872345,HELLO
0.7111749649047852,0.8579748868942261,3.6195237385072687e-07,0.6573006510734558,0.8018829226493835,-0.021734420210123062,0.6120736002922058,0.7199097275733948,-0.029823962599039078,0.5764355063438416,0.6595346331596375,-0.037044089287519455,0.5387800931930542,0.6220445036888123,-0.044132888317108154,0.6628190875053406,0.6021444797515869,-0.004109737928956747,0.6529737114906311,0.5144239664077759,-0.01792861893773079,0.6466290354728699,0.4600713849067688,-0.0327194444835186,0.6426944732666016,0.4133216142654419,-0.0446903370320797,0.7055983543395996,0.600042462348938,-0.007907157763838768,0.7119573354721069,0.5026752352714539,-0.017486458644270897,0.7176839709281921,0.44467055797576904,-0.030158041045069695,0.7232338190078735,0.3962763547897339,-0.040490731596946716,0.744553804397583,0.6203593015670776,-0.016357285901904106,0.7593993544578552,0.5309745073318481,-0.029421793296933174,0.7667776942253113,0.47854506969451904,-0.03870997950434685,0.7711017727851868,0.4326063394546509,-0.04593747854232788,0.7801472544670105,0.6567184329032898,-0.02737773023545742,0.801720380783081,0.5939216017723083,-0.03916690871119499,0.8133310079574585,0.5535017251968384,-0.042668357491493225,0.822533130645752,0.5145680904388428,-0.045304130762815475,HELLO
0.7122880220413208,0.8730992078781128,3.9219429481818224e-07,0.6552664041519165,0.8166474103927612,-0.021565036848187447,0.6121834516525269,0.7299156785011292,-0.027907636016607285,0.5805783271789551,0.6617425084114075,-0.03311614319682121,0.5441449880599976,0.6171271800994873,-0.03745218366384506,0.6671317219734192,0.6076353788375854,0.0029581980779767036,0.6593603491783142,0.515451192855835,-0.005761970300227404,0.6558278799057007,0.4608493745326996,-0.01809346303343773,0.6546444296836853,0.41304391622543335,-0.028608065098524094,0.7111383080482483,0.606926679611206,0.0007091581355780363,0.7197393774986267,0.5088245868682861,-0.0027859732508659363,0.7280251979827881,0.44918137788772583,-0.012702482752501965,0.7353463172912598,0.40150612592697144,-0.021614929661154747,0.7501809597015381,0.629046618938446,-0.006549053825438023,0.767795979976654,0.5413899421691895,-0.013912809081375599,0.7775629758834839,0.4899669289588928,-0.02156473882496357,0.7836853861808777,0.4457777738571167,-0.02826509438455105,0.7845969796180725,0.6656717658042908,-0.016714151948690414,0.8061513900756836,0.6011580228805542,-0.023978013545274734,0.8177171945571899,0.5613464713096619,-0.025941701605916023,0.8282489776611328,0.5228351354598999,-0.02784978598356247,HELLO
0.7139942646026611,0.8770002722740173,3.960686285608972e-07,0.6566401124000549,0.8183367848396301,-0.021232498809695244,0.613980770111084,0.7321980595588684,-0.028883805498480797,0.5822861790657043,0.6642468571662903,-0.03555699810385704,0.5450255870819092,0.6201946139335632,-0.041730232536792755,0.6674495935440063,0.6098623871803284,0.0006221279036253691,0.658726692199707,0.5162986516952515,-0.009828493930399418,0.653886079788208,0.46091702580451965,-0.023400839418172836,0.6515663266181946,0.41221290826797485,-0.03474803268909454,0.7114694714546204,0.608630895614624,-0.00236309552565217,0.7209539413452148,0.508784830570221,-0.007655140478163958,0.7283633947372437,0.449143648147583,-0.018563782796263695,0.7348224520683289,0.400516152381897,-0.028294112533330917,0.7504563331604004,0.6300233006477356,-0.010178486816585064,0.7678163051605225,0.5405657887458801,-0.018407287076115608,0.7771797180175781,0.48771676421165466,-0.02679549902677536,0.7830156683921814,0.44154542684555054,-0.034437716007232666,0.7846336364746094,0.6665021777153015,-0.020790403708815575,0.80682772397995,0.601661741733551,-0.02834439091384411,0.8188894987106323,0.56183260679245,-0.030472885817289352,0.8298052549362183,0.5229883193969727,-0.03285038843750954,HELLO
0.7144343852996826,0.8787764310836792,4.0326236216969846e-07,0.6570746898651123,0.8196159601211548,-0.020990371704101562,0.6146948337554932,0.7333431839942932,-0.028608785942196846,0.583109438419342,0.6651682257652283,-0.035355791449546814,0.5449668765068054,0.6217887997627258,-0.04164719954133034,0.6677253842353821,0.6103049516677856,0.00162258162163198,0.6588331460952759,0.5167040824890137,-0.008730693720281124,0.6539289355278015,0.46153491735458374,-0.022380201146006584,0.6515779495239258,0.4125736355781555,-0.03382103145122528,0.7114244103431702,0.6092888712882996,-0.0015901890583336353,0.7212560772895813,0.5085694789886475,-0.006834914442151785,0.7286600470542908,0.4489554166793823,-0.017904231324791908,0.7350747585296631,0.39989539980888367,-0.027752581983804703,0.7500972747802734,0.6310020089149475,-0.009656866081058979,0.7679209113121033,0.5405305624008179,-0.017848139628767967,0.7772544622421265,0.4870455861091614,-0.026171110570430756,0.7830470204353333,0.44007816910743713,-0.033794134855270386,0.7840976715087891,0.6678979992866516,-0.020513860508799553,0.8067411184310913,0.6023899912834167,-0.027872206643223763,0.8191542029380798,0.5618377923965454,-0.02975497767329216,0.8304228782653809,0.522075355052948,-0.032011307775974274,HELLO
0.7136481404304504,0.8748911023139954,4.1219345803256147e-07,0.6580657958984375,0.8169752359390259,-0.02072363905608654,0.6130121946334839,0.7374500036239624,-0.028881045058369637,0.5791072845458984,0.6784180402755737,-0.036388006061315536,0.5462203621864319,0.6394009590148926,-0.04369599372148514,0.662175714969635,0.6129132509231567,-0.0029935864731669426,0.6537461876869202,0.519314169883728,-0.016278628259897232,0.6497095823287964,0.46328675746917725,-0.030964434146881104,0.6488380432128906,0.4150905907154083,-0.04240288957953453,0.7055642008781433,0.6104001998901367,-0.00631581898778677,0.7161558270454407,0.5102904438972473,-0.01378075685352087,0.7247591018676758,0.45133286714553833,-0.02497369982302189,0.73293536901474,0.4035157263278961,-0.03464684635400772,0.74451744556427,0.6298836469650269,-0.014407451264560223,0.7630882263183594,0.5428670644760132,-0.023639902472496033,0.772166907787323,0.48987942934036255,-0.03230208531022072,0.7778944969177246,0.44543570280075073,-0.040017738938331604,0.7792202234268188,0.6653661131858826,-0.025307005271315575,0.8032852411270142,0.6032812595367432,-0.03317032754421234,0.8156293630599976,0.5648784041404724,-0.035431671887636185,0.825719952583313,0.5289368033409119,-0.03782719001173973,HELLO
0.7136625051498413,0.870821475982666,4.20450703586539e-07,0.6570133566856384,0.813205897808075,-0.02242564596235752,0.6117023825645447,0.7340167164802551,-0.03087937831878662,0.5757884979248047,0.6751186847686768,-0.03844011574983597,0.5411717891693115,0.636108934879303,-0.04580095782876015,0.6619532108306885,0.6120467782020569,-0.0032596164382994175,0.65367591381073,0.5203737020492554,-0.017081817612051964,0.6501672863960266,0.464724600315094,-0.03249545395374298,0.6495659351348877,0.4172002077102661,-0.04449920356273651,0.7057346701622009,0.6092451214790344,-0.006018275860697031,0.7149562835693359,0.5106427073478699,-0.01431950367987156,0.7221143245697021,0.45192939043045044,-0.026653535664081573,0.7288408875465393,0.40394192934036255,-0.03703537955880165,0.7450317740440369,0.6286183595657349,-0.013727285899221897,0.7636110782623291,0.540593683719635,-0.024202335625886917,0.7720903158187866,0.4879366159439087,-0.03341943025588989,0.777202844619751,0.4437028765678406,-0.04124967008829117,0.7797771096229553,0.6644591689109802,-0.024329330772161484,0.8042665719985962,0.6030457019805908,-0.03368029370903969,0.8161361217498779,0.564811646938324,-0.036525994539260864,0.8257405757904053,0.5290083885192871,-0.039061643183231354,HELLO
0.7138980627059937,0.8713678121566772,4.170744603015919e-07,0.6572465896606445,0.8147757053375244,-0.021690955385565758,0.6127893924713135,0.7350614666938782,-0.029202157631516457,0.5782206058502197,0.6765264272689819,-0.03579874336719513,0.5445768237113953,0.6388186812400818,-0.042320799082517624,0.661668598651886,0.6124509572982788,-0.0030946233309805393,0.6542450785636902,0.5209783315658569,-0.016298888251185417,0.6511514186859131,0.4649319052696228,-0.03136938065290451,0.6505008339881897,0.4173972010612488,-0.04326103255152702,0.7056524753570557,0.6094557642936707,-0.006113319657742977,0.7149173617362976,0.5108533501625061,-0.014026069082319736,0.7224022746086121,0.45183950662612915,-0.026468200609087944,0.7292348742485046,0.4036053717136383,-0.03691898286342621,0.7449871301651001,0.6291617751121521,-0.013908128254115582,0.7636111974716187,0.541024923324585,-0.02434416487812996,0.7723031640052795,0.4880525469779968,-0.03411579504609108,0.7777310609817505,0.4433167278766632,-0.042330626398324966,0.7797747850418091,0.6654129028320312,-0.024457167834043503,0.8043826818466187,0.6038773655891418,-0.034190528094768524,0.8166012763977051,0.5657590627670288,-0.037486542016267776,0.8266568183898926,0.5298706293106079,-0.04030859097838402,HELLO
0.708998441696167,0.8663138747215271,5.506996103576967e-07,0.6447411179542542,0.8235873579978943,-0.03433199226856232,0.5938363671302795,0.7601483464241028,-0.054021820425987244,0.5509542226791382,0.7128544449806213,-0.0712394192814827,0.5129480957984924,0.6859894394874573,-0.08854774385690689,0.6390523314476013,0.616405189037323,-0.021148942410945892,0.6254605650901794,0.5265805721282959,-0.04254846274852753,0.6182131171226501,0.47020772099494934,-0.06442541629076004,0.6136431694030762,0.422505259513855,-0.0805862620472908,0.6802191734313965,0.6070330739021301,-0.022420549765229225,0.6804608106613159,0.5039926171302795,-0.03837046027183533,0.6801796555519104,0.43936672806739807,-0.05690907686948776,0.681901752948761,0.3881164789199829,-0.07134881615638733,0.7180530428886414,0.6208171248435974,-0.029357651248574257,0.7289453744888306,0.5248662829399109,-0.04456214979290962,0.733285129070282,0.46524566411972046,-0.05992795154452324,0.7372337579727173,0.4156772792339325,-0.07207056134939194,0.7535827159881592,0.6515451073646545,-0.040198538452386856,0.7725295424461365,0.5843037962913513,-0.05318991839885712,0.7805622816085815,0.5376573204994202,-0.06061757728457451,0.7879016995429993,0.49487149715423584,-0.06662820279598236,HELLO
0.7041186690330505,0.8656142950057983,4.371080137843819e-07,0.6414476633071899,0.8195940852165222,-0.0274373646825552,0.5934799909591675,0.7545289397239685,-0.03984251990914345,0.5574831962585449,0.7050402760505676,-0.05098164826631546,0.5259687900543213,0.6728668212890625,-0.06223849952220917,0.6400618553161621,0.6162503361701965,-0.009087784215807915,0.624370276927948,0.5273629426956177,-0.025770870968699455,0.6154469847679138,0.47352057695388794,-0.0450114868581295,0.6093534827232361,0.42567238211631775,-0.05973635986447334,0.6807470917701721,0.6056656241416931,-0.012030079029500484,0.6790135502815247,0.5010561943054199,-0.022734668105840683,0.6775584816932678,0.437150776386261,-0.03970975801348686,0.677352249622345,0.3858862519264221,-0.053564317524433136,0.7180277705192566,0.6181113719940186,-0.020228039473295212,0.7304900288581848,0.5238906145095825,-0.03199417516589165,0.7360518574714661,0.46435680985450745,-0.045859090983867645,0.7399760484695435,0.4152117371559143,-0.057191040366888046,0.7527469992637634,0.6490025520324707,-0.031880367547273636,0.7715755701065063,0.5826215744018555,-0.042823128402233124,0.7793404459953308,0.5386335849761963,-0.04834054410457611,0.7858413457870483,0.4989023208618164,-0.05297720059752464,HELLO
0.7061236500740051,0.8663500547409058,4.623593099495338e-07,0.6418969631195068,0.8224060535430908,-0.03175976872444153,0.5929605960845947,0.7574041485786438,-0.04651113972067833,0.5558642745018005,0.7076176404953003,-0.05935981869697571,0.5229295492172241,0.6756450533866882,-0.0722072422504425,0.6415975689888,0.616439938545227,-0.012776079587638378,0.6250093579292297,0.5263323187828064,-0.03020063042640686,0.6160699725151062,0.4713870882987976,-0.04989004135131836,0.6106051206588745,0.4233967661857605,-0.0648474469780922,0.682669997215271,0.6056420207023621,-0.013816666789352894,0.6812544465065002,0.5011075735092163,-0.02476087585091591,0.6803292632102966,0.4383700489997864,-0.04153614863753319,0.6811039447784424,0.387808233499527,-0.05517325550317764,0.7203741669654846,0.6181855201721191,-0.020531894639134407,0.7321000099182129,0.5235913395881653,-0.03196977451443672,0.7369654774665833,0.46530359983444214,-0.045567676424980164,0.7406932711601257,0.41737860441207886,-0.05685906112194061,0.7555309534072876,0.6491280794143677,-0.031173469498753548,0.7740296721458435,0.5828056931495667,-0.04173252359032631,0.7815204858779907,0.5396459698677063,-0.04720910266041756,0.7882207632064819,0.5011234283447266,-0.0518486425280571,HELLO
0.7030742168426514,0.8678078055381775,3.5556280408854946e-07,0.6456092000007629,0.832748532295227,-0.02418982982635498,0.5924291610717773,0.7730731964111328,-0.03730487450957298,0.552094578742981,0.7297971248626709,-0.04931878298521042,0.512921929359436,0.7088214755058289,-0.06161250174045563,0.6209381222724915,0.6271288990974426,-0.014112402684986591,0.5965161323547363,0.5381028056144714,-0.03153321519494057,0.5838766694068909,0.48291903734207153,-0.04874901846051216,0.575681209564209,0.4359874725341797,-0.06154966354370117,0.6619155406951904,0.6096991896629333,-0.017532633617520332,0.6506024599075317,0.5071820020675659,-0.029246099293231964,0.6457244157791138,0.44484758377075195,-0.04265616834163666,0.6443808674812317,0.3929736614227295,-0.053505122661590576,0.7019067406654358,0.6169835329055786,-0.025355126708745956,0.7025553584098816,0.5237116813659668,-0.03714430704712868,0.7038318514823914,0.4704129695892334,-0.047299694269895554,0.7048758268356323,0.42591243982315063,-0.05543326586484909,0.7412240505218506,0.6423649191856384,-0.036255963146686554,0.751212477684021,0.5698954463005066,-0.04571791738271713,0.7554242014884949,0.5250414609909058,-0.04910673946142197,0.758438229560852,0.48378366231918335,-0.0519835390150547,HELLO
0.7020187973976135,0.8677721619606018,4.101827073554887e-07,0.6435725092887878,0.8317933082580566,-0.02259904518723488,0.5910978317260742,0.7744194269180298,-0.0348292700946331,0.5528696775436401,0.7328135371208191,-0.04625159502029419,0.5156600475311279,0.7115228772163391,-0.057939670979976654,0.6202289462089539,0.6267890930175781,-0.012112772092223167,0.5970450043678284,0.5360391139984131,-0.02848663739860058,0.5845541954040527,0.48098042607307434,-0.04534892737865448,0.5759427547454834,0.43317657709121704,-0.058100271970033646,0.6609541773796082,0.6112703084945679,-0.016445837914943695,0.6536199450492859,0.5068768858909607,-0.026934774592518806,0.6501916646957397,0.4442102313041687,-0.04064905270934105,0.6488134860992432,0.39251869916915894,-0.051997579634189606,0.7007684707641602,0.6186939477920532,-0.025020858272910118,0.7041998505592346,0.5250084400177002,-0.03631129860877991,0.7050747871398926,0.4697948694229126,-0.046609509736299515,0.7050107717514038,0.4247981905937195,-0.05503787845373154,0.7394294738769531,0.6439648270606995,-0.03652939945459366,0.7519084215164185,0.570401132106781,-0.04625963047146797,0.7565333247184753,0.5249496102333069,-0.04949595406651497,0.7594470977783203,0.48378923535346985,-0.05224122852087021,HELLO
0.7020782828330994,0.8676547408103943,4.0768321696305065e-07,0.6441269516944885,0.831791877746582,-0.022597147151827812,0.5917730927467346,0.7744781970977783,-0.03495606780052185,0.5532680749893188,0.7330179810523987,-0.046473678201436996,0.5158215761184692,0.7117950916290283,-0.058280277997255325,0.6208931803703308,0.6270569562911987,-0.012579361908137798,0.5974340438842773,0.5361762642860413,-0.029124155640602112,0.5846952795982361,0.4809948801994324,-0.046014539897441864,0.575935959815979,0.43324756622314453,-0.05876559764146805,0.6612926721572876,0.6115170121192932,-0.016897480934858322,0.6536536812782288,0.507164478302002,-0.027591753751039505,0.6500877737998962,0.4445182681083679,-0.0413317047059536,0.6486369371414185,0.3928767144680023,-0.052666645497083664,0.7008846402168274,0.6188483238220215,-0.02541508339345455,0.7039321064949036,0.5249952673912048,-0.03684425354003906,0.7047053575515747,0.46970346570014954,-0.0471811406314373,0.7045691013336182,0.42464542388916016,-0.05563924089074135,0.7393554449081421,0.6440017819404602,-0.03684311360120773,0.7516171336174011,0.5704492926597595,-0.046640437096357346,0.7562221884727478,0.5250331163406372,-0.04993576556444168,0.7591077089309692,0.48396408557891846,-0.05273018404841423,HELLO
0.7024312615394592,0.8512821793556213,4.535449988907203e-07,0.6411639451980591,0.8212857246398926,-0.02404400147497654,0.5804324746131897,0.7641765475273132,-0.03893335536122322,0.5298558473587036,0.7263153791427612,-0.05272398144006729,0.4848918914794922,0.7113285660743713,-0.06722429394721985,0.6067420244216919,0.6250239610671997,-0.01832963526248932,0.579824686050415,0.5348340272903442,-0.03670291230082512,0.5634940266609192,0.48106634616851807,-0.0540911965072155,0.5514423251152039,0.4360484480857849,-0.06683196872472763,0.646601140499115,0.6032317280769348,-0.022508671507239342,0.6342743635177612,0.4933491349220276,-0.03574838861823082,0.6266120672225952,0.42769187688827515,-0.05015872046351433,0.6216742992401123,0.37496867775917053,-0.06160961091518402,0.6868201494216919,0.6042160987854004,-0.030624009668827057,0.6855612397193909,0.501878023147583,-0.043345674872398376,0.682076632976532,0.4411211609840393,-0.055148474872112274,0.6781244277954102,0.3909429907798767,-0.06478497385978699,0.7271202802658081,0.6229152679443359,-0.041409119963645935,0.7361791729927063,0.5468568205833435,-0.0515814945101738,0.7383164763450623,0.4980270266532898,-0.055604465305805206,0.7378625869750977,0.4554201364517212,-0.05909263715147972,HELLO
0.7022374868392944,0.8520940542221069,4.377725701942836e-07,0.6408222317695618,0.8206686973571777,-0.026068072766065598,0.5796748399734497,0.7632464170455933,-0.04107285290956497,0.5293445587158203,0.7243146300315857,-0.05467122420668602,0.48397207260131836,0.7076683044433594,-0.0685783103108406,0.6079873442649841,0.621997594833374,-0.018801065161824226,0.5789723992347717,0.5333331227302551,-0.03845483437180519,0.5616954565048218,0.4796014726161957,-0.0569131076335907,0.5489001870155334,0.4330936074256897,-0.07071087509393692,0.6474996209144592,0.6022229790687561,-0.0228645671159029,0.6347393989562988,0.49420639872550964,-0.03762316331267357,0.6285465359687805,0.4284621477127075,-0.052840545773506165,0.6254744529724121,0.37376147508621216,-0.06481564790010452,0.687617301940918,0.6054746508598328,-0.031302522867918015,0.6863610744476318,0.5049715638160706,-0.046512000262737274,0.684749960899353,0.44499027729034424,-0.057533711194992065,0.6822803020477295,0.39429423213005066,-0.06606204807758331,0.7281203269958496,0.6259204149246216,-0.04266484081745148,0.7356923818588257,0.5493654012680054,-0.05480017140507698,0.7374516129493713,0.5004373788833618,-0.058391593396663666,0.7370454668998718,0.45625585317611694,-0.061356864869594574,HELLO
0.7022949457168579,0.8520936369895935,4.347754725131381e-07,0.6401101350784302,0.8196386098861694,-0.02604604884982109,0.5791329145431519,0.7617947459220886,-0.0407341867685318,0.5285331606864929,0.7227664589881897,-0.05414624512195587,0.48334789276123047,0.706505298614502,-0.06784127652645111,0.6082731485366821,0.6213283538818359,-0.017535779625177383,0.5788803100585938,0.5327059030532837,-0.03699967637658119,0.5616756081581116,0.4791043996810913,-0.05546998605132103,0.548966109752655,0.4326876103878021,-0.06930821388959885,0.6476355195045471,0.6015185117721558,-0.021560002118349075,0.6347050070762634,0.49407440423965454,-0.036327093839645386,0.6284117102622986,0.4284539520740509,-0.05186311528086662,0.6253587603569031,0.3739941418170929,-0.06403777003288269,0.6876479983329773,0.6047722101211548,-0.030055182054638863,0.686744213104248,0.5049616098403931,-0.04536539688706398,0.6856896281242371,0.44480690360069275,-0.056886691600084305,0.6838256120681763,0.3941633701324463,-0.06568993628025055,0.7279652953147888,0.6252992749214172,-0.04148907586932182,0.7359572649002075,0.5493130087852478,-0.05380178615450859,0.737770140171051,0.500274121761322,-0.057799000293016434,0.7374306917190552,0.4559786319732666,-0.06102603301405907,HELLO
0.6995357871055603,0.8440576195716858,4.0621605990054377e-07,0.6377475261688232,0.8147428035736084,-0.01989918388426304,0.5784489512443542,0.7652258276939392,-0.03212809935212135,0.5310759544372559,0.734851062297821,-0.04426008462905884,0.4891604483127594,0.7279800176620483,-0.05721956491470337,0.5956615209579468,0.6222164630889893,-0.009600944817066193,0.5621748566627502,0.535679280757904,-0.02482135035097599,0.5433912873268127,0.48405635356903076,-0.04042952135205269,0.5301356315612793,0.4401455521583557,-0.05239005759358406,0.633514404296875,0.6005143523216248,-0.015601841732859612,0.614553689956665,0.4965570569038391,-0.02591569721698761,0.6046188473701477,0.43451958894729614,-0.03965916112065315,0.5987879037857056,0.38460397720336914,-0.050973717123270035,0.6726898550987244,0.6009267568588257,-0.025652315467596054,0.6641024351119995,0.503903865814209,-0.03658273071050644,0.6574846506118774,0.44487854838371277,-0.04885302111506462,0.6514782905578613,0.39492008090019226,-0.05915108323097229,0.7134493589401245,0.6178582310676575,-0.03814974054694176,0.7180709838867188,0.5449252724647522,-0.04705388471484184,0.7175530195236206,0.49708086252212524,-0.05121612548828125,0.7152674794197083,0.4532754421234131,-0.05526444688439369,HELLO
0.7013718485832214,0.8408292531967163,4.1480228674117825e-07,0.637221097946167,0.8116337060928345,-0.02117670699954033,0.575401246547699,0.7611079812049866,-0.03351479023694992,0.5259297490119934,0.7301920056343079,-0.04530925676226616,0.48234498500823975,0.7212947607040405,-0.057930056005716324,0.594974160194397,0.6222254037857056,-0.013507938012480736,0.5597280859947205,0.537195086479187,-0.030472436919808388,0.540183424949646,0.485745370388031,-0.046702008694410324,0.5258225798606873,0.4417184293270111,-0.0589824914932251,0.6332763433456421,0.6012030839920044,-0.0192803293466568,0.6146581768989563,0.4971564710140228,-0.031465429812669754,0.6054924130439758,0.43541258573532104,-0.04559173807501793,0.599918007850647,0.38485249876976013,-0.056835390627384186,0.6736291646957397,0.602125346660614,-0.028994746506214142,0.6651371717453003,0.505176305770874,-0.042115356773138046,0.6593744158744812,0.44702795147895813,-0.05338592454791069,0.6539957523345947,0.39783334732055664,-0.06240653246641159,0.7152209877967834,0.6190938949584961,-0.0411197654902935,0.7189255356788635,0.54494309425354,-0.05158454179763794,0.7192556262016296,0.49841126799583435,-0.05478743091225624,0.7183786034584045,0.45640262961387634,-0.05769909545779228,HELLO
0.7011318206787109,0.838979959487915,4.041492616124742e-07,0.6374303102493286,0.8103773593902588,-0.02110591158270836,0.574911892414093,0.7600549459457397,-0.03272043913602829,0.525428295135498,0.7293161153793335,-0.04363488405942917,0.48224329948425293,0.7198451161384583,-0.05524781718850136,0.5955024361610413,0.6215082406997681,-0.01279118936508894,0.5602729916572571,0.5376905202865601,-0.028651518747210503,0.5406990051269531,0.48669296503067017,-0.04410434514284134,0.5265865921974182,0.4429194927215576,-0.0560360811650753,0.6333450078964233,0.6001777648925781,-0.018035592511296272,0.6138797402381897,0.4978105127811432,-0.029204722493886948,0.6049535870552063,0.43683284521102905,-0.04264376685023308,0.5997466444969177,0.3864040970802307,-0.05352788791060448,0.6736869812011719,0.600726842880249,-0.02720448561012745,0.6639799475669861,0.5042949914932251,-0.03972335904836655,0.6574077606201172,0.4471311867237091,-0.05071933567523956,0.6511320471763611,0.39848095178604126,-0.05969215929508209,0.7157630324363708,0.6172105073928833,-0.03877069428563118,0.7190449237823486,0.5438975691795349,-0.04919738322496414,0.71913743019104,0.49800318479537964,-0.05268056318163872,0.7178882360458374,0.4562191963195801,-0.05583434924483299,HELLO
0.705940842628479,0.8362859487533569,4.1142467921417847e-07,0.6375551819801331,0.8139045238494873,-0.025358879938721657,0.5753318071365356,0.7680475115776062,-0.03879470005631447,0.5244558453559875,0.7357133626937866,-0.051158562302589417,0.4798084497451782,0.7265803813934326,-0.06372173875570297,0.5898739695549011,0.6228733658790588,-0.010969632305204868,0.5527044534683228,0.5412300825119019,-0.02632921189069748,0.5309005975723267,0.49184948205947876,-0.04263376444578171,0.5134592056274414,0.4482538104057312,-0.05538100376725197,0.6275370121002197,0.5980186462402344,-0.014259790070354939,0.6036771535873413,0.4990781545639038,-0.02550867199897766,0.5892038941383362,0.4378364682197571,-0.03996845334768295,0.5787049531936646,0.38698139786720276,-0.05148597061634064,0.6674683690071106,0.5962055921554565,-0.02225831151008606,0.6535626649856567,0.5035535097122192,-0.03484170883893967,0.6432561278343201,0.4466855525970459,-0.04771127179265022,0.6335920691490173,0.3981606066226959,-0.05770377069711685,0.7091833353042603,0.6104979515075684,-0.03318982571363449,0.707497239112854,0.5367650985717773,-0.04404721409082413,0.7025756239891052,0.4902409613132477,-0.04938855022192001,0.6968042254447937,0.44649213552474976,-0.053756553679704666,HELLO
0.7052172422409058,0.8369027376174927,4.090273080237239e-07,0.6381669640541077,0.8147456645965576,-0.025340611115098,0.5756756663322449,0.769020676612854,-0.03739941120147705,0.5248154997825623,0.735952615737915,-0.04824185371398926,0.4804227352142334,0.724858283996582,-0.05901673808693886,0.5901146531105042,0.6212776899337769,-0.008542458526790142,0.5527527332305908,0.5405394434928894,-0.02202397771179676,0.5316948890686035,0.4909411668777466,-0.03699661046266556,0.515277624130249,0.4471476972103119,-0.04908835515379906,0.6273266673088074,0.5973407626152039,-0.011504164896905422,0.6018094420433044,0.49976593255996704,-0.021112332120537758,0.5880969762802124,0.43926161527633667,-0.03430493175983429,0.5788636207580566,0.38993528485298157,-0.045058052986860275,0.6675345301628113,0.5957690477371216,-0.019359365105628967,0.6525578498840332,0.5020725131034851,-0.031521331518888474,0.6430099010467529,0.4455960988998413,-0.04345695674419403,0.6339384317398071,0.3970971405506134,-0.052843522280454636,0.7095256447792053,0.6097778677940369,-0.030166780576109886,0.7076029181480408,0.5349830985069275,-0.04128064587712288,0.7035597562789917,0.488888144493103,-0.04645000398159027,0.6991482377052307,0.44512057304382324,-0.05068124830722809,HELLO
0.7053059339523315,0.837571918964386,4.07715532446673e-07,0.638248860836029,0.8149048686027527,-0.024970855563879013,0.5756333470344543,0.7687997817993164,-0.03697172552347183,0.5244763493537903,0.7355028986930847,-0.047867584973573685,0.47916537523269653,0.7250756025314331,-0.05871347337961197,0.5901748538017273,0.6213783621788025,-0.007779654115438461,0.552394688129425,0.5405065417289734,-0.02124909497797489,0.5311551094055176,0.49086815118789673,-0.03629431501030922,0.5147255659103394,0.44692784547805786,-0.048453498631715775,0.627293586730957,0.5971834659576416,-0.010896063409745693,0.6017929315567017,0.49951648712158203,-0.020439602434635162,0.5880784392356873,0.4387657344341278,-0.03365638852119446,0.5789623856544495,0.38944298028945923,-0.04446041211485863,0.6674730777740479,0.5955485701560974,-0.018918775022029877,0.652462363243103,0.5017741322517395,-0.030944710597395897,0.6428621411323547,0.44492125511169434,-0.04279787838459015,0.633773148059845,0.3961755633354187,-0.05221117287874222,0.7095503807067871,0.6095478534698486,-0.029882309958338737,0.7078472971916199,0.5351582765579224,-0.04082353040575981,0.7036335468292236,0.4893001317977905,-0.04586903378367424,0.6988213658332825,0.4459153413772583,-0.050073448568582535,HELLO
0.705822229385376,0.8343991041183472,3.7785278550472867e-07,0.6388255953788757,0.8137348890304565,-0.01999506726861,0.5774940252304077,0.7728989720344543,-0.032103490084409714,0.5282134413719177,0.7420756816864014,-0.043994344770908356,0.4842550456523895,0.7283525466918945,-0.05587364733219147,0.5894802808761597,0.6229713559150696,-0.006107823457568884,0.5501512289047241,0.5427131056785583,-0.019697627052664757,0.5265460014343262,0.49685728549957275,-0.03473125025629997,0.5071492195129395,0.4549126625061035,-0.04671604931354523,0.62544184923172,0.5979371070861816,-0.011957122012972832,0.6002464294433594,0.49918419122695923,-0.02030237205326557,0.584822416305542,0.44013404846191406,-0.03253589943051338,0.5725599527359009,0.3918319642543793,-0.043060049414634705,0.6641905307769775,0.5954278707504272,-0.02218552678823471,0.6494260430335999,0.5042259693145752,-0.031477898359298706,0.6383993625640869,0.4486551284790039,-0.041208960115909576,0.6266260743141174,0.40148332715034485,-0.0499853752553463,0.7049111723899841,0.6087263226509094,-0.03513171896338463,0.7027278542518616,0.5355839133262634,-0.043084073811769485,0.6990339159965515,0.4908578395843506,-0.04568123817443848,0.6936242580413818,0.44970273971557617,-0.048539310693740845,HELLO
0.7073196172714233,0.8322162628173828,3.868057660838531e-07,0.6411387920379639,0.8127975463867188,-0.020119087770581245,0.5783766508102417,0.7724800705909729,-0.03181259334087372,0.5286141633987427,0.7426127791404724,-0.043104588985443115,0.4846901595592499,0.7290450930595398,-0.05436748266220093,0.5896709561347961,0.622144341468811,-0.0065384223125875,0.5499861240386963,0.5430229306221008,-0.019768474623560905,0.5271554589271545,0.49671077728271484,-0.03445281460881233,0.508651852607727,0.45443055033683777,-0.0462573878467083,0.6255558133125305,0.5968731641769409,-0.012404336594045162,0.6005675792694092,0.4982801079750061,-0.020352598279714584,0.5855976343154907,0.4389342665672302,-0.03224293142557144,0.5736812353134155,0.3907305598258972,-0.04255934804677963,0.6644577980041504,0.5943395495414734,-0.022633560001850128,0.6500610709190369,0.5028942823410034,-0.03181147575378418,0.6395440101623535,0.4468553066253662,-0.041237253695726395,0.6283515691757202,0.39882463216781616,-0.049827173352241516,0.7050740718841553,0.607611894607544,-0.03558327257633209,0.7030515074729919,0.5348353385925293,-0.043632980436086655,0.6999766826629639,0.49000120162963867,-0.046149350702762604,0.6954522728919983,0.448372483253479,-0.04895610734820366,HELLO
0.7071950435638428,0.8318802118301392,3.907344705567084e-07,0.6406934857368469,0.8122870922088623,-0.020226316526532173,0.5784627199172974,0.7716763019561768,-0.03195676580071449,0.5285168886184692,0.7415383458137512,-0.043346233665943146,0.48430439829826355,0.727800190448761,-0.05471932515501976,0.5896303653717041,0.6222370266914368,-0.006284680217504501,0.5503578186035156,0.5429614782333374,-0.0195725429803133,0.5274174809455872,0.49659836292266846,-0.0343855544924736,0.5086250305175781,0.45434796810150146,-0.046319909393787384,0.625495970249176,0.5968358516693115,-0.012242602184414864,0.6005146503448486,0.49820393323898315,-0.020399510860443115,0.5852605104446411,0.4386822581291199,-0.03255857899785042,0.5731222033500671,0.39051783084869385,-0.04306977242231369,0.6642701625823975,0.594104528427124,-0.022596780210733414,0.6503453254699707,0.5024431943893433,-0.032008860260248184,0.6396461129188538,0.44629767537117004,-0.04165886342525482,0.6282342672348022,0.3983510732650757,-0.05041443556547165,0.7046616077423096,0.6073952317237854,-0.03567850589752197,0.703434407711029,0.5345456004142761,-0.044040072709321976,0.7006232142448425,0.489520400762558,-0.04679625853896141,0.6963111162185669,0.4478691518306732,-0.049767762422561646,HELLO
0.7141005992889404,0.841571569442749,3.393506915472244e-07,0.6492412686347961,0.8203147649765015,-0.020642265677452087,0.5874271392822266,0.776504397392273,-0.031599145382642746,0.539454460144043,0.7481045126914978,-0.04250374436378479,0.49906906485557556,0.741192102432251,-0.0539204478263855,0.5989412665367126,0.6305863857269287,-0.008107052184641361,0.5580580234527588,0.5501404404640198,-0.02452927455306053,0.5355485677719116,0.5000482797622681,-0.04107920825481415,0.5180220007896423,0.4574694037437439,-0.053713906556367874,0.6343121528625488,0.6048288941383362,-0.014234024100005627,0.6061762571334839,0.5068768262863159,-0.026450224220752716,0.5913596749305725,0.44716915488243103,-0.04089227691292763,0.5802013874053955,0.39834290742874146,-0.05203689634799957,0.6729350090026855,0.6004565954208374,-0.02471458539366722,0.655053973197937,0.5057361125946045,-0.037998016923666,0.6437503695487976,0.44934239983558655,-0.049040786921978,0.6332236528396606,0.40193310379981995,-0.05746377259492874,0.7146091461181641,0.6120151281356812,-0.03783278539776802,0.7104830145835876,0.5380986928939819,-0.04813472554087639,0.7055355906486511,0.4926198124885559,-0.051134366542100906,0.6998302936553955,0.45221129059791565,-0.05368636175990105,HELLO
0.7145941257476807,0.8410985469818115,3.651394138159958e-07,0.6507036089897156,0.8202725648880005,-0.021555539220571518,0.588793158531189,0.7769137620925903,-0.03288428112864494,0.5402331948280334,0.7477369904518127,-0.04383125528693199,0.499553918838501,0.7382286787033081,-0.054960403591394424,0.599511444568634,0.6312575936317444,-0.008037606254220009,0.5579670667648315,0.5510964393615723,-0.02337593398988247,0.5344990491867065,0.502109944820404,-0.039259668439626694,0.51693195104599,0.4600837826728821,-0.051343660801649094,0.6344797611236572,0.6048902273178101,-0.012691711075603962,0.6071670055389404,0.5063402056694031,-0.023057665675878525,0.5923423171043396,0.44773411750793457,-0.03635501489043236,0.5820938944816589,0.40052345395088196,-0.046882711350917816,0.672848641872406,0.5991935729980469,-0.02175254374742508,0.6554769277572632,0.5051619410514832,-0.03269759938120842,0.644058346748352,0.4493045508861542,-0.04306267201900482,0.6338528394699097,0.4029119312763214,-0.051564183086156845,0.7141889929771423,0.6097412705421448,-0.03361794352531433,0.7109237909317017,0.5367587804794312,-0.042182840406894684,0.7064921259880066,0.49231231212615967,-0.04483981058001518,0.7014602422714233,0.4526675343513489,-0.04737646505236626,HELLO
0.7146871089935303,0.8477783799171448,4.126365809042909e-07,0.6512938141822815,0.8174647092819214,-0.019029274582862854,0.5969733595848083,0.7704480886459351,-0.029249941930174828,0.558517336845398,0.739532470703125,-0.03988511115312576,0.528811514377594,0.723178505897522,-0.05114343762397766,0.6132175326347351,0.624660313129425,-0.008608294650912285,0.5837935209274292,0.5370028018951416,-0.02464497648179531,0.5677182674407959,0.48473435640335083,-0.04076969996094704,0.5551101565361023,0.4405277371406555,-0.052832286804914474,0.651470422744751,0.6053093671798706,-0.015476016327738762,0.634238064289093,0.5028323531150818,-0.02745993807911873,0.6259792447090149,0.4402192533016205,-0.04277021810412407,0.6209328770637512,0.38991549611091614,-0.05434068664908409,0.6908577680587769,0.6081623435020447,-0.02630532532930374,0.6859157085418701,0.5120534896850586,-0.03923942893743515,0.6814000606536865,0.4535250961780548,-0.051530297845602036,0.6763519048690796,0.4050769805908203,-0.06068496033549309,0.7326982617378235,0.6282723546028137,-0.03950681909918785,0.7398526072502136,0.5534493923187256,-0.05025160685181618,0.7393054962158203,0.5059027075767517,-0.054121844470500946,0.7365226149559021,0.46290314197540283,-0.05696343630552292,HELLO
0.7152339816093445,0.8675481081008911,3.417094660562725e-07,0.6545287370681763,0.8286532163619995,-0.018681112676858902,0.6000148057937622,0.7607539892196655,-0.025033703073859215,0.559270977973938,0.7153677940368652,-0.03143627196550369,0.5214613676071167,0.6885161399841309,-0.038088683038949966,0.6363874673843384,0.624687671661377,-0.0020560570992529392,0.6132423877716064,0.5351219177246094,-0.015567775815725327,0.6007035970687866,0.48047974705696106,-0.02991386316716671,0.5915505290031433,0.4337462782859802,-0.04118306189775467,0.6753279566764832,0.6109141111373901,-0.007660338655114174,0.6649437546730042,0.5088992118835449,-0.017734229564666748,0.6616047024726868,0.44647207856178284,-0.030993539839982986,0.6606132984161377,0.3951353430747986,-0.041363492608070374,0.7138271331787109,0.6192265748977661,-0.017727870494127274,0.716205358505249,0.5268862247467041,-0.03063274919986725,0.7179598212242126,0.47347021102905273,-0.041127100586891174,0.7179445624351501,0.4273993968963623,-0.048930440098047256,0.7516582012176514,0.6443138122558594,-0.03024858981370926,0.7625054121017456,0.5731892585754395,-0.04200679436326027,0.7672248482704163,0.5288347005844116,-0.04635800048708916,0.7697157263755798,0.48660600185394287,-0.04957364499568939,HELLO
0.7168381810188293,0.8705766201019287,3.368242857959558e-07,0.6556580662727356,0.8309468030929565,-0.019256331026554108,0.600131630897522,0.7608410716056824,-0.026551898568868637,0.5585806369781494,0.7134214639663696,-0.03352807089686394,0.5203260183334351,0.6878018975257874,-0.04066385328769684,0.6353330612182617,0.6233596801757812,-0.0036489982157945633,0.6128984093666077,0.5337861776351929,-0.017007896676659584,0.6009128093719482,0.4797487258911133,-0.03210191801190376,0.5923994779586792,0.43305426836013794,-0.04410288855433464,0.675720751285553,0.6087918877601624,-0.008670209906995296,0.6672751903533936,0.5073656439781189,-0.01722472347319126,0.6637582182884216,0.4471474885940552,-0.030353901907801628,0.6621081233024597,0.3968781530857086,-0.0413697250187397,0.7153939604759216,0.616818368434906,-0.01798654906451702,0.7187433838844299,0.5255438089370728,-0.027914267033338547,0.7198517322540283,0.47221750020980835,-0.03782207518815994,0.719207763671875,0.42682433128356934,-0.04627879709005356,0.7536802887916565,0.6423991322517395,-0.03001553937792778,0.7645198702812195,0.5714668035507202,-0.03877351060509682,0.7679228782653809,0.5285310745239258,-0.041915006935596466,0.7688826322555542,0.4890618324279785,-0.04490732029080391,HELLO
0.7166843414306641,0.8724002838134766,3.3137743571387546e-07,0.655989408493042,0.8316839933395386,-0.019008032977581024,0.6006893515586853,0.7615493535995483,-0.026138825342059135,0.5590477585792542,0.714414656162262,-0.033040422946214676,0.5207730531692505,0.6887657046318054,-0.04002746567130089,0.6359564065933228,0.6232104301452637,-0.002621713327243924,0.6133001446723938,0.5334346294403076,-0.015614289790391922,0.6012551188468933,0.47960132360458374,-0.030560728162527084,0.592532753944397,0.4328494966030121,-0.04245910793542862,0.6763366460800171,0.6087087988853455,-0.007682600989937782,0.6683036684989929,0.5066934823989868,-0.015530701726675034,0.6647824645042419,0.44658830761909485,-0.028347738087177277,0.6627757549285889,0.396213173866272,-0.039223555475473404,0.7160364985466003,0.6167625188827515,-0.017071297392249107,0.720413088798523,0.5253446102142334,-0.02614731341600418,0.7220542430877686,0.47147756814956665,-0.035490721464157104,0.7216285467147827,0.42537879943847656,-0.0436614453792572,0.7541869282722473,0.6424024105072021,-0.02923702821135521,0.7650442123413086,0.5711891651153564,-0.036948200315237045,0.7682024836540222,0.5281535387039185,-0.03927767649292946,0.7686881422996521,0.48867037892341614,-0.04177594184875488,HELLO
0.707222044467926,0.8776467442512512,3.744044931863755e-07,0.6505563259124756,0.8263285160064697,-0.0198293998837471,0.6022881269454956,0.7514774799346924,-0.027436602860689163,0.5654965043067932,0.6972142457962036,-0.03477787971496582,0.5286129713058472,0.6641416549682617,-0.042367320507764816,0.6451064944267273,0.6232351064682007,-0.0029010239522904158,0.6315762400627136,0.5328812599182129,-0.016623293980956078,0.6244641542434692,0.4773882031440735,-0.03150593861937523,0.6201374530792236,0.42909544706344604,-0.04345111548900604,0.6869373321533203,0.6157348155975342,-0.008372743614017963,0.6892160177230835,0.5129261612892151,-0.017603788524866104,0.6929884552955627,0.4507141709327698,-0.030976109206676483,0.6973574161529541,0.3984677791595459,-0.04194589704275131,0.7259088754653931,0.6315861940383911,-0.01833476684987545,0.7392710447311401,0.5379269123077393,-0.030798666179180145,0.7452151775360107,0.4795933961868286,-0.04172642529010773,0.7482138872146606,0.4280398488044739,-0.0504479855298996,0.7627832889556885,0.665382444858551,-0.03076493740081787,0.7822926640510559,0.5979756712913513,-0.0422024168074131,0.7915195822715759,0.5538411140441895,-0.04627618193626404,0.7977175116539001,0.5118261575698853,-0.049604471772909164,HELLO
0.7093961238861084,0.87971031665802,3.677364759369084e-07,0.6523240208625793,0.8302687406539917,-0.0193471722304821,0.6033372282981873,0.7543966770172119,-0.027726175263524055,0.5661433935165405,0.7007227540016174,-0.03585230931639671,0.5301280617713928,0.6672435998916626,-0.04395716264843941,0.6462068557739258,0.6227214336395264,-0.002466280711814761,0.6313143372535706,0.5337574481964111,-0.016421545296907425,0.6226828694343567,0.47903287410736084,-0.032210737466812134,0.6168209910392761,0.43259334564208984,-0.044577814638614655,0.6885074973106384,0.6135819554328918,-0.007748219650238752,0.6902804970741272,0.5110369920730591,-0.016200941056013107,0.6929351687431335,0.44957733154296875,-0.02882680669426918,0.6965426802635193,0.40019840002059937,-0.03930019959807396,0.7284859418869019,0.6280962228775024,-0.017472315579652786,0.7409366369247437,0.5346876978874207,-0.027794450521469116,0.7466715574264526,0.4776228666305542,-0.0370180569589138,0.749576985836029,0.4298490881919861,-0.04487963765859604,0.7659080028533936,0.6613770127296448,-0.029848221689462662,0.7848889827728271,0.593643844127655,-0.03887312114238739,0.7927391529083252,0.5510842800140381,-0.04092424362897873,0.7978327870368958,0.5127215385437012,-0.042864587157964706,HELLO
0.7099549174308777,0.8809910416603088,3.728839885752677e-07,0.6527062058448792,0.8308968544006348,-0.01978311687707901,0.6036322116851807,0.7551395297050476,-0.028578931465744972,0.5663873553276062,0.7014783024787903,-0.037028927356004715,0.5305095314979553,0.6673198938369751,-0.045397862792015076,0.6459144353866577,0.6225770711898804,-0.002969255903735757,0.6312363147735596,0.5329815149307251,-0.01703318953514099,0.6225019097328186,0.4780624508857727,-0.03280174732208252,0.6167207360267639,0.4314541220664978,-0.04513571038842201,0.6878355145454407,0.6137938499450684,-0.008242502808570862,0.689482569694519,0.5100772380828857,-0.01695171184837818,0.6915794014930725,0.4482995271682739,-0.029729245230555534,0.694596529006958,0.3985338509082794,-0.04029124230146408,0.7273429036140442,0.6286646723747253,-0.01801132969558239,0.7398605942726135,0.5346409678459167,-0.028764814138412476,0.7452921271324158,0.4764561355113983,-0.038593392819166183,0.7479217648506165,0.4274369478225708,-0.04691111668944359,0.7643439173698425,0.662155032157898,-0.030427027493715286,0.7837809324264526,0.5942410826683044,-0.03993162140250206,0.7920981049537659,0.5513112545013428,-0.042507342994213104,0.7976330518722534,0.512114405632019,-0.04485660418868065,HELLO
0.7006973624229431,0.8798499703407288,4.239618931478617e-07,0.644757091999054,0.824803352355957,-0.021533619612455368,0.5990786552429199,0.7474963068962097,-0.030346911400556564,0.5613664984703064,0.6886954307556152,-0.03857654333114624,0.5216825008392334,0.6501594185829163,-0.046445637941360474,0.6523322463035583,0.6176465749740601,0.00040840866859070957,0.639704167842865,0.5256112813949585,-0.01088515855371952,0.6335057616233826,0.4711294174194336,-0.024629155173897743,0.6304811239242554,0.42219966650009155,-0.03616638109087944,0.6942781209945679,0.6147948503494263,-0.003650947008281946,0.7013682126998901,0.513530433177948,-0.010017038322985172,0.70890212059021,0.45267146825790405,-0.021388396620750427,0.7165924906730652,0.40297171473503113,-0.03152460604906082,0.7320427894592285,0.6347499489784241,-0.012814069166779518,0.7486317753791809,0.5436410903930664,-0.022521253675222397,0.7566938996315002,0.48923277854919434,-0.031381092965602875,0.7616209387779236,0.4409789443016052,-0.03923006355762482,0.766108512878418,0.6700451374053955,-0.024838335812091827,0.7872951030731201,0.6040952801704407,-0.0334809310734272,0.7987082004547119,0.5627586841583252,-0.03600750491023064,0.8082404136657715,0.5225889682769775,-0.03874294459819794,HELLO
0.7011271715164185,0.8792839050292969,3.9152911313067307e-07,0.6442062258720398,0.8258329033851624,-0.018942032009363174,0.5989011526107788,0.7472038269042969,-0.027902429923415184,0.5616023540496826,0.6875225901603699,-0.03650157153606415,0.5227367877960205,0.6489983797073364,-0.04514932632446289,0.6510719656944275,0.6192529201507568,-0.0024115729611366987,0.638442873954773,0.5260806083679199,-0.014293637126684189,0.6318554878234863,0.47105151414871216,-0.028051795437932014,0.6286142468452454,0.4226030707359314,-0.0393710657954216,0.6933857202529907,0.615484893321991,-0.007996137253940105,0.7002391219139099,0.5124585628509521,-0.014706560410559177,0.7053816914558411,0.4507206380367279,-0.025868507102131844,0.7097947597503662,0.40058985352516174,-0.03584759682416916,0.7317632436752319,0.635158896446228,-0.01801878958940506,0.7491170167922974,0.5447266101837158,-0.027120143175125122,0.7572030425071716,0.48920178413391113,-0.03597560152411461,0.7613489031791687,0.4404388666152954,-0.044147390872240067,0.7660048604011536,0.6707316637039185,-0.030567467212677002,0.787534773349762,0.6045112013816833,-0.038560301065444946,0.7991341948509216,0.5632554292678833,-0.04071149230003357,0.808323085308075,0.5236836075782776,-0.043343447148799896,HELLO
0.7018293738365173,0.8790343403816223,3.8971606386439817e-07,0.6447075605392456,0.8255494832992554,-0.018740655854344368,0.5992430448532104,0.7470589876174927,-0.027517585083842278,0.5616028904914856,0.687583863735199,-0.03606284409761429,0.5225206613540649,0.6488949656486511,-0.044584061950445175,0.6514861583709717,0.618741512298584,-0.0012686408590525389,0.6387909650802612,0.5257869958877563,-0.012851045466959476,0.6322762966156006,0.4711045026779175,-0.026483794674277306,0.6290202140808105,0.4227482080459595,-0.03776396065950394,0.6936476826667786,0.6148523092269897,-0.006964683532714844,0.7001525163650513,0.5124354958534241,-0.01339251920580864,0.7051472663879395,0.4508957266807556,-0.024467838928103447,0.7094687819480896,0.4010902941226959,-0.034444890916347504,0.7318778038024902,0.634316623210907,-0.017191950231790543,0.7492398023605347,0.5447267293930054,-0.026184871792793274,0.7573904991149902,0.4897043704986572,-0.03499132767319679,0.7616070508956909,0.4413031041622162,-0.04315007105469704,0.7660257816314697,0.6694921255111694,-0.029975788667798042,0.7877585887908936,0.6035449504852295,-0.03798174858093262,0.799282968044281,0.5623966455459595,-0.040260255336761475,0.808302640914917,0.5226657390594482,-0.04301014170050621,HELLO
0.6968839764595032,0.8816734552383423,3.914495039225585e-07,0.6386235952377319,0.8275827765464783,-0.019231516867876053,0.5929543972015381,0.7518660426139832,-0.027786949649453163,0.5580372214317322,0.6961961388587952,-0.03587374836206436,0.5236480236053467,0.6612260341644287,-0.04403233900666237,0.6457247138023376,0.6210760474205017,-0.002986553590744734,0.6330905556678772,0.5279836654663086,-0.015523441135883331,0.6264762878417969,0.4722927510738373,-0.030035456642508507,0.6227248311042786,0.4245215654373169,-0.04158097505569458,0.6883774995803833,0.6168744564056396,-0.007986590266227722,0.6949229836463928,0.5140575170516968,-0.015211451798677444,0.6992302536964417,0.45298945903778076,-0.027158550918102264,0.7036507725715637,0.40354254841804504,-0.037390321493148804,0.7266054153442383,0.6357795596122742,-0.01737120747566223,0.7436936497688293,0.5444058775901794,-0.026514509692788124,0.7512423992156982,0.48740118741989136,-0.03615633398294449,0.7561507821083069,0.4389089345932007,-0.04471670463681221,0.7597673535346985,0.6718798279762268,-0.029344510287046432,0.7826828360557556,0.606386661529541,-0.03745657950639725,0.7938500046730042,0.5641452074050903,-0.04001593962311745,0.8037489056587219,0.5242798924446106,-0.042729075998067856,HELLO
0.6965029239654541,0.8806345462799072,3.8910292232685606e-07,0.6389572024345398,0.8282606601715088,-0.01953364722430706,0.5928084254264832,0.7527034878730774,-0.027952028438448906,0.5573355555534363,0.697307825088501,-0.03587328642606735,0.522297203540802,0.6627618670463562,-0.04364119470119476,0.6450885534286499,0.6204903721809387,-0.0022609650623053312,0.631936252117157,0.5279823541641235,-0.013832297176122665,0.6253949403762817,0.4729466438293457,-0.027712885290384293,0.6218098402023315,0.4256405532360077,-0.0388796441257,0.6877077221870422,0.6158804297447205,-0.006892000790685415,0.6933164596557617,0.5138828754425049,-0.012488286010921001,0.6975284814834595,0.45328402519226074,-0.023302219808101654,0.7019283771514893,0.40467920899391174,-0.032958000898361206,0.7265399694442749,0.6346955895423889,-0.015982503071427345,0.7432274222373962,0.5442514419555664,-0.023476094007492065,0.751033365726471,0.4887624979019165,-0.0316879004240036,0.7562805414199829,0.4415382742881775,-0.03947014734148979,0.7606857419013977,0.6703729629516602,-0.027835557237267494,0.782806932926178,0.6052070260047913,-0.0343642458319664,0.7939722537994385,0.5639281272888184,-0.03567422181367874,0.8041346073150635,0.525081217288971,-0.037611816078424454,HELLO
0.6963434815406799,0.8805428743362427,3.858806962853123e-07,0.6388217210769653,0.8271471858024597,-0.018878595903515816,0.5926293134689331,0.7511375546455383,-0.02676723524928093,0.5569843649864197,0.6959952712059021,-0.03427563235163689,0.5216336846351624,0.6622469425201416,-0.041703809052705765,0.6451483964920044,0.6202762722969055,-0.0011168797500431538,0.6319167017936707,0.5280362963676453,-0.012273999862372875,0.6254006624221802,0.4731217622756958,-0.02594529278576374,0.6217524409294128,0.42596858739852905,-0.03701190650463104,0.6877846717834473,0.6157137155532837,-0.005933247972279787,0.6932159066200256,0.5139425992965698,-0.011264543049037457,0.6974513530731201,0.45342060923576355,-0.02205626107752323,0.7017884850502014,0.4048921763896942,-0.0317097008228302,0.7266772389411926,0.6345889568328857,-0.015187046490609646,0.7429957389831543,0.5442987680435181,-0.022548655048012733,0.7505493760108948,0.4891975522041321,-0.03087429143488407,0.7555409669876099,0.4422605037689209,-0.03872528672218323,0.7608978748321533,0.6702362895011902,-0.027138249948620796,0.7828589081764221,0.6050828695297241,-0.033603496849536896,0.7939069867134094,0.5639054179191589,-0.03500962257385254,0.8039543628692627,0.5251036882400513,-0.03703439608216286,HELLO
0.6951509714126587,0.8756102919578552,4.225136933655449e-07,0.6370560526847839,0.832726240158081,-0.029019508510828018,0.5882065296173096,0.7651214599609375,-0.04562731832265854,0.5473735332489014,0.7128055691719055,-0.06055765971541405,0.5071918964385986,0.6828492283821106,-0.07596099376678467,0.626904308795929,0.6277793049812317,-0.019976234063506126,0.6090107560157776,0.5357270836830139,-0.04145253822207451,0.5995308756828308,0.4781285524368286,-0.0625714585185051,0.5942157506942749,0.4277626872062683,-0.07819893956184387,0.6691592931747437,0.6138543486595154,-0.023418636992573738,0.6632272601127625,0.5049661993980408,-0.0394611656665802,0.6602571606636047,0.43629828095436096,-0.05781526118516922,0.660550594329834,0.3778403103351593,-0.0722239688038826,0.7093873023986816,0.6245654821395874,-0.0315062589943409,0.7206600904464722,0.5268242955207825,-0.04739345610141754,0.7268214225769043,0.46372562646865845,-0.06289871037006378,0.731719434261322,0.4101167321205139,-0.07507769763469696,0.7469652891159058,0.6551187634468079,-0.04275566712021828,0.7652685046195984,0.5866827368736267,-0.05590488761663437,0.773729681968689,0.5417520999908447,-0.06230519339442253,0.779853105545044,0.5012303590774536,-0.06753548979759216,HELLO
0.695726752281189,0.8747912645339966,4.19140633312054e-07,0.6356985569000244,0.8303152322769165,-0.026893913745880127,0.5865468978881836,0.7649254202842712,-0.04082854464650154,0.5500324964523315,0.7165178656578064,-0.05347321927547455,0.5148594379425049,0.6858313679695129,-0.06654314696788788,0.6293885111808777,0.6234803795814514,-0.01583361253142357,0.6116971969604492,0.5318208932876587,-0.034805431962013245,0.6027456521987915,0.4764249920845032,-0.0541420616209507,0.5971893072128296,0.42719370126724243,-0.06881111115217209,0.6722494959831238,0.6123478412628174,-0.02014513872563839,0.6716936826705933,0.5051268339157104,-0.03356926515698433,0.673255443572998,0.44062888622283936,-0.05065299570560455,0.6767842173576355,0.38618341088294983,-0.0644906610250473,0.7115078568458557,0.6252498030662537,-0.029201271012425423,0.7258901000022888,0.5280192494392395,-0.043750740587711334,0.7337476015090942,0.4661772847175598,-0.05764412134885788,0.7396639585494995,0.4132606089115143,-0.06877689063549042,0.7473095655441284,0.657109260559082,-0.041362863034009933,0.7664195895195007,0.5860947370529175,-0.0537104494869709,0.7751320600509644,0.5410500168800354,-0.05856781080365181,0.7815636992454529,0.5003383755683899,-0.06278080493211746,HELLO
0.6955221891403198,0.8745401501655579,4.2200821326332516e-07,0.6353458166122437,0.8301776647567749,-0.02706047147512436,0.5867167711257935,0.7645265460014343,-0.04135879501700401,0.5499922037124634,0.7159979939460754,-0.05435067415237427,0.5133318305015564,0.6872683167457581,-0.06791961193084717,0.6285122632980347,0.6250526309013367,-0.017433181405067444,0.611132800579071,0.5324265956878662,-0.03692981228232384,0.6024094820022583,0.4764649271965027,-0.05643767863512039,0.5970836281776428,0.426960825920105,-0.07117157429456711,0.6712180972099304,0.6135646104812622,-0.021662089973688126,0.6701468229293823,0.5067645907402039,-0.035895075649023056,0.6715042591094971,0.44228559732437134,-0.05330236256122589,0.6746349334716797,0.388474702835083,-0.06740220636129379,0.7105382680892944,0.6254725456237793,-0.030586939305067062,0.7259262204170227,0.5301205515861511,-0.045580971986055374,0.7335795164108276,0.4681243300437927,-0.06037244200706482,0.7389967441558838,0.4154853820800781,-0.07219133526086807,0.7465016841888428,0.6558766961097717,-0.04258686304092407,0.7668360471725464,0.5849169492721558,-0.05521975830197334,0.7756938934326172,0.539004921913147,-0.06108325347304344,0.7818127870559692,0.4974040985107422,-0.06616292893886566,HELLO
0.6988961696624756,0.8622729778289795,4.952998438056966e-07,0.63824063539505,0.8359172940254211,-0.03227619081735611,0.5911474823951721,0.7892389297485352,-0.051181066781282425,0.5635196566581726,0.7518434524536133,-0.06839465349912643,0.5306900143623352,0.7347641587257385,-0.0853734016418457,0.6035828590393066,0.6292344927787781,-0.018132152035832405,0.5809718370437622,0.5385763645172119,-0.03823873773217201,0.568769097328186,0.48425495624542236,-0.05946534499526024,0.5590027570724487,0.4383279085159302,-0.07503488659858704,0.6467540860176086,0.6098856329917908,-0.02028525620698929,0.6364824175834656,0.5015024542808533,-0.03392122685909271,0.6294620037078857,0.4367727041244507,-0.053118184208869934,0.6248540282249451,0.38259002566337585,-0.06852363795042038,0.6876834034919739,0.6136544942855835,-0.027551932260394096,0.6861350536346436,0.5165841579437256,-0.039251118898391724,0.6827727556228638,0.4599206745624542,-0.053176432847976685,0.6791731715202332,0.4128016233444214,-0.06473767012357712,0.7291752099990845,0.6353784203529358,-0.03882797062397003,0.7375379800796509,0.5628922581672668,-0.04679663106799126,0.7398402094841003,0.5190330743789673,-0.050302207469940186,0.7409956455230713,0.48013198375701904,-0.05395139008760452,HELLO
0.6955975890159607,0.8618607521057129,5.007423169445246e-07,0.634293794631958,0.8329257965087891,-0.030213434249162674,0.586953341960907,0.7866278886795044,-0.047048162668943405,0.5585486888885498,0.7533178925514221,-0.06233212724328041,0.5295532941818237,0.734260618686676,-0.07754606008529663,0.6048750281333923,0.6265351176261902,-0.01661081798374653,0.5797408223152161,0.5381399989128113,-0.035996805876493454,0.5661488175392151,0.4841863214969635,-0.0561322420835495,0.5567477345466614,0.43693244457244873,-0.07093776762485504,0.6462270021438599,0.6085162162780762,-0.01913515292108059,0.634756326675415,0.5030430555343628,-0.031771838665008545,0.6286728382110596,0.4388834834098816,-0.0492594875395298,0.6257846355438232,0.3843337595462799,-0.06343811005353928,0.6865881085395813,0.6130756139755249,-0.026810498908162117,0.6866424083709717,0.5180488228797913,-0.03880511596798897,0.6837154626846313,0.461770623922348,-0.05207759141921997,0.6800721287727356,0.414214164018631,-0.06307997554540634,0.7278633713722229,0.6353691816329956,-0.03830082342028618,0.7386474609375,0.5648775696754456,-0.04770687222480774,0.7411801218986511,0.5220736265182495,-0.051733892410993576,0.741430401802063,0.48348546028137207,-0.055478014051914215,HELLO
0.6975915431976318,0.8610188364982605,5.164104095456423e-07,0.6345599889755249,0.832004725933075,-0.030542979016900063,0.5870051383972168,0.7872622013092041,-0.04708777740597725,0.5582367181777954,0.7535289525985718,-0.06207806244492531,0.5274922251701355,0.7345227003097534,-0.07692427188158035,0.6049762964248657,0.626629650592804,-0.01324428804218769,0.5803277492523193,0.5368713140487671,-0.030723150819540024,0.5671201944351196,0.48240697383880615,-0.05034802481532097,0.5579791069030762,0.43512070178985596,-0.0650675892829895,0.6470792889595032,0.6087214350700378,-0.015234790742397308,0.6355633735656738,0.503724217414856,-0.026131443679332733,0.629473090171814,0.4398925006389618,-0.043820690363645554,0.6265427470207214,0.38671404123306274,-0.058441564440727234,0.6877725720405579,0.6126903891563416,-0.02258913218975067,0.6875665187835693,0.5183197259902954,-0.03308986499905586,0.6846103668212891,0.46219635009765625,-0.04674139991402626,0.6812405586242676,0.4150707721710205,-0.05833527073264122,0.729202389717102,0.6338003277778625,-0.033861223608255386,0.7397607564926147,0.5632859468460083,-0.04225979000329971,0.7423992156982422,0.5204479694366455,-0.046434011310338974,0.7433406114578247,0.48144859075546265,-0.050489362329244614,HELLO
0.7009347081184387,0.85512775182724,4.4430527168515255e-07,0.6376445889472961,0.8295999765396118,-0.024432513862848282,0.5782164931297302,0.7839882373809814,-0.03861550986766815,0.5292220115661621,0.7582334876060486,-0.05236814171075821,0.4853956699371338,0.752215564250946,-0.06628367304801941,0.5826171040534973,0.6393888592720032,-0.008081822656095028,0.5468961000442505,0.5524421334266663,-0.02444993518292904,0.5295938849449158,0.4995874762535095,-0.04141160845756531,0.5176000595092773,0.4564710259437561,-0.053746700286865234,0.6210252046585083,0.612673282623291,-0.01177168171852827,0.5983893275260925,0.5083693265914917,-0.02231764793395996,0.5869969725608826,0.4465904235839844,-0.03683506324887276,0.5802911520004272,0.3978014588356018,-0.04857216030359268,0.6603451371192932,0.6073794364929199,-0.020372562110424042,0.648094892501831,0.509929895401001,-0.029873624444007874,0.6398627161979675,0.45261654257774353,-0.04130560904741287,0.6332526803016663,0.4059867262840271,-0.051082901656627655,0.7030304074287415,0.6185072064399719,-0.03217271342873573,0.701951801776886,0.5439853072166443,-0.03858979418873787,0.6983693838119507,0.49834415316581726,-0.04142826795578003,0.6937264800071716,0.4581584334373474,-0.044665414839982986,HELLO
0.7007009983062744,0.8511689901351929,4.505752144723374e-07,0.6368862986564636,0.8251693844795227,-0.02442987449467182,0.5787284970283508,0.7832574844360352,-0.0384230762720108,0.5324623584747314,0.7593263983726501,-0.05157022923231125,0.49084967374801636,0.7520040273666382,-0.06503529101610184,0.5818986892700195,0.6377768516540527,-0.011922728270292282,0.544541597366333,0.5531797409057617,-0.028890211135149002,0.5254072546958923,0.5023159980773926,-0.04631875455379486,0.5112736225128174,0.4577769637107849,-0.059335481375455856,0.6197631359100342,0.610848069190979,-0.016055963933467865,0.5979214310646057,0.5076143741607666,-0.027452442795038223,0.5866559147834778,0.446367472410202,-0.04273596405982971,0.5789088606834412,0.39539244771003723,-0.0551854744553566,0.6594440340995789,0.6055106520652771,-0.024764284491539,0.6500282287597656,0.5070886611938477,-0.036509376019239426,0.6420857906341553,0.4468838572502136,-0.04875709116458893,0.6342831254005432,0.3958759307861328,-0.05896976962685585,0.7008663415908813,0.6179556250572205,-0.03637995943427086,0.7027401328086853,0.541893720626831,-0.045587409287691116,0.7002479434013367,0.49439847469329834,-0.048984311521053314,0.6958353519439697,0.4511815905570984,-0.05238491669297218,HELLO
0.7022629976272583,0.8469481468200684,3.962269943258434e-07,0.6336908340454102,0.8257145285606384,-0.01991581916809082,0.5698693990707397,0.7859416007995605,-0.030262280255556107,0.5166329145431519,0.7638664841651917,-0.04083583131432533,0.46941787004470825,0.757914662361145,-0.05171845108270645,0.5763233304023743,0.6436288356781006,-0.0008935228688642383,0.5337090492248535,0.5649509429931641,-0.013836432248353958,0.5094267725944519,0.5178144574165344,-0.02883470617234707,0.49102532863616943,0.47630369663238525,-0.040417592972517014,0.6111856698989868,0.6146788597106934,-0.005804393440485001,0.5813773274421692,0.5175443887710571,-0.014631545171141624,0.563892126083374,0.45805156230926514,-0.028405247256159782,0.5513046383857727,0.41026610136032104,-0.03966154903173447,0.6494309902191162,0.6067710518836975,-0.01546731498092413,0.6333204507827759,0.5149766206741333,-0.025546636432409286,0.621022641658783,0.45979762077331543,-0.03776225820183754,0.609643816947937,0.4144512712955475,-0.047636453062295914,0.6903039216995239,0.6146553158760071,-0.027783624827861786,0.6893369555473328,0.5411444306373596,-0.03605463355779648,0.6841243505477905,0.4943923056125641,-0.04042285680770874,0.677275538444519,0.451947957277298,-0.04442436248064041,HELLO
0.7080749869346619,0.843241810798645,4.0062144535113475e-07,0.6390467882156372,0.8296729922294617,-0.02182166837155819,0.5714209675788879,0.7902017831802368,-0.03227490186691284,0.5178425908088684,0.7663042545318604,-0.04214182123541832,0.47101306915283203,0.763201117515564,-0.05226852744817734,0.5783041715621948,0.6440728306770325,-0.006212984677404165,0.5312343835830688,0.5681586861610413,-0.019174184650182724,0.5043137073516846,0.523503303527832,-0.0334971621632576,0.48239725828170776,0.48240453004837036,-0.04501890391111374,0.6125047206878662,0.6150385141372681,-0.010968227870762348,0.580612063407898,0.5172956585884094,-0.019411832094192505,0.5610564947128296,0.4570530652999878,-0.031978778541088104,0.5456677675247192,0.4079307019710541,-0.04251761734485626,0.6506690979003906,0.6093726754188538,-0.020323369652032852,0.6319606900215149,0.5176842212677002,-0.030373577028512955,0.6194518208503723,0.46243828535079956,-0.04127037152647972,0.606532871723175,0.4150104522705078,-0.050434473901987076,0.6911374926567078,0.6191956996917725,-0.03246983885765076,0.6843428611755371,0.5446882843971252,-0.04094718396663666,0.6789511442184448,0.49986693263053894,-0.04409514367580414,0.6726714372634888,0.4579310417175293,-0.04736951366066933,HELLO
0.7093197107315063,0.8418466448783875,3.945222033507889e-07,0.6406727433204651,0.8299926519393921,-0.02278919704258442,0.5731762647628784,0.7915314435958862,-0.03283613920211792,0.5205719470977783,0.7680426836013794,-0.04205622151494026,0.474405437707901,0.7646968364715576,-0.05150902643799782,0.5776970982551575,0.6438162922859192,-0.006648098584264517,0.5307523012161255,0.5695319175720215,-0.019789738580584526,0.5043255090713501,0.5242787003517151,-0.034242577850818634,0.48260754346847534,0.48333102464675903,-0.04597466066479683,0.6121923327445984,0.6137608289718628,-0.011040831916034222,0.5798671841621399,0.5177161693572998,-0.019950738176703453,0.560286819934845,0.4587726593017578,-0.03307535871863365,0.5444201231002808,0.4106346368789673,-0.04398149251937866,0.6510001420974731,0.6076101660728455,-0.02010561153292656,0.6314806938171387,0.5152245759963989,-0.03133968263864517,0.6187056303024292,0.460233211517334,-0.04259658232331276,0.6053717732429504,0.4127218425273895,-0.05176117271184921,0.6919097304344177,0.6177922487258911,-0.0319666862487793,0.6846803426742554,0.5432438850402832,-0.04190565273165703,0.6792304515838623,0.4982413351535797,-0.04569438844919205,0.6729415059089661,0.45570260286331177,-0.04920996353030205,HELLO
0.7093002796173096,0.8415412902832031,4.0565657855040627e-07,0.6404768824577332,0.8295395374298096,-0.023142168298363686,0.5724188685417175,0.7902535200119019,-0.03332556039094925,0.5189151763916016,0.7672395706176758,-0.04268398508429527,0.4720500707626343,0.7649050354957581,-0.052274782210588455,0.5776769518852234,0.6434823274612427,-0.0064545972272753716,0.5306785702705383,0.5691884756088257,-0.019497815519571304,0.5043789148330688,0.5239155888557434,-0.03396715596318245,0.48281437158584595,0.4828219711780548,-0.045778390020132065,0.6122389435768127,0.6134474277496338,-0.010837188921868801,0.5798494815826416,0.5174220204353333,-0.019661283120512962,0.5601719617843628,0.45831722021102905,-0.03276992216706276,0.5442953109741211,0.41037437319755554,-0.043729208409786224,0.6509169936180115,0.6071639060974121,-0.01999920792877674,0.631667971611023,0.514897346496582,-0.03109929896891117,0.6189172267913818,0.46001774072647095,-0.042231637984514236,0.6056503057479858,0.4125969409942627,-0.051430679857730865,0.6916564702987671,0.6168354153633118,-0.03204462677240372,0.684424638748169,0.5427218079566956,-0.04177149757742882,0.6790288686752319,0.4980531930923462,-0.04546792432665825,0.6728076338768005,0.45586374402046204,-0.04905430227518082,HELLO
