336,321,340,325,347,330,357,336,369,340,382,341,392,340,401,335,406,329,409,324,411,319,408,319,404,319,400,320,396,321,390,322,382,323,372,323,362,322,353,321,346,321,hello
336,322,341,327,347,332,357,338,369,342,382,343,393,342,401,337,407,331,409,326,411,321,408,321,404,322,401,322,396,323,391,324,383,325,372,325,362,324,354,323,347,323,hello
337,326,341,330,348,334,358,340,370,344,383,345,393,343,401,339,406,332,408,327,410,323,407,323,403,323,400,324,396,325,391,326,383,327,373,327,363,326,354,326,347,325,hello
338,325,342,329,349,334,358,340,370,344,383,345,393,343,401,338,406,332,409,327,410,323,407,323,403,323,401,324,397,325,391,326,384,327,374,327,364,326,355,325,348,325,hello
339,322,343,326,350,331,360,338,372,342,385,343,396,341,404,336,408,330,410,325,412,321,409,321,405,321,402,322,399,322,394,324,386,325,376,324,366,323,356,323,349,322,hello
340,319,345,323,351,328,361,334,373,338,386,339,396,337,403,332,408,326,410,321,412,317,409,317,405,317,403,318,399,319,394,320,387,321,376,321,366,320,357,320,350,319,hello
340,317,344,321,351,326,360,332,372,336,385,337,395,335,403,330,408,323,411,318,412,314,409,314,405,314,403,315,399,316,393,317,386,318,376,318,366,317,357,317,350,317,hello
341,316,345,320,352,325,361,331,373,335,385,335,395,334,403,329,408,322,411,317,413,313,410,313,406,313,403,314,399,315,393,316,386,318,376,317,366,317,357,316,351,316,hello
341,317,345,321,352,326,361,333,373,337,386,338,397,336,405,331,409,324,412,319,413,314,410,314,406,314,404,315,400,316,394,318,387,319,377,318,367,318,358,317,351,317,hello
342,320,346,324,352,329,362,336,374,340,386,341,397,339,404,333,409,326,412,321,413,317,410,317,406,317,404,318,400,319,394,320,387,322,377,321,367,320,358,320,352,320,hello
341,322,346,326,353,331,363,337,375,342,388,342,398,340,405,335,410,328,412,323,413,319,410,319,406,319,404,320,400,321,395,322,388,323,378,323,368,322,359,322,352,322,hello
343,322,347,326,353,331,363,338,374,342,387,343,397,341,405,336,409,329,412,324,414,320,411,320,407,320,404,320,400,321,394,323,387,324,377,323,368,322,359,322,353,322,hello
342,319,347,323,353,328,362,334,374,338,386,338,396,336,404,332,409,325,411,321,412,317,409,316,406,316,403,317,399,318,394,319,387,320,377,320,367,319,359,319,352,319,hello
344,317,348,321,353,326,362,333,373,337,385,338,396,336,404,330,409,324,412,319,414,314,411,314,407,314,403,315,399,316,393,318,386,319,376,318,367,317,359,317,353,317,hello
343,316,347,320,353,325,362,332,374,336,386,336,397,335,405,330,410,323,413,318,414,314,411,314,407,314,404,315,400,316,394,317,387,318,377,318,367,317,359,316,353,316,hello
342,317,347,321,353,326,362,332,374,336,386,337,397,335,405,330,410,324,413,319,415,314,412,314,408,314,405,315,400,316,395,317,387,318,377,318,367,317,359,317,352,317,hello
343,318,348,322,354,327,363,333,374,337,387,338,397,336,405,331,410,325,413,320,415,315,412,315,407,315,405,316,401,317,395,318,388,319,378,319,368,318,360,318,353,318,hello
344,318,348,322,354,327,363,333,374,337,387,338,397,336,405,331,410,324,413,319,415,315,411,315,407,315,404,315,400,316,395,318,387,319,377,319,368,318,360,318,354,318,hello
344,318,348,323,354,328,363,335,374,340,387,340,397,338,405,332,409,325,412,320,414,315,411,315,407,315,404,316,400,317,394,319,387,320,377,319,368,319,360,318,354,318,hello
344,318,348,323,354,328,363,334,374,339,387,339,397,337,405,332,409,325,412,319,414,315,410,315,406,315,404,315,400,316,394,318,387,319,377,319,368,318,360,318,354,318,hello
345,317,349,321,355,326,364,332,375,337,387,337,397,335,405,330,410,323,413,318,414,314,411,314,407,314,404,314,400,315,395,316,388,317,378,317,369,317,361,316,354,316,hello
345,315,349,319,355,324,364,329,375,333,387,334,397,332,405,327,410,321,412,317,414,313,411,312,407,312,404,312,400,313,395,314,388,315,378,315,369,314,361,314,355,314,hello
345,314,349,318,355,323,364,329,375,334,388,334,398,332,406,327,411,320,413,315,414,311,411,311,407,311,405,311,401,312,396,313,389,314,379,314,369,313,361,313,355,313,hello
346,313,349,318,355,323,364,330,375,335,387,335,398,333,405,328,410,321,413,316,414,311,411,311,407,311,404,311,400,312,395,313,388,314,379,314,369,313,361,313,355,313,hello
342,313,346,320,353,327,362,334,374,338,387,339,398,337,406,332,411,325,414,318,415,312,412,312,408,315,405,318,401,320,395,322,387,323,377,323,368,321,360,319,353,317,hello
343,313,347,320,352,326,361,334,372,339,384,340,396,338,404,332,409,325,412,319,414,312,411,312,406,316,403,318,399,320,393,322,385,323,375,322,366,321,359,319,353,316,hello
342,313,346,320,352,327,361,334,372,339,384,340,396,338,404,333,410,325,412,319,414,312,411,312,406,316,403,319,399,321,393,323,384,324,375,323,366,321,358,319,352,316,hello
343,312,346,319,352,327,361,334,372,339,385,340,396,338,405,333,410,325,413,318,415,312,411,312,407,316,403,318,399,321,393,323,385,324,375,323,366,321,358,319,353,316,hello
343,312,346,320,352,327,361,334,372,339,385,340,397,338,405,332,410,325,413,318,414,311,411,311,407,315,404,318,399,320,393,322,385,323,375,323,366,321,358,319,353,316,hello
343,314,347,321,352,328,361,336,372,341,385,342,396,340,405,333,410,326,412,319,414,312,411,312,406,316,403,319,399,321,393,324,385,325,375,324,366,322,358,320,353,318,hello
343,315,346,322,352,330,361,338,372,344,385,345,396,342,404,335,409,327,411,320,412,314,409,313,405,318,403,322,399,325,394,328,385,329,375,329,366,327,358,323,353,320,hello
343,316,345,324,350,333,359,341,370,346,384,347,396,344,404,337,409,329,412,321,413,314,409,314,405,320,403,325,399,329,393,332,384,334,373,334,364,331,357,327,351,323,hello
342,316,345,325,350,333,359,342,371,348,384,349,396,346,404,339,408,330,410,322,412,315,408,315,405,321,402,325,399,329,393,333,384,335,374,334,365,331,357,327,351,323,hello
341,315,344,324,350,332,359,342,371,348,385,349,396,346,404,338,408,330,409,322,410,315,407,315,404,321,402,325,398,329,393,333,385,335,374,334,365,331,357,327,350,322,hello
342,315,346,323,352,331,361,340,372,346,385,347,396,344,404,337,408,329,410,321,411,314,408,314,404,320,402,323,399,327,393,330,386,332,375,331,366,328,358,324,352,320,hello
343,314,347,321,354,329,363,338,374,343,387,345,397,342,404,336,408,327,410,320,410,314,407,313,404,318,402,321,399,323,394,326,387,327,377,326,368,324,360,321,354,318,hello
345,314,349,322,354,329,363,337,374,343,386,344,397,341,404,335,409,327,411,320,412,313,409,313,405,317,402,320,399,322,394,324,386,325,377,324,368,323,361,320,355,318,hello
345,315,349,321,355,328,364,336,375,341,388,342,398,340,405,334,409,326,411,319,412,313,409,313,406,316,403,318,400,320,395,322,388,322,378,322,369,321,361,319,355,317,hello
346,314,350,320,356,327,365,335,376,340,388,341,398,339,405,333,409,325,411,318,412,313,409,312,405,314,403,316,400,317,395,319,388,320,379,319,370,318,362,317,356,316,hello
345,313,349,319,355,325,364,333,375,339,387,340,397,337,404,331,409,324,411,317,412,311,408,311,405,313,402,315,399,317,394,319,387,319,378,319,369,318,361,316,355,315,hello
345,312,349,317,355,323,364,331,375,336,388,337,398,334,405,329,409,321,411,316,411,310,408,310,405,311,403,312,399,313,395,315,388,315,378,315,369,314,361,313,355,312,hello
345,310,349,315,354,321,363,328,374,333,387,334,397,332,404,326,409,319,411,314,412,309,408,309,405,309,402,309,399,310,393,311,386,312,377,311,368,311,360,310,354,310,hello
344,308,347,313,353,318,361,325,372,330,384,331,394,329,402,324,407,317,409,311,410,307,407,306,403,306,400,306,397,306,391,307,384,308,375,308,366,307,358,307,353,307,hello
342,306,347,311,352,315,361,321,372,326,384,326,394,325,402,320,407,313,409,309,411,305,408,304,404,304,401,304,397,305,392,306,385,307,375,306,366,306,358,306,352,306,hello
340,304,345,308,351,313,360,319,371,323,384,324,394,323,401,318,406,312,408,307,410,303,407,303,403,302,400,302,397,303,391,304,384,305,374,304,365,304,356,304,350,304,hello
340,302,344,307,350,311,360,317,371,321,383,322,393,321,401,316,406,310,408,306,410,302,407,301,403,301,400,301,396,302,391,302,384,303,374,303,364,302,356,302,349,302,hello
340,302,344,306,350,311,359,317,371,321,383,322,393,320,401,316,406,310,409,305,411,301,407,301,403,301,400,301,397,301,391,302,384,302,374,302,364,302,356,302,349,302,hello
339,302,343,306,348,311,357,317,368,321,381,322,392,321,400,316,405,310,407,306,409,302,406,302,401,301,398,301,395,302,389,302,382,303,372,302,362,302,354,302,348,302,hello
336,304,339,311,343,318,351,326,362,331,376,332,388,330,397,324,403,317,405,310,407,303,403,303,398,307,395,310,391,313,385,316,376,317,366,316,357,314,351,312,345,308,hello
333,307,336,314,340,322,348,331,360,337,374,338,387,336,396,329,401,320,403,313,404,306,400,306,397,311,394,315,390,320,384,323,374,325,363,324,355,321,347,317,342,313,hello
330,307,332,315,337,323,345,331,357,338,371,339,384,337,394,330,399,321,402,313,403,306,399,306,395,312,392,316,387,321,381,324,371,326,360,325,351,322,344,318,339,313,hello
326,306,328,314,333,322,341,331,352,337,366,339,380,336,390,330,397,321,400,313,401,305,397,305,393,311,389,316,384,320,376,324,366,325,355,324,347,321,340,317,335,312,hello
321,304,324,312,328,320,337,328,348,334,362,336,376,334,386,328,393,319,397,311,398,304,394,304,390,310,386,314,380,318,373,321,362,322,351,321,343,318,336,314,331,310,hello
319,301,322,308,326,314,334,322,345,327,358,328,370,327,380,322,387,315,391,308,393,302,389,301,384,305,380,308,374,310,367,312,358,312,348,311,340,309,334,307,329,304,hello
316,298,319,304,323,310,330,317,340,322,353,324,365,323,375,318,382,311,386,305,388,299,385,299,379,301,375,303,369,305,362,306,353,306,344,306,336,304,330,302,326,300,hello
313,297,315,302,318,307,326,313,335,317,348,319,360,317,371,313,378,306,383,301,386,296,382,296,376,297,372,298,365,299,358,300,348,301,339,300,332,299,326,298,322,297,hello
309,295,312,299,315,305,322,311,332,315,344,317,357,315,367,310,375,304,379,299,382,294,378,294,373,295,368,296,362,297,354,298,344,299,335,298,328,297,323,296,319,295,hello
306,293,308,297,312,303,319,309,329,313,341,315,354,313,364,309,372,303,377,297,380,293,377,292,371,293,366,294,359,294,351,295,341,296,332,295,325,294,319,294,315,293,hello
305,293,307,297,311,301,317,308,327,312,339,313,351,312,362,307,370,301,375,296,378,292,375,291,369,291,364,290,357,291,348,291,339,292,330,292,323,291,317,291,313,291,hello
303,292,305,296,309,301,315,307,325,311,337,312,350,311,361,306,369,300,374,295,377,291,374,291,368,290,362,289,355,289,347,290,337,291,329,290,321,290,316,290,312,290,hello
302,292,305,295,309,300,316,305,325,309,337,310,349,309,360,305,368,299,373,295,376,291,373,290,367,290,361,289,355,289,346,289,337,290,328,290,321,289,315,290,311,290,hello
303,291,305,294,309,298,316,303,326,307,337,308,349,307,359,303,367,298,372,294,375,290,372,290,366,289,361,288,354,288,346,288,336,289,328,289,321,288,315,289,311,289,hello
301,291,304,294,308,298,315,303,325,306,336,307,348,306,359,302,367,297,372,293,376,290,372,289,366,289,361,288,354,288,345,288,336,289,327,289,320,288,314,289,309,289,hello
300,291,303,294,307,298,314,303,324,306,335,307,347,306,358,302,366,297,372,293,375,289,372,289,366,288,360,288,353,288,344,288,335,289,326,289,319,288,313,289,308,289,hello
299,291,302,294,307,298,314,303,323,306,334,307,346,306,357,302,365,297,371,293,375,289,371,289,365,288,360,288,352,288,344,288,334,289,325,289,318,288,312,289,308,289,hello
299,291,302,294,306,298,313,302,322,306,333,306,345,305,356,301,364,296,370,292,374,289,370,288,364,288,359,288,351,288,342,288,333,289,324,289,317,288,311,289,307,289,hello
298,291,301,294,305,298,312,302,321,306,332,306,344,305,354,301,363,296,369,292,373,288,370,288,364,288,358,288,350,287,341,288,331,289,323,289,316,288,310,289,306,289,hello
297,291,300,294,305,298,312,303,321,306,332,307,343,306,354,302,362,296,367,292,371,289,368,288,362,288,356,287,349,287,341,288,331,289,323,288,315,288,310,289,305,289,hello
297,292,299,295,303,299,310,304,319,307,330,308,341,306,352,302,361,297,366,293,371,289,367,289,361,288,355,288,348,288,339,289,329,290,321,290,314,289,309,290,305,290,hello
297,293,299,298,303,302,310,308,320,311,332,312,344,311,355,306,362,301,367,295,370,290,366,290,360,292,355,293,349,294,340,296,331,296,322,296,315,295,310,294,306,294,hello
297,295,299,300,303,306,310,312,320,316,332,317,345,315,356,311,363,304,368,298,371,292,367,292,361,295,356,296,349,298,341,300,331,300,322,300,315,299,310,298,306,297,hello
297,297,299,303,303,310,310,317,320,321,332,323,345,321,356,316,364,308,369,301,371,294,367,294,362,299,357,302,350,305,341,307,331,308,322,307,315,305,310,303,306,301,hello
296,299,299,306,303,313,311,320,321,325,334,326,347,324,358,319,365,311,370,304,372,296,368,296,363,302,358,306,351,309,343,312,333,313,323,312,316,310,310,307,305,303,hello
297,300,300,307,304,314,312,321,322,326,334,327,348,325,358,319,365,311,370,304,372,296,368,296,363,302,358,306,352,309,344,312,333,313,324,312,316,310,311,307,307,304,hello
297,299,300,306,304,312,312,319,322,323,334,324,347,323,357,317,364,310,369,303,371,296,367,296,362,301,357,304,351,306,343,309,333,310,324,309,316,308,311,305,307,303,hello
297,299,300,306,304,312,312,319,322,323,334,324,347,322,357,317,365,310,369,303,371,296,368,295,362,300,358,303,351,306,343,308,333,309,324,309,316,307,311,305,306,303,hello
298,297,301,303,305,309,312,315,322,319,334,321,347,319,357,314,364,307,369,300,371,294,367,294,362,297,357,299,351,301,343,303,333,304,324,304,317,303,312,301,307,299,hello
299,295,301,300,304,305,311,311,320,315,332,316,345,315,356,310,364,303,369,298,371,292,367,292,361,294,356,296,349,297,341,298,331,299,323,299,316,298,311,297,308,296,hello
298,293,300,298,304,303,311,309,321,313,332,314,345,312,355,307,363,301,367,296,370,291,366,290,360,292,356,292,349,293,341,295,332,296,323,295,316,295,311,294,307,293,hello
298,293,300,297,304,302,311,308,320,313,332,314,345,312,356,307,363,300,368,295,371,290,368,290,362,290,356,291,350,292,341,293,332,294,323,294,316,293,311,292,307,292,hello
297,292,300,296,304,301,311,307,321,311,333,312,345,310,356,305,363,299,368,294,371,289,367,289,362,290,357,290,350,291,342,292,332,293,324,293,316,292,311,292,306,291,hello
298,292,301,296,305,300,312,306,321,310,333,311,346,309,356,305,363,298,368,294,371,289,367,289,362,289,357,289,350,289,342,290,332,291,324,291,316,290,311,291,307,291,hello
298,292,301,296,305,300,312,306,321,310,333,310,346,309,356,304,363,298,368,293,371,289,367,289,361,289,356,289,350,289,342,290,332,291,324,291,316,290,311,291,307,291,hello
298,292,301,296,305,300,312,306,321,309,333,310,345,309,355,304,363,298,367,293,370,289,367,289,361,288,356,288,349,288,341,289,332,290,323,290,316,290,311,290,307,291,hello
298,292,301,296,305,300,312,305,321,308,333,309,345,307,355,303,363,297,368,293,371,289,367,289,362,288,356,288,349,288,341,288,332,289,324,289,316,289,311,290,307,290,hello
298,292,301,296,304,299,311,304,321,308,332,308,344,307,355,303,363,297,368,293,371,289,368,288,362,288,356,287,349,287,341,288,332,289,323,289,316,289,310,289,306,290,hello
298,292,301,295,305,299,312,304,321,307,332,308,344,306,354,302,362,297,367,293,371,289,367,288,361,288,356,287,349,287,340,288,331,289,323,288,316,288,310,289,306,290,hello
298,292,301,295,305,299,311,304,321,307,332,307,343,306,354,302,362,296,367,292,371,289,367,288,361,288,356,287,349,287,340,288,331,288,322,288,315,288,310,289,306,290,hello
298,292,301,295,305,299,312,304,321,307,332,307,344,306,354,302,362,296,367,292,371,288,367,288,362,287,356,287,349,287,340,287,331,288,323,288,316,288,310,289,306,290,hello
298,292,301,295,305,299,312,303,321,307,332,307,344,306,354,302,362,296,368,292,371,288,368,288,362,287,356,287,349,287,340,287,331,288,323,288,316,288,310,289,306,290,hello
298,291,301,295,305,298,311,303,320,306,331,307,343,305,354,301,362,296,367,292,371,288,367,288,361,287,356,287,348,287,340,288,331,288,322,288,315,288,310,289,306,290,hello
298,292,301,295,305,298,311,303,320,306,331,306,343,305,354,301,362,296,367,292,371,288,367,287,362,287,356,287,349,288,340,288,331,289,322,289,315,289,310,290,306,290,hello
298,292,301,296,304,299,311,304,320,307,331,307,343,306,354,302,362,296,367,292,371,288,367,288,362,288,356,289,349,289,340,290,330,291,322,291,315,291,310,291,306,291,hello
298,293,301,297,305,301,312,305,321,308,332,308,344,307,354,303,362,298,367,293,370,289,367,289,361,290,356,291,349,292,341,293,332,294,323,294,316,293,310,293,306,293,hello
298,293,300,297,305,301,312,305,321,308,332,308,344,307,354,303,362,298,367,294,371,289,367,289,362,290,356,291,349,292,341,293,331,294,323,294,315,294,310,293,306,293,hello
298,295,301,299,305,304,312,309,322,312,334,313,346,311,356,306,363,300,368,295,371,289,367,289,361,292,357,294,350,295,342,297,333,297,324,297,317,297,311,296,307,295,hello
296,298,299,304,303,310,311,316,321,321,334,322,348,320,358,314,366,306,370,300,372,293,368,292,363,297,358,300,352,303,343,306,333,307,323,307,316,305,310,303,305,301,hello
295,299,298,306,303,312,311,319,321,323,335,324,349,322,360,316,367,308,372,300,374,293,370,293,365,299,360,303,353,306,344,309,334,311,323,311,315,309,309,306,305,303,hello
297,299,300,306,304,313,312,321,323,325,336,326,350,323,360,317,368,309,372,301,374,293,370,293,365,299,360,304,354,308,346,311,335,313,325,313,317,310,311,307,306,304,hello
297,300,300,307,304,313,312,321,323,325,336,326,350,324,360,317,367,309,371,301,373,294,369,294,365,300,360,304,354,308,346,311,335,313,325,313,317,310,311,307,306,304,hello
297,300,300,307,305,314,313,321,323,326,336,326,350,324,360,318,367,309,371,302,373,294,369,294,364,300,360,303,353,307,345,310,335,311,325,311,318,309,311,307,307,304,hello
297,300,301,306,305,313,313,320,323,325,336,325,349,323,359,317,367,309,371,302,373,294,370,294,364,299,360,303,353,306,345,308,335,310,325,310,317,308,311,306,307,303,hello
298,299,301,305,306,312,313,318,324,323,336,324,349,321,359,315,366,308,370,301,372,294,368,293,363,298,359,301,353,304,345,307,335,308,326,308,318,306,312,304,308,302,hello
298,298,301,303,305,309,313,315,323,320,335,320,348,318,358,313,366,306,370,299,373,293,369,293,363,296,358,299,352,301,344,303,334,304,325,304,317,303,311,301,307,300,hello
299,296,301,301,306,307,313,313,323,317,336,318,348,316,358,311,366,304,370,298,372,292,368,292,363,295,358,297,352,299,344,300,335,301,326,301,318,300,312,299,308,297,hello
299,295,302,300,306,305,313,311,323,315,335,315,348,313,358,308,365,302,369,296,372,291,368,291,362,293,358,294,351,295,344,297,334,298,325,298,318,297,312,296,308,295,hello
298,294,301,298,306,303,313,309,323,313,335,314,348,312,358,307,365,300,370,295,372,290,368,290,363,291,358,292,351,293,343,295,334,296,325,295,318,295,312,294,308,294,hello
299,293,302,298,306,303,313,309,323,314,335,315,348,313,358,307,366,300,370,295,372,290,369,290,363,290,358,291,352,292,344,294,334,295,325,295,318,294,313,293,308,293,hello
299,293,302,298,306,303,314,309,324,313,336,314,348,312,358,307,366,300,370,295,373,290,369,290,363,291,358,291,352,292,344,293,335,294,326,294,318,293,312,293,308,293,hello
300,293,302,297,307,302,314,309,324,313,336,314,349,311,359,306,366,299,370,294,372,289,368,289,363,289,358,290,352,290,345,292,335,293,327,292,319,292,313,292,309,292,hello
300,293,302,298,307,303,314,309,324,313,336,313,349,311,359,306,366,299,370,294,372,289,368,289,363,289,358,290,352,291,345,292,335,293,326,293,319,292,313,292,309,292,hello
301,293,303,297,307,301,315,307,325,310,337,311,349,309,358,304,365,298,369,293,372,289,368,289,363,289,358,289,352,289,344,290,336,291,327,291,319,291,313,291,309,292,hello
299,293,302,297,307,300,314,305,323,308,335,308,347,307,357,303,364,297,369,293,372,290,368,289,363,289,358,289,351,289,343,289,334,290,325,290,318,290,312,291,307,292,hello
300,292,303,296,308,300,315,304,324,308,335,308,347,307,357,302,365,297,370,293,373,289,370,288,364,288,359,288,352,288,344,289,334,290,326,290,318,290,312,290,308,291,hello
299,292,302,295,307,299,314,304,323,308,335,308,347,306,357,302,365,296,370,292,374,288,371,288,365,288,359,288,352,288,343,289,334,290,325,290,317,290,311,290,307,291,hello
299,291,302,295,306,299,313,304,323,307,334,308,347,306,357,301,366,295,371,291,375,286,372,286,366,287,360,287,352,288,343,289,334,290,325,290,317,290,311,290,307,290,hello
298,291,301,295,306,299,313,304,323,307,334,307,347,305,357,301,366,295,371,290,375,286,372,286,366,286,360,287,352,288,344,289,334,290,325,290,317,290,311,290,307,290,hello
298,291,301,294,306,299,313,304,323,307,335,307,347,305,358,301,366,295,372,290,376,286,372,286,366,286,360,287,353,287,344,289,334,290,325,290,317,290,311,290,306,290,hello
298,291,301,294,306,299,313,303,323,307,335,307,347,305,358,300,366,295,372,290,376,286,372,286,366,286,361,287,353,287,344,289,334,290,325,290,317,290,311,290,306,290,hello
299,292,303,296,307,299,314,304,324,307,335,307,347,305,358,301,366,296,372,291,376,287,372,287,366,288,360,288,353,288,344,289,334,290,325,290,318,290,312,291,307,291,hello
299,294,303,297,307,300,315,304,325,307,336,307,347,305,357,301,365,297,370,293,374,289,370,289,365,289,359,289,352,289,344,290,335,291,326,291,318,291,312,292,307,293,hello
300,295,303,298,308,302,315,305,324,308,335,308,346,307,356,303,364,298,369,294,372,290,369,290,364,291,358,291,352,291,343,292,334,293,326,293,318,293,312,294,308,294,hello
302,296,305,300,309,304,316,309,325,313,337,313,348,311,358,306,364,300,368,295,371,291,367,291,362,292,358,293,352,294,345,296,336,297,327,297,320,296,315,296,310,295,hello
298,298,301,304,305,310,313,316,324,320,337,321,350,319,361,313,367,306,371,300,373,293,369,293,364,297,360,300,354,302,346,304,336,306,326,306,318,305,312,303,307,301,hello
299,298,301,305,306,311,313,317,324,321,337,322,350,319,361,314,368,307,372,300,375,293,370,293,365,298,360,301,354,304,346,306,336,308,326,308,319,306,313,304,308,302,hello
299,300,302,306,307,312,314,318,325,323,338,323,351,321,362,316,369,308,373,301,375,294,371,294,366,299,361,303,355,306,347,308,337,310,327,310,319,308,313,306,308,303,hello
300,300,303,307,307,313,315,320,326,325,339,325,352,323,362,317,369,309,373,302,375,295,371,295,366,301,362,304,355,308,347,311,337,312,328,312,320,310,314,308,309,305,hello
300,301,302,308,307,314,315,321,325,325,338,326,351,323,362,318,369,310,373,303,375,296,371,296,366,302,362,305,355,309,347,312,337,313,327,313,319,311,313,309,309,305,hello
299,301,302,308,307,314,316,321,326,325,339,326,352,324,362,318,369,310,373,303,375,296,371,296,366,301,362,305,355,308,348,311,338,312,328,312,320,310,313,308,309,305,hello
299,301,302,308,307,314,316,320,326,325,339,326,352,323,362,318,369,310,373,304,375,296,371,296,366,302,362,305,355,308,348,310,338,312,328,311,320,310,314,307,309,305,hello
299,301,302,307,307,313,315,320,326,325,339,326,352,324,362,318,369,311,373,304,375,297,371,297,366,301,361,305,355,308,347,310,338,311,328,311,320,309,314,306,309,304,hello
302,302,305,308,309,314,317,321,327,325,339,326,352,324,361,318,368,311,371,304,373,298,369,297,364,301,360,304,355,307,347,309,338,310,329,310,322,308,316,306,312,304,hello
304,301,307,307,310,312,317,319,326,324,337,325,349,323,358,317,364,310,368,304,369,299,366,298,361,301,357,302,352,304,345,305,336,306,328,305,321,305,316,304,313,303,hello
305,302,307,307,310,312,316,319,325,324,337,325,348,323,357,317,363,310,367,304,368,299,365,299,360,301,356,302,351,304,344,305,335,306,327,306,321,305,316,304,313,303,hello
304,301,306,306,310,312,316,318,325,323,337,324,348,322,357,316,363,309,366,303,368,298,364,298,360,300,356,301,351,302,344,304,335,304,328,304,321,304,316,303,313,302,hello
303,299,305,304,308,310,315,318,324,323,336,324,348,322,357,316,364,309,367,303,369,297,365,297,360,299,356,300,350,301,343,302,335,303,327,303,320,302,315,301,311,300,hello
301,297,304,302,307,309,314,316,324,321,336,323,348,321,357,315,363,308,367,302,369,297,365,296,360,297,356,298,350,299,343,301,335,301,326,301,319,300,314,299,310,298,hello
301,297,304,302,308,308,315,315,325,320,336,321,348,319,357,314,364,307,367,301,369,296,365,296,360,297,356,297,351,298,344,300,335,300,327,300,320,299,314,298,310,298,hello
301,296,303,301,308,307,315,314,324,319,336,320,348,318,358,313,365,305,369,300,371,294,367,294,362,295,358,296,352,297,344,298,335,298,326,298,319,297,314,297,309,296,hello
301,297,303,301,307,306,315,313,324,317,336,317,349,315,359,310,366,304,370,298,373,294,369,293,363,294,359,295,352,296,345,297,335,297,327,297,319,297,314,297,310,296,hello
300,297,303,302,307,307,315,313,325,316,337,317,349,315,359,310,366,304,370,298,373,294,369,293,364,294,359,295,353,296,346,297,336,298,327,298,320,298,314,297,309,297,hello
300,298,303,302,307,307,314,313,325,316,337,317,349,315,360,310,367,303,371,298,374,293,370,293,364,294,360,295,353,297,345,298,336,299,327,299,319,299,314,298,309,298,hello
301,298,304,303,308,308,315,314,325,317,337,318,349,315,360,310,367,304,371,298,374,293,370,293,364,295,359,296,353,297,345,299,336,300,327,300,320,299,314,299,310,298,hello
301,299,303,304,307,309,315,315,325,318,337,319,350,317,360,312,367,305,371,300,373,295,369,295,364,297,359,298,353,300,346,301,336,302,327,302,320,302,315,301,310,300,hello
300,302,303,308,307,314,315,320,325,324,338,325,351,323,361,317,368,310,372,303,374,297,370,297,365,301,360,303,354,306,347,309,337,310,327,310,320,308,314,306,309,304,hello
300,303,303,309,307,316,315,322,325,327,338,327,351,325,361,319,368,311,372,304,374,297,370,297,365,302,361,306,355,309,347,312,337,314,328,314,320,312,314,309,309,307,hello
300,303,303,310,307,317,315,323,326,328,339,329,352,326,362,320,369,312,373,305,374,298,370,298,366,303,362,307,356,311,348,314,338,316,328,316,320,314,314,311,309,308,hello
300,304,303,311,308,317,315,324,326,329,339,330,352,327,362,321,368,313,372,306,374,299,370,299,365,305,361,309,355,313,348,316,338,318,328,317,320,315,314,312,309,308,hello
301,304,303,311,308,317,316,325,327,329,340,330,353,327,362,321,369,313,372,305,374,298,370,298,366,304,362,308,356,312,349,316,339,318,329,317,321,315,315,312,310,308,hello
301,303,304,310,309,317,317,324,327,329,340,330,352,327,362,321,368,312,372,305,374,298,370,298,366,304,362,308,356,312,349,315,339,317,329,316,321,314,315,311,310,308,hello
301,303,304,310,309,316,317,323,327,327,339,328,352,325,362,319,368,311,372,304,374,297,370,297,366,302,361,305,355,308,348,311,338,312,329,312,321,311,315,309,311,306,hello
303,301,305,307,309,313,316,319,326,324,338,324,351,322,361,316,368,308,372,302,374,296,370,296,365,299,360,301,354,303,347,305,337,307,328,307,322,305,316,304,312,302,hello
303,301,305,307,309,313,316,319,326,324,339,325,352,322,362,316,369,309,372,302,374,296,370,296,365,299,360,301,355,303,347,305,338,306,329,306,322,305,316,304,312,302,hello
302,300,304,305,309,310,316,316,326,320,338,321,351,319,361,313,368,306,372,300,375,295,371,295,365,296,360,297,354,299,346,300,337,302,328,302,321,301,315,300,311,300,hello
301,298,304,303,308,308,316,314,326,318,338,319,351,317,361,311,368,304,372,299,375,294,371,294,365,295,361,296,354,297,347,298,337,299,328,299,321,299,315,298,310,298,hello
301,297,304,302,308,307,316,313,326,317,338,317,351,315,361,310,368,303,372,298,375,293,371,293,366,294,361,295,354,296,347,297,337,298,328,298,321,298,315,297,310,297,hello
302,296,305,300,309,305,316,310,326,314,338,315,350,313,360,308,367,301,372,296,374,292,371,292,365,292,360,293,354,294,346,295,337,296,328,296,321,296,315,295,311,295,hello
302,296,305,300,309,305,316,310,326,313,338,313,350,312,361,307,368,301,373,296,375,292,372,291,366,292,361,293,355,294,347,295,337,296,329,296,321,296,315,296,311,296,hello
302,297,305,301,309,305,316,311,326,314,338,315,351,313,361,308,368,302,372,296,375,292,371,292,365,292,361,293,354,294,346,295,337,296,328,296,321,296,315,296,311,296,hello
302,297,305,301,309,305,316,310,326,314,338,314,350,312,361,308,368,301,372,296,375,292,371,292,365,293,361,293,354,294,346,295,337,296,328,296,321,296,315,296,311,296,hello
302,298,305,301,310,305,317,310,327,313,338,313,350,312,360,307,367,301,372,297,374,292,371,292,365,293,361,293,354,294,346,295,337,296,328,296,321,296,315,296,311,296,hello
303,298,305,301,309,305,316,310,326,313,338,314,350,312,360,307,367,301,372,297,374,292,371,292,365,293,360,293,354,294,346,295,336,296,328,296,321,296,315,296,311,297,hello
302,297,305,301,310,305,317,310,327,313,339,314,351,312,361,307,368,301,372,297,374,292,371,292,365,293,361,294,354,294,346,296,337,297,328,297,321,297,315,297,311,297,hello
303,298,306,302,310,306,317,311,327,314,339,314,351,312,361,308,368,302,372,297,374,292,371,292,365,294,361,294,354,295,347,297,337,298,329,298,322,298,316,297,312,297,hello
303,298,305,303,310,308,317,313,327,317,339,318,351,315,361,310,368,304,372,298,375,293,371,293,366,295,361,296,355,298,347,299,338,300,329,301,322,300,316,299,312,299,hello
304,301,307,305,311,310,318,315,328,318,340,318,353,316,363,312,370,305,374,299,376,294,372,294,367,297,362,298,356,300,348,301,339,302,330,303,323,302,318,302,314,301,hello
304,302,306,307,311,313,318,319,329,323,342,324,355,321,365,315,372,308,375,302,377,296,373,296,368,299,364,302,358,305,350,307,341,309,331,309,323,307,317,306,313,304,hello
304,302,307,308,311,314,319,321,330,325,342,326,355,323,365,317,372,309,376,303,378,296,374,296,369,301,365,304,359,307,352,311,342,312,332,312,324,310,318,308,313,305,hello
304,300,307,307,312,313,319,320,330,325,343,326,356,323,366,317,373,309,377,302,379,295,376,295,371,300,366,304,360,308,352,311,342,313,332,312,324,310,318,307,313,304,hello
303,299,306,306,310,313,318,321,329,326,343,327,356,324,367,317,374,309,378,301,381,293,377,294,372,300,367,304,361,309,353,312,342,314,331,314,323,311,317,308,312,304,hello
302,298,305,305,310,313,317,321,328,327,342,328,356,325,367,317,374,308,378,300,381,292,377,293,372,299,367,304,361,309,352,313,341,315,331,314,322,312,316,308,312,304,hello
302,298,305,305,310,313,317,321,328,327,342,328,356,324,367,317,374,308,379,300,381,292,377,292,372,299,368,304,361,309,353,313,342,315,331,314,322,312,316,308,312,303,hello
302,299,305,306,310,313,318,320,329,326,342,326,356,323,367,316,374,308,378,300,381,293,377,293,372,299,367,303,361,307,352,311,342,312,331,312,323,310,317,307,312,303,hello
303,301,306,307,311,313,318,320,329,324,342,325,355,323,365,317,373,309,377,302,380,296,376,295,370,299,366,302,359,304,351,307,341,308,331,308,323,306,317,305,312,303,hello
305,299,308,304,312,310,319,317,329,321,341,322,354,320,364,314,372,307,376,301,378,295,374,295,369,298,364,299,358,301,350,303,340,304,331,304,324,302,318,301,314,300,hello
305,298,308,303,312,308,319,315,329,319,341,320,354,318,364,313,371,306,375,300,378,294,374,294,368,296,364,298,358,299,350,301,341,302,332,301,324,300,319,299,314,298,hello
305,297,308,302,312,307,320,313,330,317,343,318,355,316,365,311,372,304,377,299,379,294,375,294,370,295,365,296,359,297,351,298,342,299,333,299,325,299,319,298,314,298,hello
304,297,307,301,312,307,319,313,330,317,342,318,355,316,365,311,372,304,376,298,379,293,375,293,369,294,365,296,359,297,351,298,341,299,332,299,325,298,318,297,314,297,hello
305,297,308,301,313,306,320,312,331,316,343,317,356,315,366,310,373,303,378,298,380,293,377,293,371,294,366,295,360,296,352,297,342,298,333,298,325,297,319,297,315,296,hello
306,297,309,302,313,306,321,312,331,316,343,317,356,315,366,310,373,303,378,298,380,293,377,293,371,294,366,295,360,296,352,297,342,298,333,298,326,297,320,297,315,297,hello
307,297,310,301,315,306,322,312,332,315,345,316,357,314,367,309,374,303,379,298,381,293,378,293,372,294,368,295,361,295,353,297,344,298,335,297,327,297,321,297,317,297,hello
309,298,312,302,316,306,324,312,334,315,346,316,358,314,368,309,374,303,379,298,381,293,377,293,372,294,368,294,362,295,354,296,345,298,336,297,328,297,322,297,318,297,hello
309,298,312,301,316,306,324,311,334,314,346,315,358,313,368,308,376,302,380,297,383,293,379,293,374,293,369,294,362,295,355,296,345,297,336,297,329,296,322,296,318,297,hello
310,297,313,301,317,305,325,310,336,314,348,314,360,312,370,308,377,302,381,297,384,293,380,293,375,293,370,293,364,294,356,295,347,296,338,296,330,296,323,296,319,296,hello
310,296,314,300,318,304,326,309,336,313,348,313,360,312,370,307,377,301,382,297,385,293,381,293,376,292,371,292,365,293,357,294,348,295,339,295,331,295,324,295,319,295,hello
311,296,315,299,320,303,328,308,338,311,350,312,362,310,371,306,378,300,383,296,386,292,383,292,377,292,373,292,366,293,359,293,350,294,340,294,332,294,325,294,320,295,hello
311,295,315,299,320,302,329,307,339,310,351,311,362,309,372,305,379,300,383,296,387,291,383,291,378,292,373,292,367,292,360,293,351,294,341,294,332,294,325,294,320,294,hello
312,294,315,298,321,302,329,306,340,309,352,310,364,308,373,304,381,299,385,295,388,291,385,291,380,291,375,291,369,292,361,293,352,294,342,294,333,293,326,293,321,293,hello
312,293,316,296,322,301,331,305,341,308,354,309,365,307,375,303,382,298,387,294,390,290,387,290,381,290,376,290,370,291,363,292,353,292,343,292,334,292,327,292,322,292,hello
314,293,318,297,323,300,332,305,343,308,355,309,367,307,377,303,384,298,389,293,392,289,388,289,383,289,378,289,372,290,364,290,355,291,345,291,336,291,329,291,323,292,hello
317,294,320,297,325,301,334,306,344,309,356,310,368,308,377,304,384,298,388,294,391,290,387,290,382,290,377,290,372,290,364,291,355,292,346,292,338,292,331,292,326,292,hello
319,294,322,298,327,302,335,308,345,311,357,312,369,310,378,306,385,300,389,295,392,291,388,291,383,291,378,291,372,291,365,291,356,292,347,292,339,292,333,292,328,293,hello
318,295,321,301,326,307,335,313,346,318,360,318,372,316,382,311,388,304,391,298,392,292,388,292,384,295,380,297,375,299,368,301,359,302,348,302,340,301,333,299,328,297,hello
319,295,322,301,327,307,335,314,346,319,360,320,372,317,382,312,387,305,390,299,391,293,387,293,383,296,379,298,375,300,368,302,359,303,349,303,340,301,333,300,328,298,hello
319,295,322,302,327,308,336,314,347,319,361,320,373,317,382,312,388,305,391,299,392,293,388,292,383,296,380,298,375,300,369,301,360,302,349,302,341,301,334,300,329,298,hello
317,297,320,303,326,309,334,316,346,320,360,321,372,319,382,313,387,306,390,299,391,293,387,293,383,297,379,299,374,301,368,304,359,305,348,305,340,303,333,301,327,299,hello
316,297,319,304,325,310,334,317,346,321,360,322,373,320,382,314,388,307,391,300,392,294,388,293,384,298,380,300,375,303,368,306,359,307,349,307,340,305,332,303,327,300,hello
317,297,320,304,326,310,335,316,347,321,361,322,373,319,383,314,388,307,391,300,392,294,388,293,384,297,380,300,375,302,369,305,360,306,349,306,340,304,333,302,327,300,hello
317,297,321,303,326,309,336,315,348,320,362,321,374,318,383,313,388,306,391,300,391,293,387,293,383,297,380,299,376,302,370,304,361,305,350,305,341,303,333,302,328,300,hello
319,294,322,300,327,305,335,312,346,316,360,317,372,315,381,310,387,303,390,297,391,292,387,291,382,294,379,296,374,297,368,299,359,300,349,299,341,298,334,297,329,295,hello
320,291,323,297,327,302,335,308,345,312,358,313,370,311,380,306,386,300,390,294,391,289,387,288,382,290,379,292,374,293,367,295,358,295,348,295,341,294,334,293,330,292,hello
321,290,324,295,328,300,336,306,347,310,360,310,372,309,381,304,387,298,390,292,392,287,388,287,383,289,379,290,375,291,368,292,359,292,350,292,342,292,335,291,331,290,hello
321,289,324,294,328,299,336,305,347,309,360,309,372,308,381,303,387,296,390,291,392,287,388,286,383,287,379,288,374,289,368,289,359,290,350,290,342,289,335,289,330,289,hello
321,289,324,293,328,298,336,304,347,308,360,309,372,307,381,302,387,296,390,291,392,286,388,286,383,286,379,286,374,287,368,287,359,288,350,288,342,288,335,288,330,288,hello
319,289,323,292,327,296,336,301,346,305,359,306,371,304,381,300,387,294,391,290,394,286,390,286,385,285,380,285,375,284,367,285,358,285,349,285,340,285,334,286,328,287,hello
319,288,323,291,328,294,336,299,346,302,358,303,370,302,380,298,387,293,391,289,394,286,390,285,385,284,380,284,374,283,366,283,357,284,348,284,340,284,333,285,328,286,hello
318,287,322,290,327,294,335,298,346,301,358,302,369,300,379,297,387,292,391,288,394,285,391,284,385,284,381,283,374,283,366,283,357,283,348,283,339,283,332,284,327,285,hello
318,286,322,289,327,293,335,297,346,300,358,300,369,299,379,296,387,291,391,288,395,284,391,284,386,283,381,282,374,282,366,282,357,283,348,283,339,283,332,284,327,284,hello
318,286,322,289,327,292,336,296,346,299,358,300,370,299,379,295,387,291,391,287,395,284,391,283,386,282,381,282,375,281,367,282,358,282,348,282,340,282,332,283,327,284,hello
319,286,323,289,328,292,337,297,347,300,359,300,370,299,380,295,387,291,392,287,395,283,391,283,386,282,381,282,375,281,367,282,358,282,348,282,340,282,333,283,328,284,hello
318,285,322,289,328,292,337,296,347,299,359,299,371,298,380,295,387,290,392,287,395,283,391,283,386,282,381,282,375,281,367,282,358,282,348,282,340,282,333,283,327,284,hello
319,286,323,289,328,292,337,296,347,298,358,299,370,298,379,295,387,291,391,288,394,284,391,284,385,283,381,283,374,282,367,282,358,282,348,282,340,283,333,284,328,285,hello
319,287,323,290,328,293,337,297,347,299,359,300,369,299,379,296,385,291,390,288,393,285,389,285,384,284,380,284,374,283,366,283,358,284,348,284,340,284,333,285,328,285,hello
320,287,323,291,329,294,337,299,347,302,359,303,370,302,379,298,386,293,391,289,393,286,390,285,385,285,380,285,374,284,367,285,358,285,349,285,340,285,334,285,328,286,hello
318,288,321,294,327,299,336,305,347,308,360,309,373,307,382,302,389,296,392,291,394,285,390,285,385,288,381,289,376,291,369,292,360,293,349,293,340,292,333,291,328,290,hello
315,289,319,295,324,300,334,307,345,311,359,312,372,310,383,305,389,298,392,292,394,286,390,286,385,289,381,291,376,293,368,294,359,295,348,295,339,294,331,293,326,291,hello
311,285,316,293,322,301,332,309,344,314,359,315,372,312,382,306,388,297,392,288,394,280,389,280,385,287,381,291,375,295,368,299,358,301,346,300,337,298,329,294,322,290,hello
310,280,315,288,321,296,331,303,343,308,358,309,370,306,380,300,386,291,390,284,392,275,388,275,383,282,379,286,374,290,366,293,356,295,345,295,335,293,327,289,321,286,hello
309,276,313,283,319,289,328,296,339,301,354,302,367,300,378,294,384,286,388,279,390,271,386,271,381,276,377,279,371,282,363,284,353,286,342,285,333,284,326,282,320,279,hello
312,270,315,276,319,281,328,287,338,291,352,292,365,290,375,285,382,279,386,273,388,268,383,267,378,270,374,272,368,273,361,275,351,276,341,275,333,274,326,273,322,272,hello
311,266,314,271,319,276,327,282,337,286,350,287,362,285,373,280,379,274,384,269,386,264,382,264,376,265,372,266,367,268,359,269,349,270,340,269,332,268,325,268,321,267,hello
311,265,314,269,318,274,326,279,336,282,348,283,360,282,371,278,378,272,383,268,386,264,382,263,376,264,372,265,365,266,357,267,348,267,338,267,331,267,325,266,320,265,hello
309,265,312,269,317,274,325,279,335,282,348,282,361,281,371,277,378,271,383,267,385,263,381,262,376,263,371,264,365,265,357,266,348,266,338,266,330,266,324,266,319,265,hello
309,266,312,270,317,274,325,279,335,282,348,283,360,281,370,277,378,272,382,268,385,263,381,263,375,264,371,265,364,266,356,267,347,267,337,267,330,267,323,266,319,266,hello
310,266,313,270,317,274,325,279,336,282,348,283,360,281,371,277,378,272,382,268,385,264,381,263,375,264,371,265,364,265,357,266,347,267,338,267,330,266,324,266,319,266,hello
310,266,313,270,318,273,326,278,336,281,348,282,360,280,370,277,378,272,382,267,385,263,381,263,375,263,371,263,365,264,357,264,347,265,338,265,330,264,324,265,319,265,hello
310,265,313,269,318,272,326,277,336,279,348,280,360,279,370,275,377,271,381,267,384,263,380,263,375,263,371,262,364,262,356,263,347,263,338,263,330,263,323,263,319,264,hello
310,266,313,269,318,271,326,275,336,277,347,277,358,276,368,273,375,269,380,266,384,263,380,262,375,262,370,261,363,261,355,262,346,262,337,262,329,262,323,263,318,264,hello
309,267,313,269,318,272,326,275,336,277,347,277,358,276,367,273,375,270,379,267,383,264,379,264,374,263,369,262,363,261,355,261,346,261,337,261,329,262,323,263,318,264,hello
308,269,312,271,317,273,326,276,335,277,346,277,357,276,367,274,374,270,379,268,383,265,380,265,374,264,369,263,363,262,355,262,346,263,337,263,329,264,322,265,317,267,hello
309,269,313,272,318,274,326,278,335,280,346,280,356,279,366,276,373,273,378,270,382,267,379,267,374,266,369,265,362,264,354,264,346,264,337,265,329,265,322,266,317,267,hello
309,271,313,275,318,278,325,282,335,284,346,285,358,283,367,280,375,276,380,273,383,269,380,269,374,269,370,269,363,269,355,269,346,269,337,269,329,269,323,270,318,270,hello
310,274,314,278,319,282,327,286,337,289,349,290,360,289,370,286,376,281,380,277,383,273,380,273,375,274,371,275,365,276,358,276,348,277,339,276,331,276,324,276,319,275,hello
309,278,312,283,317,288,325,294,335,298,348,299,360,297,371,293,377,286,381,281,382,275,379,275,374,278,370,280,364,281,356,282,347,283,337,283,329,282,323,281,318,279,hello
306,283,309,290,315,296,323,303,334,308,348,309,361,307,371,302,378,294,381,287,383,280,379,280,375,285,371,289,365,291,357,294,347,295,336,295,328,293,321,290,316,287,hello
305,287,309,295,315,302,324,310,335,315,348,316,361,314,371,308,378,300,381,292,383,284,379,284,375,290,371,294,365,297,357,300,347,302,336,301,328,299,321,296,315,292,hello
305,292,309,300,315,307,324,315,335,321,349,323,361,320,371,313,377,305,380,297,381,288,378,288,374,295,370,299,365,303,357,306,348,308,337,307,328,305,321,301,315,297,hello
306,295,310,303,315,310,324,317,335,323,348,324,360,321,370,315,376,307,380,299,382,291,378,291,374,297,370,301,364,305,357,308,347,310,336,309,328,307,321,304,316,300,hello
306,296,309,303,315,310,323,317,333,321,346,322,358,320,367,315,374,307,378,300,380,292,376,292,372,298,368,301,362,304,354,307,345,308,335,308,327,306,320,303,315,300,hello
307,294,310,299,314,305,322,311,331,315,344,316,356,314,366,309,373,303,377,297,379,291,376,291,371,294,366,297,360,299,353,301,343,302,334,301,326,300,320,298,316,296,hello
308,290,310,295,314,300,321,307,331,311,343,312,356,310,365,305,372,298,376,293,379,288,375,287,370,289,365,290,359,292,352,294,343,295,334,294,327,293,321,292,317,291,hello
307,289,310,293,314,298,321,304,331,307,343,308,354,306,364,302,371,296,375,291,378,287,374,286,369,287,364,288,359,289,351,290,342,291,334,290,326,290,320,289,316,289,hello
308,288,310,292,314,297,322,303,331,307,343,307,355,306,365,301,372,295,376,290,379,285,375,285,370,286,365,286,359,287,352,288,342,289,334,289,326,288,321,288,316,288,hello
308,287,311,292,315,297,322,302,332,306,344,307,356,305,365,300,373,294,377,289,379,285,376,285,370,286,366,286,360,287,352,288,343,289,334,289,327,288,321,288,317,287,hello
309,288,311,292,315,297,322,303,332,306,343,307,355,306,365,301,372,295,376,290,378,286,374,285,369,286,365,287,359,287,352,289,343,289,334,289,327,288,321,288,317,287,hello
309,288,311,292,315,297,322,303,332,306,343,307,355,305,365,301,371,295,375,290,378,286,374,286,369,286,365,287,359,288,352,289,343,290,334,289,327,289,321,288,317,288,hello
308,289,311,293,315,297,322,303,331,306,343,307,355,305,364,301,371,295,375,290,378,286,374,286,369,286,365,287,359,288,351,289,343,290,334,290,327,289,321,289,317,288,hello
308,289,310,293,315,297,322,302,331,306,343,306,354,305,364,300,371,295,376,290,378,286,375,286,369,287,365,287,359,288,351,288,342,289,333,289,326,289,320,289,316,289,hello
307,288,310,292,314,296,321,301,331,304,342,304,353,303,363,299,370,293,375,289,378,285,374,284,369,285,364,285,358,286,350,286,341,287,333,287,325,287,319,287,315,287,hello
306,286,310,290,314,294,321,298,331,301,342,302,353,300,363,297,370,291,374,287,377,283,374,282,369,283,364,283,358,284,350,284,341,285,333,285,325,285,319,285,315,285,hello
307,284,310,288,315,292,322,297,331,300,342,300,353,299,362,295,370,290,374,285,377,281,374,281,369,281,364,282,358,282,350,283,341,283,333,283,325,283,320,283,315,283,hello
307,284,310,288,314,292,321,296,330,299,341,300,353,299,362,295,370,290,374,286,377,282,374,281,368,282,364,282,357,282,349,283,340,283,332,283,325,283,319,283,315,283,hello
305,285,308,289,313,292,320,296,330,299,341,300,352,298,362,295,369,290,374,285,377,281,373,281,368,282,363,282,357,283,349,284,340,284,331,284,323,284,317,284,313,284,hello
304,287,307,290,312,294,319,298,329,300,340,301,351,299,361,295,368,291,373,286,376,282,372,282,367,283,362,284,356,284,348,285,338,286,330,286,322,286,317,286,312,286,hello
303,288,306,291,311,294,318,298,328,301,339,301,350,300,360,296,367,292,372,287,375,283,371,283,366,284,361,284,355,285,347,285,338,286,329,286,321,286,316,287,311,287,hello
302,287,306,291,310,294,318,298,327,301,338,301,349,300,359,296,367,291,371,287,374,283,371,283,366,284,361,284,354,285,346,286,337,286,328,287,321,287,315,287,311,287,hello
301,286,304,290,308,294,316,298,325,301,337,302,348,300,358,296,365,291,369,286,372,282,368,282,363,283,359,284,352,285,345,286,336,287,327,287,319,286,314,286,309,286,hello
300,285,303,289,308,294,315,298,325,301,336,301,348,300,357,296,364,290,368,286,371,281,367,281,362,283,358,284,352,285,344,286,335,286,326,287,319,286,313,286,309,285,hello
299,287,302,291,307,295,314,300,324,303,336,303,348,301,357,297,364,291,368,287,371,282,367,282,362,284,357,285,351,286,344,287,335,288,326,288,318,288,313,287,308,287,hello
299,289,302,294,307,298,314,304,324,307,336,307,348,305,358,300,364,294,368,289,371,283,367,283,362,286,357,287,351,289,344,290,335,291,326,292,318,291,313,290,308,290,hello
299,293,302,298,306,303,314,308,324,311,336,311,348,309,359,304,366,298,370,292,372,287,368,287,363,290,358,292,352,293,344,295,334,296,325,296,318,296,312,295,308,294,hello
299,297,302,302,307,307,315,312,325,315,337,315,349,313,359,309,367,303,371,297,374,291,370,291,364,295,360,297,353,298,345,300,336,301,326,301,319,301,313,300,308,299,hello
299,301,302,307,307,312,315,318,325,321,338,322,350,319,360,315,367,308,371,302,374,295,370,295,365,299,360,302,354,304,346,305,337,307,327,307,319,306,313,305,308,303,hello
298,303,301,309,306,316,314,322,324,326,337,326,350,324,361,318,368,311,373,304,375,297,372,297,366,302,361,305,355,308,346,311,336,312,326,312,318,311,312,309,308,307,hello
298,303,301,310,306,316,315,323,325,327,339,328,352,326,362,320,369,312,374,305,376,297,372,297,367,303,362,307,356,310,348,313,337,315,327,315,319,313,313,310,308,307,hello
299,303,302,310,307,316,315,322,325,326,338,327,351,325,361,319,368,312,372,305,374,298,370,298,366,303,361,306,355,308,347,311,337,312,327,312,319,311,313,309,309,307,hello
299,302,302,308,307,313,314,319,324,323,337,323,349,321,360,315,367,308,371,302,373,297,369,297,364,300,359,302,353,304,345,306,336,307,327,307,319,306,313,305,308,304,hello
300,302,303,308,307,313,315,319,325,322,337,323,350,321,360,315,367,308,371,302,373,296,370,296,364,300,360,302,353,304,346,306,336,307,327,307,319,306,313,305,309,304,hello
300,300,303,305,307,310,315,316,325,321,337,322,349,319,359,314,366,306,370,300,372,295,368,295,363,297,358,299,352,300,345,302,336,303,327,303,320,302,314,301,310,300,hello
300,299,303,304,307,309,314,316,324,320,336,320,349,318,359,312,366,305,370,300,373,295,369,295,363,296,359,297,352,299,344,300,335,302,326,301,319,301,313,300,309,300,hello
300,298,303,303,307,308,315,314,325,318,337,319,349,317,359,312,366,305,370,299,373,294,369,294,364,296,359,297,353,298,345,300,335,301,327,300,319,300,314,299,309,299,hello
301,298,304,302,308,308,316,314,325,319,338,319,350,317,360,311,367,304,371,298,373,293,370,293,364,294,359,296,353,297,345,298,336,300,327,299,320,299,314,298,310,298,hello
302,297,305,301,309,307,316,313,326,318,338,318,350,316,360,310,367,303,371,297,373,292,370,292,364,293,359,294,353,295,345,297,336,298,328,298,320,297,315,297,310,296,hello
300,296,303,300,308,306,315,312,325,316,338,316,350,314,360,309,367,302,371,296,373,291,370,292,364,292,359,293,353,294,345,295,336,296,327,296,320,296,314,296,309,295,hello
301,296,304,300,308,305,315,311,325,315,338,316,350,314,360,308,367,302,371,296,373,291,370,291,364,292,359,293,353,294,345,295,336,296,327,296,320,296,314,295,309,295,hello
300,296,303,300,308,305,315,310,325,314,337,314,350,312,360,307,367,301,371,296,374,291,370,291,364,292,359,292,353,293,345,294,336,295,327,295,319,295,314,295,309,295,hello
301,296,304,300,309,304,316,309,326,312,338,313,350,311,360,306,367,300,371,295,374,291,370,291,365,291,360,292,353,292,345,293,336,295,327,295,320,295,314,295,310,295,hello
303,296,306,300,310,304,318,308,327,311,339,312,350,310,360,306,367,300,372,295,374,291,371,291,365,292,360,292,354,293,346,294,337,295,328,295,321,295,315,295,311,295,hello
304,297,307,301,311,305,318,309,328,313,340,313,351,311,361,306,368,300,373,295,376,291,372,291,367,292,362,293,355,294,348,296,339,297,330,297,322,297,317,297,312,297,hello
305,298,308,302,313,306,320,310,330,313,342,314,353,312,363,307,370,302,374,297,377,293,374,292,368,294,364,295,358,296,350,297,341,298,332,298,324,298,318,298,314,298,hello
307,301,310,305,314,309,322,314,332,317,345,317,357,315,367,310,374,304,378,299,380,295,376,295,371,297,367,298,361,300,353,301,344,302,335,303,327,302,321,302,316,301,hello
309,305,312,310,317,316,324,321,335,325,347,325,359,323,369,318,376,311,379,305,382,299,378,299,373,303,369,305,363,306,355,308,346,309,337,310,329,309,323,308,318,307,hello
310,308,313,315,318,321,326,328,337,332,351,333,364,330,374,324,380,316,383,309,384,301,381,301,376,307,373,311,367,315,359,318,350,320,339,320,331,318,324,315,319,312,hello
309,307,312,314,318,321,326,329,337,334,351,335,364,332,374,325,381,317,384,309,386,301,382,301,378,307,374,312,368,316,360,319,350,321,339,321,331,319,324,315,319,312,hello
311,306,314,313,319,320,327,327,338,332,351,333,364,331,373,324,380,316,383,309,385,301,381,301,377,307,373,311,367,314,359,317,350,319,340,319,331,317,325,314,320,311,hello
311,305,314,310,319,316,327,322,338,327,351,328,363,325,372,320,378,313,382,306,384,300,380,300,375,304,372,306,366,309,359,311,350,312,340,312,332,311,325,309,320,307,hello
313,303,316,308,320,314,328,320,338,324,351,325,363,323,372,317,379,310,382,304,384,299,380,299,375,301,371,303,366,305,359,306,350,307,341,307,333,306,327,305,323,304,hello
313,303,316,308,320,313,328,319,338,323,350,324,363,322,372,316,379,310,382,304,384,299,380,299,375,301,371,303,366,304,359,306,350,307,340,307,333,306,327,305,322,304,hello
311,301,314,306,319,311,327,317,337,320,349,321,361,319,371,315,378,308,382,303,385,298,381,298,375,300,371,301,365,302,358,304,348,304,339,304,331,303,325,302,321,301,hello
312,300,315,305,320,311,327,316,337,320,350,321,362,319,371,314,378,308,382,302,385,297,381,297,376,299,371,300,366,302,358,303,349,304,340,304,332,303,326,302,321,301,hello
312,300,315,305,320,310,327,316,338,319,350,320,362,318,371,313,378,307,382,302,385,297,381,296,376,298,372,299,366,300,358,302,349,303,340,302,332,302,326,301,321,301,hello
312,299,315,304,319,309,327,315,337,319,349,320,361,318,370,313,377,307,382,301,384,296,381,296,375,297,371,298,365,299,357,301,348,301,339,301,331,301,325,300,320,300,hello
311,299,314,304,319,309,326,314,336,318,348,319,360,317,370,312,377,306,382,300,384,295,381,295,375,297,371,298,365,299,357,300,348,301,339,301,331,300,325,300,320,299,hello
311,300,314,304,319,309,326,314,336,317,348,318,360,316,369,312,376,306,381,301,384,296,380,296,375,297,370,298,364,299,356,300,347,301,338,301,330,301,324,300,320,300,hello
310,300,313,304,318,309,325,314,335,317,347,317,359,315,368,311,376,305,380,300,383,295,379,295,374,296,369,297,363,298,355,300,346,301,337,301,329,300,323,300,319,300,hello
308,300,311,304,316,308,324,312,333,316,345,316,356,314,366,310,373,304,377,299,380,294,377,294,371,295,367,296,361,297,353,298,344,299,335,299,327,299,321,299,316,299,hello
306,299,309,303,314,307,321,311,330,315,342,315,353,313,363,309,370,303,375,298,378,294,374,294,369,295,364,296,357,296,349,297,340,298,332,298,325,298,319,298,315,298,hello
303,298,306,301,311,305,318,310,327,314,339,314,350,313,360,308,368,303,372,298,375,293,372,293,366,294,361,295,355,296,347,297,338,298,329,298,321,298,316,297,311,297,hello
300,298,303,302,308,306,315,311,325,314,336,314,347,313,357,308,364,303,369,298,372,293,368,293,363,294,358,296,352,297,344,298,335,299,326,299,318,298,313,298,308,298,hello
297,299,300,303,304,307,311,312,321,315,332,316,344,314,354,309,361,304,366,298,369,293,365,293,360,296,355,297,349,298,341,300,331,301,323,301,315,300,310,300,305,299,hello
294,300,297,304,302,309,309,314,319,317,331,317,343,315,353,311,360,305,364,300,367,295,364,295,358,297,353,299,347,301,339,302,330,303,321,303,313,302,307,302,303,301,hello
291,301,294,306,299,311,306,315,316,318,328,319,340,317,350,313,358,307,362,302,365,297,361,297,355,299,351,301,344,303,337,304,327,305,318,305,311,304,305,304,301,303,hello
291,303,293,307,297,312,304,317,314,320,325,321,338,319,348,314,355,308,359,303,362,297,358,298,353,300,348,302,342,303,334,305,324,306,316,306,309,306,304,305,300,304,hello
289,304,291,309,295,314,302,319,311,323,323,323,336,321,346,317,353,310,358,305,360,299,356,299,351,302,346,304,340,306,332,308,323,309,314,309,307,308,302,307,298,305,hello
286,306,289,311,292,317,299,322,309,326,321,326,333,324,344,319,351,313,356,306,359,300,355,300,349,304,344,306,338,309,330,311,320,312,312,312,304,311,299,310,295,308,hello
284,307,286,313,290,319,297,325,306,329,318,330,331,328,341,322,349,315,354,308,357,301,354,301,348,306,343,309,336,312,327,314,318,316,309,316,302,315,296,312,292,310,hello
283,308,286,315,289,321,296,328,306,332,318,333,331,331,341,325,349,317,354,310,357,302,353,303,348,309,342,313,335,316,327,319,317,321,308,320,301,319,296,316,292,312,hello
282,309,285,316,289,323,296,330,305,335,317,336,330,334,340,328,348,319,353,312,355,303,352,304,346,310,341,314,335,318,326,321,316,323,307,323,300,321,295,317,291,314,hello
283,310,286,317,289,324,296,331,306,336,318,337,331,335,341,329,349,320,353,312,356,304,352,304,347,311,342,315,335,320,327,323,317,325,308,324,301,322,295,318,292,315,hello
283,310,286,317,290,324,297,331,306,336,318,337,331,334,341,329,349,320,353,313,356,305,352,305,347,311,342,316,335,320,327,323,317,325,308,324,301,322,296,319,292,315,hello
284,310,287,317,291,323,297,331,307,335,319,336,331,334,341,328,349,320,353,312,356,304,352,304,347,310,342,314,336,318,327,321,318,322,309,322,302,320,296,317,293,314,hello
283,308,286,314,289,320,296,327,305,331,317,332,329,330,340,324,348,316,353,310,356,303,352,303,346,307,341,309,334,312,325,314,316,316,307,316,300,315,295,313,292,311,hello
284,306,286,311,290,317,296,324,305,328,317,329,329,326,340,321,347,313,352,307,355,301,352,301,345,304,340,306,333,308,325,310,315,311,307,311,300,310,296,309,292,307,hello
285,305,287,310,290,316,297,322,306,326,317,327,329,325,339,319,347,312,352,306,356,300,352,300,346,302,340,304,333,306,325,308,315,309,307,309,301,308,296,307,293,306,hello
284,305,287,310,290,315,296,322,305,327,317,327,329,325,339,319,347,311,352,305,355,300,351,300,345,302,340,303,333,305,324,307,315,308,307,308,301,307,296,306,293,305,hello
284,305,286,310,290,315,296,321,305,325,317,326,329,324,339,318,347,311,352,305,355,300,351,300,345,302,340,303,333,305,324,306,315,308,307,307,301,307,296,306,292,305,hello
284,305,286,310,289,315,296,321,305,326,317,326,329,324,340,318,347,311,352,305,355,300,351,300,345,301,340,303,333,304,325,306,315,307,307,307,301,307,296,306,292,305,hello
283,305,286,310,290,315,296,321,305,325,317,326,329,324,340,318,347,311,352,305,355,300,351,300,345,301,340,303,333,304,325,306,315,307,307,307,300,306,296,306,292,305,hello
284,305,286,310,290,315,296,321,305,325,317,326,329,323,340,318,347,311,352,305,355,300,351,300,345,301,340,303,333,304,325,306,315,307,307,307,301,306,296,306,292,305,hello
283,305,286,309,290,314,296,320,306,324,317,325,329,322,340,317,347,310,352,304,355,299,351,299,345,301,340,302,333,304,325,305,315,307,307,307,301,306,296,305,292,305,hello
283,304,285,308,289,313,295,319,305,323,316,324,329,322,340,316,348,309,353,303,356,298,352,298,346,300,340,301,333,303,325,304,315,306,307,306,300,305,295,304,292,304,hello
283,303,285,308,289,313,295,319,305,323,316,323,329,321,339,315,347,308,352,302,355,297,351,297,345,299,340,301,333,302,324,304,315,306,306,306,300,305,295,304,291,304,hello
283,302,285,307,288,312,295,318,304,321,315,322,328,320,339,314,347,307,352,302,355,296,351,297,345,299,340,300,332,302,324,304,314,305,306,305,299,304,295,303,291,303,hello
282,303,284,308,288,312,294,318,303,321,314,322,327,320,337,314,345,307,350,301,354,296,350,296,344,298,338,300,331,301,323,303,313,305,305,305,298,304,294,304,291,303,hello
280,306,282,312,286,317,292,323,301,326,313,326,326,323,337,318,345,311,351,304,354,298,351,298,344,302,339,304,331,307,322,309,312,311,303,311,296,311,292,310,288,308,hello
281,306,283,312,286,317,292,323,301,326,313,326,326,324,337,318,345,311,351,305,355,298,351,298,344,302,339,305,331,308,322,310,312,311,303,312,297,311,292,310,289,308,hello
280,306,282,313,285,318,292,324,301,328,313,328,326,326,337,320,346,312,352,305,355,298,351,298,345,304,339,307,331,310,322,313,312,315,303,315,296,314,292,312,288,309,hello
281,307,283,313,286,319,292,325,301,329,313,330,326,327,338,321,346,313,352,305,356,298,352,298,346,304,340,307,332,310,323,313,312,315,303,315,297,314,292,312,289,310,hello
281,307,283,313,287,319,293,325,302,329,314,329,327,326,338,320,346,312,352,305,356,298,352,298,345,303,339,306,332,309,323,312,312,314,304,314,297,313,293,311,290,309,hello
282,305,284,311,287,317,294,323,303,328,314,328,327,325,338,319,346,311,352,303,355,297,351,297,345,301,339,303,332,306,323,309,313,310,304,311,298,310,294,308,291,306,hello
282,306,284,310,287,316,293,322,303,326,315,326,328,324,338,317,346,310,351,303,354,298,350,298,344,300,338,302,331,304,323,307,313,308,305,309,298,308,294,307,290,306,hello
282,305,284,309,288,314,294,321,303,325,315,325,328,323,338,317,345,309,350,303,353,298,349,298,343,300,338,301,331,303,323,305,313,307,305,307,298,306,294,306,290,305,hello
282,304,285,308,288,314,295,320,304,324,316,325,328,322,338,316,346,309,351,303,354,297,350,298,344,300,339,301,332,303,324,305,314,306,306,306,299,306,294,305,291,304,hello
282,303,285,308,289,313,295,320,304,324,316,325,328,322,338,316,346,309,351,302,354,296,350,297,344,299,339,300,332,302,324,304,314,305,306,305,299,305,294,304,291,303,hello
282,303,285,307,289,312,295,318,305,322,316,323,329,320,339,315,346,308,351,302,354,297,350,297,345,298,339,300,332,301,324,303,315,304,306,304,300,304,295,303,291,302,hello
284,303,287,307,290,313,296,319,306,323,317,323,329,320,339,315,347,307,352,301,355,296,351,296,345,298,340,299,333,301,325,303,315,304,307,304,301,304,296,303,292,303,hello
285,305,288,309,291,313,298,318,307,322,318,322,331,319,341,314,349,308,354,303,357,298,353,298,347,299,342,300,335,301,326,303,317,304,309,304,302,304,297,304,293,304,hello
287,305,289,309,293,313,299,318,308,321,319,322,332,319,342,314,350,308,355,303,359,298,355,298,349,299,343,300,336,301,327,303,318,304,310,304,303,304,298,304,295,304,hello
288,305,290,309,294,313,300,318,309,321,320,321,333,319,343,314,351,307,357,302,360,298,356,298,350,299,345,300,337,301,329,302,319,304,311,304,304,304,299,304,296,304,hello
289,304,292,308,295,312,302,317,310,320,321,321,334,318,344,313,352,307,357,301,360,297,357,297,351,298,345,299,338,300,330,301,320,303,312,303,306,303,301,303,297,303,hello
290,303,293,307,296,311,303,317,312,320,323,320,335,318,346,313,353,306,358,301,361,296,358,296,352,297,346,298,339,299,331,301,322,302,314,303,307,302,302,302,298,302,hello
291,303,293,307,297,311,304,316,313,320,325,320,337,318,347,312,354,305,359,300,362,296,358,296,352,297,347,297,340,298,332,300,323,302,315,302,308,301,303,301,299,301,hello
292,303,295,306,299,310,306,315,315,318,326,318,337,316,347,311,355,305,359,300,363,295,359,296,354,296,348,297,341,298,333,299,324,300,316,301,309,301,304,301,300,301,hello
292,303,295,306,299,310,306,315,315,318,325,318,337,316,347,311,355,305,361,300,365,296,361,296,355,296,349,297,342,297,333,299,324,300,315,300,309,300,303,301,299,301,hello
292,303,295,306,299,310,306,315,315,318,326,318,338,316,348,311,356,305,361,300,365,296,361,296,355,296,350,297,342,297,334,299,324,300,316,300,309,301,303,301,299,301,hello
292,303,295,306,299,310,306,315,315,318,326,318,338,316,348,311,357,305,362,300,366,296,363,296,356,296,351,297,343,298,334,299,325,301,316,301,309,301,304,301,300,301,hello
293,304,296,308,300,312,307,317,316,320,327,319,339,317,350,312,358,305,363,300,367,296,364,296,358,297,352,298,344,299,336,301,326,303,317,303,310,303,305,303,301,303,hello
294,306,297,310,302,314,309,318,319,321,330,321,342,319,353,314,360,307,365,302,369,297,366,298,360,299,354,299,347,301,339,302,329,304,320,304,313,304,307,305,302,305,hello
296,308,300,312,304,316,312,321,322,323,334,323,346,321,356,316,363,310,368,305,371,300,368,300,362,301,357,302,350,303,342,305,333,306,324,306,316,306,309,307,305,307,hello
298,308,301,311,305,315,312,319,322,322,333,322,344,319,354,315,362,309,367,304,370,300,367,300,361,300,356,301,349,302,340,303,331,305,323,305,315,305,310,306,306,306,hello
298,306,301,310,305,313,313,318,322,321,333,321,344,318,354,313,362,307,367,303,370,298,367,298,361,299,355,299,348,300,340,301,331,303,323,303,315,303,310,304,306,305,hello
298,304,301,308,305,312,312,317,321,320,332,320,344,318,353,313,361,306,366,301,369,297,366,297,360,297,355,298,348,299,339,300,330,302,322,302,315,302,310,303,306,303,hello
298,303,301,307,305,312,312,317,321,320,332,321,344,318,354,313,361,306,365,301,368,296,365,296,359,297,354,297,348,298,340,300,331,301,322,301,315,301,310,302,306,302,hello
297,302,300,306,304,311,311,317,321,321,332,321,343,319,353,313,360,306,364,300,367,296,363,296,358,296,353,296,346,297,339,299,330,300,321,300,314,300,309,300,305,301,hello
294,303,297,309,302,314,310,319,320,323,332,323,344,320,354,315,361,308,365,302,368,296,364,296,359,300,354,302,348,304,340,306,330,308,321,308,314,307,308,306,303,305,hello
293,305,296,311,301,316,309,322,320,325,332,326,344,323,354,317,361,310,365,304,368,298,364,298,359,302,354,304,348,307,340,309,331,311,321,311,313,310,307,309,302,307,hello
295,307,298,312,303,317,311,323,321,326,334,326,346,324,355,319,362,312,365,306,367,299,364,300,359,303,355,306,349,308,341,310,332,311,322,312,315,311,308,310,304,309,hello
295,309,298,315,303,320,311,325,321,329,333,329,345,326,355,321,362,314,366,308,368,302,364,302,359,306,355,308,349,310,341,312,331,313,322,314,314,313,308,312,304,311,hello
295,311,298,317,303,322,311,328,321,331,334,331,346,329,356,324,363,316,367,310,370,303,366,303,361,308,356,311,350,313,342,316,332,317,323,318,315,317,309,315,304,313,hello
296,311,299,317,304,323,313,329,323,332,335,332,348,330,357,324,364,317,368,310,370,303,366,303,361,308,357,310,351,313,343,315,333,317,324,317,316,317,310,315,305,314,hello
297,311,301,316,306,322,313,328,324,331,336,332,348,329,357,323,364,316,368,309,370,302,366,303,361,306,357,309,351,312,343,314,334,316,325,316,317,315,311,314,307,312,hello
298,309,301,314,306,319,313,325,323,329,335,329,348,326,357,320,364,313,367,306,369,301,366,301,361,304,356,306,350,308,343,311,334,312,325,312,317,312,311,311,307,310,hello
297,308,300,312,305,317,312,323,322,327,334,327,346,324,356,318,363,311,367,305,370,300,366,300,361,302,356,303,349,305,341,306,332,308,323,308,316,308,310,308,306,307,hello
298,307,301,312,305,317,312,323,322,327,334,327,347,324,357,318,363,311,367,305,370,300,366,300,361,302,356,303,350,304,342,306,332,308,324,308,316,308,311,307,306,307,hello
297,307,300,312,304,317,312,323,322,327,334,327,347,324,357,318,363,311,367,305,370,300,366,300,361,301,356,302,349,303,341,305,332,307,323,307,316,307,310,306,306,307,hello
298,308,301,312,305,317,313,323,322,326,334,326,346,324,356,318,363,311,367,305,370,300,366,301,360,302,356,303,349,304,341,306,332,307,323,307,316,307,311,307,306,307,hello
298,308,301,312,306,317,313,322,322,326,334,326,346,324,356,318,363,311,367,305,370,300,366,301,360,301,355,302,349,303,341,305,332,306,323,306,316,306,311,306,307,307,hello
298,307,301,311,306,315,313,321,322,325,334,325,345,322,355,317,362,310,366,304,369,300,366,300,360,300,355,301,348,302,341,304,332,306,323,306,316,305,311,305,306,306,hello
299,305,302,310,306,314,313,320,322,324,334,324,346,321,355,316,362,309,367,303,369,298,366,298,360,299,355,300,349,301,341,303,332,304,323,304,316,304,311,304,307,304,hello
298,304,301,309,306,313,313,319,322,323,334,323,346,321,355,315,362,308,366,303,369,298,366,298,360,299,355,300,349,301,341,303,332,304,324,304,316,304,311,304,307,304,hello
299,304,301,308,306,312,312,318,322,322,333,322,345,319,355,314,362,307,367,302,370,297,366,297,360,298,355,298,349,299,340,301,331,303,323,303,316,302,311,302,307,303,hello
299,303,301,307,306,312,313,317,322,320,333,321,345,318,355,313,362,306,366,301,369,297,366,297,360,298,355,298,349,299,341,301,332,302,323,302,316,302,311,302,307,302,hello
298,303,301,307,305,311,312,316,322,320,333,320,345,317,355,312,362,306,366,301,370,297,366,297,360,297,355,298,349,298,340,300,331,301,323,301,316,301,310,301,306,302,hello
298,302,301,306,305,311,313,316,322,319,334,320,346,317,356,312,363,305,367,300,371,296,367,296,361,296,356,297,349,298,341,299,332,301,324,301,316,301,311,301,306,301,hello
298,302,300,306,305,310,312,315,321,318,333,318,345,316,355,311,362,305,367,300,370,296,366,296,360,296,355,297,349,297,341,298,331,300,323,300,316,300,310,300,306,301,hello
297,302,300,305,305,310,312,315,322,318,333,318,345,316,355,311,363,304,367,300,370,295,367,296,361,296,356,296,349,297,341,298,332,300,323,300,316,300,310,300,306,300,hello
298,303,301,306,305,310,312,315,322,318,333,319,345,316,355,311,362,305,367,300,370,296,367,296,361,296,356,297,349,297,341,299,332,300,323,300,316,300,310,301,306,301,hello
299,305,302,308,307,312,314,316,323,319,334,319,346,317,356,312,363,306,367,302,371,297,367,298,362,298,357,298,350,299,342,300,333,302,324,302,317,302,311,302,307,303,hello
300,305,303,309,308,313,315,319,324,323,335,323,347,320,356,315,363,308,367,303,370,298,366,298,361,299,356,300,350,302,343,303,334,305,325,305,318,305,313,304,308,304,hello
298,306,302,312,307,318,315,324,325,328,337,328,350,326,360,320,367,313,370,306,373,299,369,299,364,304,359,307,353,310,345,312,336,314,326,314,318,313,312,311,308,309,hello
298,306,301,312,307,318,315,324,326,327,338,328,351,325,360,320,367,313,371,306,372,299,369,299,364,303,359,306,354,308,346,311,336,312,327,312,319,311,312,310,308,308,hello
298,305,301,311,306,317,314,323,325,327,337,328,350,325,360,319,366,312,370,305,372,298,368,298,363,302,358,305,352,307,345,309,335,311,326,311,318,310,312,309,308,307,hello
299,304,302,309,306,314,313,320,323,323,335,324,348,321,357,316,364,309,368,302,371,297,367,297,362,300,357,302,351,304,343,305,333,307,325,307,317,307,312,306,308,305,hello
299,302,302,306,306,311,313,316,322,320,334,320,346,318,356,312,363,306,367,300,369,295,365,295,360,297,355,299,349,300,341,302,332,303,324,303,317,303,312,302,308,302,hello
298,301,301,305,305,310,312,316,322,320,333,320,345,318,355,312,362,304,366,299,369,293,365,293,360,295,355,297,349,298,341,300,332,301,323,301,316,301,311,301,307,300,hello
297,300,300,304,304,309,312,314,322,318,333,318,345,316,355,310,362,303,366,298,369,293,365,293,360,294,355,295,349,296,341,298,332,299,323,300,316,299,310,299,306,299,hello
297,299,300,304,304,308,312,314,321,317,333,318,345,315,355,310,362,303,366,297,369,293,365,293,359,294,355,295,348,296,341,297,332,299,323,299,316,299,310,298,306,298,hello
297,300,300,304,304,308,312,314,322,317,333,317,346,315,355,309,362,303,366,297,369,293,365,293,360,294,355,295,349,296,341,297,332,299,323,299,316,299,310,299,306,299,hello
297,299,300,303,304,308,312,313,322,317,334,318,346,315,356,310,362,303,366,297,369,293,365,293,360,293,355,294,349,295,341,296,332,298,323,298,316,298,310,298,306,298,hello
297,299,300,303,304,307,312,313,322,316,334,317,346,314,356,309,363,302,367,297,370,292,366,292,361,293,356,294,349,295,341,296,332,298,323,298,316,298,310,298,306,298,hello
297,299,300,303,304,307,312,313,322,316,334,316,346,314,356,309,363,302,367,297,370,292,366,292,361,293,356,294,349,295,342,296,332,298,324,298,316,298,310,298,306,298,hello
297,299,301,303,305,308,312,313,322,316,334,316,346,314,356,309,363,302,368,297,370,292,367,292,361,293,356,295,350,296,342,297,333,299,324,299,316,299,311,299,306,299,hello
297,301,300,304,305,308,312,313,322,316,334,316,346,314,356,309,363,302,368,297,370,293,367,293,361,294,356,295,350,296,342,297,333,299,324,299,317,299,311,299,306,299,hello
298,301,301,305,305,309,313,314,323,317,334,317,347,315,356,310,364,304,368,298,371,294,367,294,361,295,357,296,350,298,342,299,333,300,324,301,317,301,311,301,307,300,hello
299,302,302,307,306,312,313,317,323,320,335,320,347,318,357,312,364,306,368,300,370,295,366,295,361,298,356,299,350,301,343,303,333,304,325,305,318,304,312,304,308,303,hello
299,306,301,311,305,317,312,323,323,326,335,327,348,324,358,318,365,311,369,305,371,299,367,299,362,302,357,305,351,307,343,309,334,311,324,311,317,310,312,309,308,308,hello
297,304,300,310,304,316,312,322,322,326,335,327,347,325,357,319,364,311,368,304,370,298,366,298,361,302,357,304,350,307,343,309,333,310,324,310,316,309,311,308,306,306,hello
298,303,301,308,305,313,313,318,322,322,334,322,346,320,356,314,363,308,367,302,369,296,365,296,360,298,356,300,349,301,342,303,333,304,324,305,317,304,311,304,307,303,hello
299,301,302,306,306,311,313,316,323,320,334,321,346,318,356,313,362,306,366,300,369,295,365,295,360,296,355,298,349,299,342,301,333,302,324,302,317,302,312,301,308,301,hello
299,301,302,305,306,310,313,316,322,320,334,320,346,317,356,312,363,305,367,299,370,294,366,294,361,296,356,297,349,298,342,300,333,301,324,301,317,301,312,301,307,300,hello
298,301,301,305,305,310,312,315,322,318,334,319,346,316,356,311,363,304,368,299,370,294,367,294,361,296,356,297,350,298,342,300,333,301,324,301,317,301,311,301,307,300,hello
298,300,301,304,305,308,313,314,323,317,335,317,347,315,356,310,363,304,368,299,370,294,366,294,361,295,356,296,350,297,342,299,333,300,324,300,317,300,311,300,306,299,hello
298,300,301,304,305,309,313,314,323,317,335,317,347,315,357,310,364,304,368,299,370,294,367,294,361,295,356,296,350,297,342,299,333,300,324,300,317,300,311,300,306,299,hello
299,299,301,303,305,307,312,312,322,315,333,316,345,314,356,309,363,303,368,298,370,293,367,293,361,294,356,295,349,296,341,297,332,298,323,298,316,298,311,298,307,298,hello
298,298,301,302,305,306,312,311,322,314,333,315,345,313,355,308,363,302,367,297,371,293,367,293,361,293,356,294,349,295,341,296,331,297,323,297,316,297,311,297,307,297,hello
298,298,301,302,305,307,313,312,322,315,334,315,345,313,355,308,362,302,367,297,370,292,366,292,361,293,356,294,349,295,341,296,332,298,323,298,316,298,310,298,306,298,hello
298,299,301,304,305,308,313,313,323,316,334,316,346,314,356,309,363,303,368,298,371,293,367,293,361,294,357,296,350,297,342,298,333,300,324,300,317,300,311,299,307,299,hello
300,303,302,308,306,313,313,318,323,321,335,321,347,319,357,314,364,307,368,301,371,296,367,296,361,299,357,301,350,302,343,304,333,305,325,306,318,305,313,305,309,304,hello
299,304,302,308,306,313,314,318,324,322,336,322,348,320,357,315,364,308,368,302,370,297,366,297,361,300,357,301,351,303,343,304,334,306,325,306,318,306,313,305,308,304,hello
298,300,301,304,305,309,312,314,322,318,334,318,346,316,356,311,363,304,367,299,370,293,366,293,361,295,356,296,350,298,342,299,333,300,324,301,317,300,311,300,307,300,hello
299,298,301,303,305,308,312,313,322,317,333,318,346,315,356,310,363,303,367,298,370,293,366,293,361,294,356,295,349,296,341,297,332,299,323,299,316,298,311,298,307,298,hello
298,298,301,303,305,307,312,313,322,316,333,316,346,314,356,309,363,302,368,297,371,292,367,292,361,294,356,295,349,296,341,297,332,299,323,299,316,299,311,298,307,298,hello
298,298,301,302,305,307,312,312,322,316,334,316,346,314,356,309,363,302,367,297,370,292,366,292,361,293,356,294,349,295,341,297,332,298,323,298,316,298,311,298,307,298,hello
298,298,301,302,305,307,312,312,322,315,334,316,346,314,355,309,362,302,367,297,370,292,366,292,361,294,356,294,349,295,341,297,332,298,324,298,316,298,311,298,306,298,hello
298,298,301,302,305,307,312,312,322,315,334,316,346,313,355,308,362,302,366,297,369,292,366,292,360,293,355,294,349,295,341,297,332,298,323,298,316,298,310,298,306,298,hello
298,298,301,302,305,306,312,311,322,315,333,315,345,313,355,308,363,302,367,297,370,292,366,292,361,293,356,294,349,294,341,296,332,297,323,297,316,297,310,297,306,297,hello
298,298,301,301,305,305,312,310,322,313,333,314,345,312,355,307,363,301,367,296,370,292,367,292,361,292,356,293,349,293,341,294,331,295,323,296,316,295,310,296,306,296,hello
298,297,301,300,305,304,312,309,321,312,333,313,345,311,355,306,363,300,367,295,370,291,367,291,361,291,356,291,349,292,341,293,331,294,323,294,316,294,310,295,306,295,hello
298,296,301,300,305,303,312,308,322,312,333,312,345,310,356,305,363,299,367,295,370,290,367,290,361,291,356,291,349,291,341,292,331,293,323,294,316,294,310,294,306,294,hello
299,295,302,299,306,303,313,308,322,311,333,311,345,309,356,305,363,299,368,294,371,290,367,289,361,290,356,290,349,291,341,292,332,293,323,293,316,293,311,293,307,294,hello
298,295,301,298,306,302,313,307,322,310,334,310,346,308,356,304,363,298,368,293,371,289,368,289,362,289,356,289,349,289,341,290,332,291,323,292,316,292,310,292,306,293,hello
298,294,302,298,306,302,314,307,323,310,335,310,346,308,356,303,364,297,368,292,372,288,368,288,362,288,357,288,350,288,342,290,333,291,324,291,317,291,311,292,307,292,hello
299,293,302,297,307,301,314,306,324,309,335,309,346,307,356,302,364,296,369,291,372,286,369,286,363,286,358,287,351,287,342,289,333,290,325,290,317,290,311,291,307,292,hello
299,292,302,296,307,299,314,304,323,307,334,307,345,305,355,300,363,294,368,290,372,286,368,286,363,286,357,286,350,286,342,288,333,289,324,289,317,289,311,290,307,291,hello
299,291,302,295,306,298,313,303,322,305,333,305,345,303,355,299,363,293,368,289,372,285,369,284,363,285,358,285,350,285,342,286,332,288,324,288,316,288,311,289,307,290,hello
299,291,302,295,307,298,314,303,323,305,334,305,346,303,356,299,364,293,369,289,373,284,369,284,363,284,358,285,351,285,342,286,333,287,325,288,317,288,311,289,307,289,hello
299,291,302,295,307,298,314,303,323,305,334,305,346,303,356,299,364,293,369,289,372,285,369,285,363,285,358,285,350,285,342,286,333,287,324,287,317,288,311,289,307,290,hello
299,293,303,296,307,299,314,303,324,306,335,306,346,304,357,300,364,294,370,290,373,286,370,286,364,286,358,286,351,286,343,287,333,288,325,288,317,289,312,290,307,291,hello
300,294,303,297,308,301,316,306,325,309,336,309,347,307,357,302,364,296,369,291,372,287,369,287,363,287,358,287,352,288,344,289,335,290,326,290,318,291,312,291,308,292,hello
301,295,304,298,308,302,316,306,325,309,336,309,348,307,357,302,364,296,369,291,372,287,369,287,363,287,358,287,351,288,343,289,334,290,326,291,319,291,313,292,309,293,hello
300,295,303,300,308,304,315,309,325,312,337,312,349,310,359,305,366,298,370,293,372,287,369,287,363,290,359,292,353,293,345,295,336,296,327,297,319,296,314,296,309,295,hello
300,295,303,300,307,304,315,310,325,313,337,313,350,310,360,305,367,299,371,293,373,288,369,288,364,291,359,293,353,294,345,296,336,297,327,298,319,297,313,297,309,296,hello
299,296,302,301,307,306,316,311,326,314,339,314,351,311,361,306,368,299,372,294,374,288,370,288,364,291,360,293,354,294,346,296,337,298,328,298,320,298,314,298,309,297,hello
301,298,304,302,309,307,316,312,327,315,339,315,351,313,361,308,368,302,372,296,374,290,370,290,365,293,361,295,355,297,347,299,337,300,328,300,320,300,315,299,310,298,hello
301,300,304,306,308,311,316,316,326,319,339,319,352,317,362,311,369,305,373,299,375,293,371,292,366,296,361,298,355,300,347,302,338,304,328,304,320,304,315,303,310,302,hello
300,303,303,308,308,314,316,320,327,323,339,324,352,321,362,315,369,308,373,302,375,295,371,295,366,299,362,302,356,305,348,307,338,309,328,309,320,308,314,306,309,305,hello
299,304,302,311,307,317,316,323,327,327,340,327,354,325,364,319,371,311,375,304,377,296,373,296,368,302,364,306,357,309,349,312,339,314,328,314,320,313,314,311,309,308,hello
299,304,303,311,308,318,317,324,328,328,341,328,354,325,364,320,370,312,374,305,376,297,372,297,368,303,363,307,358,311,350,314,340,316,330,316,321,314,314,312,309,309,hello
299,305,302,312,308,318,316,324,328,328,341,328,354,326,364,320,371,312,375,305,376,297,372,297,368,303,364,307,358,311,350,314,340,315,329,316,321,314,314,312,309,309,hello
300,304,303,310,309,316,317,322,327,326,340,326,353,324,363,318,370,310,374,304,376,297,372,297,368,302,363,304,357,307,349,309,339,311,329,311,321,310,314,309,309,307,hello
300,303,302,308,307,314,315,319,326,323,338,323,351,320,361,315,368,308,372,302,374,296,370,296,365,299,361,301,355,304,347,306,337,307,328,308,320,307,313,306,309,304,hello
301,300,304,305,308,310,315,316,325,319,337,320,350,317,360,312,367,304,371,298,373,293,369,293,364,295,359,297,353,298,345,300,336,302,327,302,320,301,314,301,310,300,hello
301,298,304,303,308,307,316,312,326,316,338,316,350,313,360,308,367,302,371,297,373,292,370,292,364,293,360,295,353,296,346,297,336,299,327,299,320,299,314,298,310,298,hello
300,298,303,302,307,306,315,312,325,315,337,315,349,313,359,308,366,301,371,296,373,291,369,291,364,292,359,293,352,294,344,296,335,297,326,297,319,297,313,297,309,297,hello
300,297,303,301,307,305,315,310,325,314,337,314,349,312,359,307,366,301,371,296,373,291,369,291,364,292,359,293,352,294,344,295,335,296,326,296,319,296,313,296,308,296,hello
300,297,303,301,307,305,315,310,325,313,337,313,349,311,359,306,366,300,370,295,373,291,369,291,364,292,359,292,352,293,344,295,335,296,326,296,319,296,313,296,308,296,hello
299,297,303,301,307,304,315,309,324,312,336,312,348,310,358,305,365,300,370,295,373,291,369,291,363,291,358,292,352,292,344,293,334,295,326,295,318,295,312,295,308,296,hello
301,297,304,301,308,304,315,309,325,312,336,312,348,310,358,306,365,300,369,295,372,291,368,291,363,291,358,292,352,292,344,293,335,294,326,295,319,295,313,295,309,296,hello
300,297,303,301,308,304,315,309,325,312,337,312,349,310,359,305,366,299,370,295,373,290,369,290,364,291,359,291,352,292,344,293,335,294,326,294,319,295,313,295,308,296,hello
300,297,303,300,308,304,315,308,325,311,336,311,348,309,358,305,365,299,370,295,372,291,369,291,363,291,358,291,352,291,344,292,334,294,326,294,318,294,313,295,308,295,hello
300,296,303,300,307,303,315,308,324,311,336,311,348,309,358,305,365,299,369,294,372,290,369,290,363,290,358,291,351,291,343,292,334,294,325,294,318,294,312,294,308,295,hello
300,296,303,300,307,304,315,308,324,311,336,311,348,309,358,305,365,299,370,294,372,290,369,290,363,291,358,291,352,291,343,292,334,294,325,294,318,294,312,294,308,295,hello
301,297,303,301,307,306,315,310,324,313,336,313,349,311,359,306,366,300,370,295,372,290,369,290,363,292,358,293,352,295,344,296,335,297,326,298,319,298,313,297,309,297,hello
299,301,302,306,307,311,315,317,325,320,338,320,351,318,361,312,368,305,371,299,373,292,369,293,364,296,360,298,354,300,346,302,336,304,327,304,319,304,313,303,309,302,hello
298,304,301,311,306,317,315,324,326,328,340,329,354,326,364,320,371,311,374,304,375,296,371,297,367,303,363,307,357,310,349,314,339,316,328,316,320,314,313,311,308,308,hello
299,305,302,312,307,318,315,325,326,329,340,329,354,326,364,320,371,312,374,305,376,297,372,297,367,304,363,308,357,312,349,315,339,317,328,317,320,315,314,313,309,309,hello
298,303,301,308,306,313,314,319,325,323,337,323,350,321,360,315,367,308,371,302,373,296,369,296,364,299,359,302,353,304,346,306,336,308,327,308,319,307,313,306,308,304,hello
300,300,303,305,307,311,315,317,325,321,337,321,350,318,360,312,366,305,370,299,373,293,369,293,363,296,359,297,353,299,345,301,336,302,327,303,319,302,314,301,310,301,hello
301,299,304,303,308,308,315,314,326,318,338,318,350,316,360,310,366,303,370,297,372,292,368,292,363,294,359,295,353,296,345,298,336,300,327,300,320,299,314,299,310,298,hello
300,299,303,303,307,308,314,314,325,317,337,317,349,315,359,310,366,303,370,297,372,293,368,293,363,294,358,295,352,297,345,298,335,299,327,300,319,299,314,299,310,299,hello
301,299,304,303,308,308,316,313,326,317,338,317,350,315,360,309,367,303,371,297,373,293,369,292,364,294,359,295,353,296,346,297,336,299,328,299,320,298,314,298,310,298,hello
301,299,305,303,309,308,316,313,326,316,338,317,350,314,360,309,367,302,371,297,373,293,370,292,364,294,360,295,353,296,346,297,336,299,328,299,320,299,315,298,310,298,hello
302,299,305,303,309,308,317,313,327,316,339,317,351,314,360,309,367,302,371,297,373,293,370,293,364,294,360,294,354,296,346,297,337,299,328,299,321,298,315,298,311,298,hello
302,300,305,303,309,307,317,313,327,316,339,316,351,314,361,309,367,302,371,297,374,293,370,293,365,294,360,295,354,296,347,298,337,299,329,299,321,299,315,299,311,299,hello
302,300,305,304,310,308,317,313,327,316,339,316,351,314,361,309,368,303,372,298,374,293,371,293,365,294,361,295,354,296,347,298,338,299,329,299,321,299,315,299,311,299,hello
303,300,306,304,310,308,318,312,328,315,339,315,351,313,361,309,368,303,372,298,375,294,371,293,366,295,361,295,355,296,347,298,338,299,329,299,322,299,316,299,311,299,hello
303,300,306,304,310,308,318,312,328,316,339,316,351,314,361,309,368,303,372,298,375,293,371,293,366,294,361,295,355,296,347,297,338,299,329,299,321,299,315,299,311,299,hello
303,300,306,303,310,307,317,312,327,315,339,315,351,313,360,308,367,302,372,298,374,294,371,294,365,294,361,295,355,296,347,297,338,299,329,299,321,299,315,299,311,299,hello
301,298,305,302,310,306,318,311,328,314,340,314,351,312,361,307,368,302,373,297,376,293,372,293,367,293,362,293,355,293,348,294,338,295,329,295,321,295,315,296,310,297,hello
300,297,304,301,309,305,317,310,327,313,339,313,351,311,361,306,368,301,373,296,376,292,373,292,367,292,362,292,355,292,347,294,338,295,329,295,320,295,314,295,309,296,hello
300,297,303,300,308,304,316,309,326,312,337,312,349,310,359,305,366,299,371,295,375,291,371,291,366,291,361,291,354,291,346,292,336,294,327,294,319,294,313,295,308,295,hello
299,296,303,300,307,303,315,307,325,310,336,310,348,308,358,304,366,298,371,294,374,290,370,290,365,290,360,290,353,290,345,291,335,293,326,293,319,293,312,294,308,295,hello
299,296,303,300,307,304,315,309,324,312,336,312,348,310,358,305,366,299,371,294,374,290,371,290,365,290,359,290,352,290,344,291,334,293,326,293,318,293,312,294,308,295,hello
299,297,302,300,307,304,314,308,324,311,336,311,347,309,357,305,364,299,369,295,372,291,369,291,363,291,358,291,351,291,343,292,334,293,325,293,318,293,312,294,307,295,hello
298,297,302,302,306,307,314,312,324,315,336,315,348,312,357,307,364,300,368,295,371,289,367,289,362,292,358,294,352,296,344,297,335,299,326,299,318,299,312,298,307,298,hello
295,299,298,304,303,310,311,315,322,318,335,318,348,315,358,310,365,303,368,297,370,291,366,291,361,294,357,296,351,298,343,300,333,301,324,302,316,302,310,301,305,300,hello
295,300,298,305,303,310,311,315,322,318,335,318,348,316,358,310,365,303,368,297,370,292,366,292,361,295,357,297,351,299,343,301,333,303,323,303,315,303,309,302,304,301,hello
295,300,298,306,302,311,310,316,321,320,334,319,347,317,358,311,365,304,369,298,371,292,367,292,362,296,357,298,351,301,343,303,333,304,323,305,315,304,309,303,304,302,hello
295,301,298,307,302,313,310,318,320,322,333,322,347,319,357,313,365,306,369,299,371,292,367,292,362,297,357,301,350,304,342,306,332,308,322,308,315,307,309,306,304,304,hello
294,301,297,307,302,312,310,318,320,321,333,321,347,319,357,313,365,306,369,299,371,292,367,292,362,297,357,300,351,303,342,306,332,307,322,308,314,307,308,305,304,303,hello
294,303,297,310,302,317,311,324,322,328,336,328,349,325,359,318,366,310,370,302,372,293,368,294,363,301,359,305,353,309,344,313,334,315,324,315,315,314,309,311,304,307,hello
294,303,298,311,304,317,312,324,323,328,336,328,349,325,359,319,365,310,369,302,371,294,367,294,363,301,358,305,352,309,344,312,334,314,324,314,316,313,309,310,304,307,hello
294,304,297,311,303,318,312,324,323,329,336,329,350,325,360,319,366,310,370,302,372,294,368,294,363,301,359,305,353,309,345,312,334,314,324,315,316,313,309,311,304,308,hello
294,303,297,309,302,315,310,320,321,324,334,324,347,321,357,316,363,308,367,302,369,295,365,295,360,300,356,302,350,305,342,307,333,309,323,309,315,309,308,307,304,305,hello
296,301,299,306,303,311,311,316,321,320,333,320,346,318,356,312,362,305,366,300,368,294,364,294,359,297,354,299,349,301,341,303,332,304,323,304,315,303,310,302,305,301,hello
296,299,299,303,303,308,310,313,320,317,332,317,345,315,355,309,361,303,365,297,367,292,363,293,358,294,354,296,348,297,340,299,331,300,322,300,315,300,309,299,305,299,hello
296,298,299,303,303,307,310,313,320,316,332,317,345,314,354,309,361,302,365,297,367,292,363,292,358,293,353,294,347,295,340,296,331,297,322,298,315,297,309,297,305,297,hello
296,298,299,302,303,306,310,312,321,316,333,316,345,314,355,308,361,301,365,296,368,292,364,292,358,292,354,293,348,293,340,295,331,296,322,296,315,296,309,296,304,296,hello
296,298,299,301,303,306,310,311,320,315,332,315,344,313,354,307,361,301,365,296,367,292,364,292,358,292,353,292,347,292,339,294,330,295,321,295,314,295,309,295,304,296,hello
296,297,299,300,303,305,310,310,320,314,332,314,344,312,354,307,361,300,365,295,368,291,364,291,358,291,353,291,347,291,339,293,330,294,322,294,314,294,309,294,305,295,hello
296,297,299,301,303,305,311,310,320,313,332,314,344,311,354,306,361,300,365,295,368,291,364,291,358,291,354,291,347,292,339,293,330,294,322,294,314,294,309,295,305,295,hello
295,296,299,300,303,304,311,309,321,313,333,313,345,311,354,306,361,300,366,295,368,291,365,291,359,291,354,291,348,291,340,292,331,293,322,293,315,293,308,294,304,295,hello
296,295,299,299,303,303,311,308,320,312,332,312,344,310,354,305,362,299,366,294,369,290,366,290,360,290,355,290,348,291,340,292,331,293,322,293,315,293,309,293,304,294,hello
296,295,299,298,303,302,311,307,321,310,333,310,345,308,355,304,362,298,367,293,370,289,367,289,361,289,356,289,349,290,341,291,332,292,323,292,315,292,309,293,304,293,hello
295,294,299,298,303,302,311,306,321,309,333,309,345,307,355,303,362,297,367,292,370,288,366,288,361,288,356,288,349,289,341,290,332,291,323,291,315,291,309,292,304,293,hello
296,294,299,298,304,301,311,306,321,309,333,309,345,307,355,303,363,297,368,292,371,288,367,288,362,288,357,288,350,288,342,289,332,290,323,290,315,291,309,291,304,292,hello
297,293,300,297,304,301,312,306,321,309,333,309,345,308,355,303,362,297,367,292,370,288,366,288,361,288,356,287,349,288,341,288,332,290,323,290,315,290,309,290,305,291,hello
298,293,301,297,306,300,313,305,322,309,334,309,345,307,355,302,363,296,367,292,370,288,367,288,361,288,356,288,349,288,342,289,332,290,324,290,316,290,311,291,306,291,hello
298,295,301,298,305,302,312,307,322,311,333,311,345,308,355,303,362,297,366,292,369,288,365,288,360,288,355,289,349,290,341,291,332,292,323,292,316,292,311,293,307,293,hello
296,297,299,302,304,307,312,312,323,315,335,316,348,313,358,308,365,302,369,296,371,290,367,290,362,293,357,295,351,297,344,299,334,300,324,301,316,300,310,299,305,298,hello
296,299,299,304,303,309,311,314,321,318,334,318,347,315,357,310,364,303,368,297,370,291,366,291,361,295,356,297,350,299,342,301,332,302,323,303,315,302,309,301,305,300,hello
295,299,298,305,303,309,311,315,322,318,334,318,347,316,357,310,364,303,368,297,370,291,366,292,361,295,356,297,350,299,343,301,333,303,323,303,316,303,309,302,305,301,hello
295,300,298,305,302,311,310,317,321,320,334,320,347,318,357,312,365,305,369,299,371,292,366,292,361,296,357,299,350,301,342,303,332,305,323,305,315,304,309,303,304,301,hello
294,300,297,306,302,312,310,319,320,323,334,323,348,320,358,314,366,306,370,299,372,292,367,292,362,297,358,301,351,304,343,307,332,309,322,309,314,307,308,305,304,303,hello
293,301,297,307,302,314,310,320,321,325,334,325,348,322,358,316,366,308,370,300,372,292,368,293,363,299,358,303,352,306,343,310,333,312,322,311,314,310,308,307,303,304,hello
294,303,297,310,302,316,310,323,321,328,335,328,349,325,360,319,367,310,370,302,372,294,368,295,363,301,359,306,352,310,344,313,334,316,323,315,315,314,309,311,304,307,hello
296,303,299,311,303,318,311,325,322,329,336,330,350,327,360,320,366,311,370,304,371,296,367,296,363,303,359,307,353,312,345,315,335,318,324,317,316,315,310,312,305,308,hello
295,305,298,312,302,319,311,326,322,331,336,331,349,328,359,322,366,313,370,305,371,297,367,297,362,304,358,308,352,311,344,315,334,317,324,317,316,315,309,312,305,309,hello
295,304,298,310,303,316,311,322,321,326,334,327,346,324,356,318,363,311,367,304,369,297,365,297,360,302,356,305,350,307,342,310,333,311,323,312,315,311,309,309,305,307,hello
296,302,299,307,303,312,311,319,321,323,334,323,347,320,357,315,363,307,367,301,369,296,364,296,359,299,355,301,349,303,342,305,332,306,323,306,316,305,310,304,306,303,hello
297,299,300,303,304,309,311,315,321,319,333,319,346,317,356,311,362,304,366,298,368,293,364,293,359,294,354,296,348,297,341,298,332,300,323,300,316,299,310,299,306,298,hello
297,296,300,300,304,306,311,312,321,315,333,316,346,314,355,308,362,301,365,296,368,291,364,291,358,292,354,292,348,293,341,294,332,295,323,295,316,295,310,295,306,295,hello
296,296,299,300,303,304,310,310,321,314,333,314,345,312,355,307,361,300,365,295,367,291,363,291,358,290,353,290,347,291,340,292,331,293,322,293,315,293,309,294,305,294,hello
295,294,298,297,302,301,309,305,318,308,329,308,341,306,351,302,359,296,364,292,367,288,363,288,358,288,353,287,346,287,337,288,328,289,320,290,312,290,307,291,303,292,hello
294,294,297,297,302,300,309,305,319,308,330,308,342,306,352,302,359,296,364,292,367,288,363,288,358,287,353,287,346,287,338,288,329,289,320,289,313,290,307,290,302,291,hello
294,292,297,295,301,299,308,303,318,306,329,306,341,304,351,300,359,295,363,291,367,287,363,286,358,286,352,286,345,286,337,287,328,288,319,288,312,288,306,289,302,290,hello
294,291,297,295,301,298,308,303,317,305,328,305,340,304,350,299,358,294,363,290,367,286,363,285,358,285,352,285,345,286,337,286,327,288,319,288,311,288,306,289,302,290,hello
293,292,297,296,301,299,308,303,318,306,329,306,341,304,351,299,358,294,363,290,366,286,363,286,357,286,352,286,345,286,337,287,328,288,319,288,312,289,306,290,301,290,hello
294,293,297,296,301,299,308,303,318,306,329,306,340,304,350,300,358,295,363,291,366,287,363,287,357,287,352,286,345,286,337,287,327,288,319,289,312,289,306,290,302,291,hello
293,294,296,298,301,301,308,305,317,307,328,307,340,305,350,301,357,296,362,292,365,288,362,288,356,288,351,288,344,289,336,290,327,291,318,291,311,291,305,292,301,293,hello
293,296,296,299,300,302,307,307,316,309,327,309,339,307,349,303,356,297,361,293,365,289,361,289,356,289,350,289,343,290,335,291,326,292,318,293,311,293,305,294,301,294,hello
293,297,295,302,300,307,307,312,317,315,329,315,341,312,352,307,359,301,363,295,366,290,362,290,356,293,352,294,345,296,337,297,328,299,319,299,311,299,306,299,301,298,hello
291,298,293,303,298,309,305,314,316,317,328,317,341,315,351,309,359,302,363,296,365,290,361,290,356,294,351,296,345,298,337,300,327,301,318,302,310,301,304,301,300,300,hello
290,299,293,305,298,310,305,316,316,319,328,319,342,316,352,311,360,304,364,297,366,291,362,291,357,295,352,298,345,300,337,302,327,304,318,304,310,304,304,303,300,301,hello
291,301,294,306,298,311,306,317,317,320,329,320,343,318,353,313,360,306,364,300,366,294,362,294,357,298,352,300,346,302,338,304,328,305,319,306,311,305,305,304,301,303,hello
292,305,295,310,300,315,308,321,319,324,331,324,343,322,352,317,359,311,363,305,365,298,361,298,356,302,352,304,346,305,339,307,329,308,320,309,312,308,306,307,302,306,hello
293,308,296,313,301,318,309,324,319,327,331,327,343,325,353,320,360,313,364,307,366,301,362,301,357,305,353,307,346,309,339,311,330,312,320,312,313,312,307,311,302,309,hello
293,308,297,314,301,320,309,325,319,329,331,329,343,327,353,322,360,314,364,308,366,302,363,301,357,305,353,308,347,310,339,312,330,313,320,313,313,313,307,312,302,310,hello
294,308,297,314,301,319,309,325,319,328,331,329,343,326,353,321,360,314,364,307,366,301,362,301,357,305,352,307,346,309,338,311,329,313,320,313,313,312,307,311,303,310,hello
294,308,297,314,301,319,309,325,319,329,331,329,343,327,353,321,360,314,364,308,366,301,363,301,357,305,353,307,346,309,339,311,329,313,320,313,313,312,307,311,303,310,hello
294,307,297,313,302,318,309,324,319,328,331,329,343,326,353,321,359,314,363,307,366,301,362,301,356,304,352,306,346,308,338,310,329,312,321,312,314,311,308,310,304,308,hello
295,306,298,311,302,316,309,322,319,326,330,326,342,324,352,318,358,311,362,305,365,299,361,299,356,301,351,303,345,304,338,306,329,308,320,308,313,307,308,306,304,306,hello
293,303,296,308,300,313,308,319,318,324,329,324,341,322,351,316,358,309,363,303,365,297,362,297,356,299,351,300,345,301,337,303,328,304,319,304,312,304,306,303,302,303,hello
294,304,297,308,301,313,308,319,318,324,330,324,342,322,352,316,358,308,363,303,365,298,362,298,356,299,351,300,345,301,337,302,328,303,319,303,312,303,307,303,303,303,hello
293,302,296,307,300,312,307,318,317,322,329,322,341,320,351,314,358,307,362,301,365,296,362,296,356,297,351,298,345,299,337,301,327,302,319,302,311,302,306,302,301,302,hello
292,302,295,307,300,311,307,317,317,321,329,321,342,319,352,314,359,307,363,301,366,296,362,296,356,297,351,298,345,299,337,301,328,302,319,302,311,302,305,302,301,302,hello
292,303,296,307,300,312,307,318,317,321,329,322,341,319,351,314,358,307,362,302,365,297,362,297,356,297,351,298,345,299,337,300,328,302,319,302,312,302,306,302,301,302,hello
294,304,297,308,301,312,308,317,318,320,330,320,342,318,352,313,359,307,363,302,366,297,362,297,356,298,352,299,345,300,337,301,328,302,320,303,312,303,306,303,302,303,hello
293,304,297,308,301,312,308,317,318,320,330,320,342,318,352,312,359,306,364,301,367,297,363,297,358,298,353,299,346,300,338,301,329,302,320,303,313,303,307,303,302,303,hello
295,304,299,308,303,312,311,317,320,320,332,320,344,318,354,313,360,307,364,302,367,297,364,297,358,298,354,299,347,301,340,302,331,304,322,304,315,304,309,304,304,303,hello
297,306,300,310,304,314,312,319,322,322,333,322,345,320,355,315,362,309,366,304,369,299,365,299,360,301,355,302,349,303,341,305,332,306,323,307,316,306,310,306,305,306,hello
298,309,301,313,306,318,314,323,324,326,336,326,348,323,357,318,364,312,367,307,369,302,366,302,361,304,356,306,351,307,344,309,335,311,326,311,318,310,312,310,308,309,hello
299,313,302,318,307,323,314,328,324,332,337,332,349,329,358,324,365,317,369,312,371,306,367,306,362,309,358,312,352,314,345,316,336,318,327,318,319,317,313,316,308,314,hello
300,316,302,322,307,327,314,333,325,337,337,337,349,334,358,329,365,321,368,315,370,309,367,309,362,313,358,316,352,319,345,321,336,323,326,323,319,322,313,321,308,319,hello
300,317,303,324,307,330,315,337,325,341,338,341,350,338,360,332,366,324,370,316,372,309,368,309,363,315,359,318,353,322,346,325,336,327,327,327,319,326,313,323,309,321,hello
301,316,303,323,308,329,315,336,325,340,337,340,349,337,359,331,365,323,369,316,371,308,367,308,362,313,358,316,352,320,345,322,336,324,327,324,319,323,314,321,309,319,hello
300,314,303,320,308,326,316,332,326,336,338,336,349,334,358,328,365,320,368,313,370,306,367,306,362,311,358,313,352,316,345,319,336,321,327,321,319,320,313,318,309,316,hello
300,312,303,317,307,322,315,327,325,331,337,331,349,329,358,323,365,317,368,311,370,305,367,305,362,308,358,310,352,311,345,313,336,315,327,315,319,314,313,313,309,312,hello
300,309,303,314,307,319,314,324,324,328,336,328,348,326,357,321,364,314,368,308,370,303,367,303,362,305,357,307,352,308,344,310,335,312,326,312,319,311,313,310,309,310,hello
301,309,303,314,307,319,315,325,324,329,336,329,348,326,358,321,365,314,368,309,371,304,367,304,362,305,358,306,352,307,344,309,335,311,327,311,319,310,313,310,309,309,hello
301,310,304,314,308,319,315,325,325,328,337,329,348,326,358,321,364,314,368,309,370,304,367,304,362,305,357,306,352,307,344,308,335,310,327,310,319,310,313,309,309,309,hello
301,310,303,314,308,319,315,325,325,328,337,328,349,326,358,321,365,314,368,309,371,304,367,304,362,305,358,306,352,308,345,309,336,311,327,311,319,310,313,310,309,310,hello
300,310,303,314,307,319,315,324,324,327,336,327,348,325,358,320,364,313,368,308,370,304,367,304,362,305,357,306,352,307,344,309,335,310,326,310,319,310,313,310,308,309,hello
300,309,303,313,308,317,315,322,325,326,337,326,348,324,358,319,364,312,368,307,371,302,367,302,362,303,358,303,352,304,344,306,335,307,326,307,319,307,313,307,308,308,hello
300,308,303,312,307,317,315,322,325,325,336,325,348,323,358,318,365,311,369,306,371,302,368,302,362,302,358,303,352,304,344,305,335,307,326,307,318,307,312,307,308,307,hello
300,308,303,312,307,316,315,321,325,325,336,325,348,323,358,318,364,311,368,306,371,301,368,301,362,302,358,302,352,303,344,305,335,306,326,306,318,306,312,307,308,307,hello
300,308,303,312,307,316,315,321,325,325,337,325,348,322,358,317,365,311,369,306,371,301,368,301,362,302,358,302,352,303,344,305,335,306,326,307,318,306,312,307,308,307,hello
300,308,303,312,307,316,315,321,325,324,336,325,348,322,357,317,364,311,368,305,371,301,367,301,362,302,357,302,351,303,344,305,335,306,326,307,318,306,312,307,308,307,hello
299,307,302,311,307,316,315,320,325,323,336,323,348,321,357,316,364,310,368,305,370,301,367,301,362,302,357,303,351,304,344,305,335,307,326,307,318,307,312,307,308,307,hello
298,308,301,313,306,317,314,323,324,326,336,326,348,324,357,318,364,312,368,306,370,300,366,300,361,303,357,305,351,307,344,309,335,310,326,311,318,310,312,310,308,309,hello
297,309,300,315,305,320,313,326,324,329,337,329,349,327,358,321,365,314,368,308,370,302,367,302,361,306,357,308,352,310,344,312,335,313,326,313,318,313,312,312,307,311,hello
298,311,301,317,305,322,313,328,324,332,337,332,349,330,359,324,365,316,369,309,371,303,367,303,362,307,358,310,352,313,345,315,335,317,326,317,318,316,312,315,307,313,hello
296,311,300,318,305,324,313,331,324,335,336,335,349,333,359,327,365,319,369,311,371,303,367,304,362,309,358,313,352,317,345,320,335,321,325,322,317,320,311,318,306,315,hello
296,312,299,318,304,325,312,331,322,335,335,335,348,333,358,327,365,319,369,311,371,304,367,304,362,310,358,314,352,317,344,320,334,322,324,322,316,321,310,319,305,316,hello
296,311,299,318,303,324,311,331,322,335,335,336,348,333,358,327,365,319,369,311,371,303,367,304,362,310,358,314,352,318,344,321,334,322,324,322,316,321,310,318,305,315,hello
295,311,299,318,303,324,311,331,322,335,335,336,348,333,358,327,364,319,368,311,370,304,366,304,361,310,357,313,351,317,343,320,334,321,324,321,316,320,310,318,305,315,hello
296,310,299,317,304,323,312,329,322,333,335,334,347,332,357,326,364,318,368,310,370,303,366,303,361,308,357,311,351,314,343,316,333,318,324,318,316,317,310,315,306,313,hello
297,309,300,315,304,320,312,326,322,330,334,331,347,328,357,323,364,315,368,309,370,302,366,302,361,306,356,309,350,311,342,313,333,315,324,315,316,314,311,313,306,311,hello
298,308,301,313,305,318,312,324,322,328,334,328,347,326,356,320,363,313,366,307,368,301,365,301,359,304,355,306,350,308,342,310,333,311,324,311,317,311,312,310,307,309,hello
298,306,301,311,305,316,312,322,322,326,333,327,345,324,355,318,361,311,365,305,367,300,364,300,358,301,354,302,348,304,341,305,332,307,323,307,316,306,311,306,307,305,hello
299,305,301,309,305,315,312,321,322,325,334,326,346,324,356,317,362,310,366,304,368,299,364,299,359,299,354,300,348,301,341,302,332,304,324,304,317,303,311,303,307,304,hello
298,303,301,308,305,313,312,320,321,324,333,325,345,322,355,316,362,308,366,303,368,298,364,298,359,298,354,299,348,299,340,300,331,302,323,302,316,302,311,302,307,302,hello
298,303,301,307,304,312,311,319,321,323,333,323,345,321,355,315,361,308,365,302,368,297,364,297,359,298,354,299,348,299,340,301,331,302,323,302,316,302,310,302,306,302,hello
298,303,301,307,305,312,312,318,321,322,333,323,345,320,354,314,361,307,365,302,367,297,364,297,358,297,354,298,347,299,340,300,331,301,323,301,316,301,310,301,306,301,hello
298,302,301,306,304,311,311,317,321,321,332,322,344,320,354,314,361,307,364,302,367,297,363,297,358,297,353,297,347,298,340,299,331,300,323,300,316,300,310,300,306,301,hello
297,302,299,306,304,311,311,317,320,321,332,321,344,319,354,313,361,306,365,301,367,297,364,297,358,297,353,297,347,298,339,299,330,301,322,301,315,301,309,301,305,301,hello
298,302,300,306,304,310,311,316,320,320,332,320,344,318,353,313,360,306,364,301,366,297,363,297,357,296,353,297,347,297,339,298,330,299,322,299,315,299,310,299,306,300,hello
295,302,298,306,302,310,310,316,320,320,331,320,344,318,353,312,360,305,364,300,367,296,363,296,358,296,353,297,347,297,339,298,330,300,321,300,314,300,308,300,304,300,hello
297,301,299,305,303,309,310,315,319,318,331,319,343,317,353,312,359,305,363,300,366,296,362,296,357,296,352,296,346,297,338,298,329,299,321,299,314,299,309,299,305,299,hello
295,302,298,307,302,311,309,316,319,320,331,320,344,317,353,312,360,306,364,300,367,295,363,295,358,297,353,299,347,300,339,302,330,303,321,303,314,303,309,303,304,302,hello
295,305,297,310,302,316,309,322,319,325,332,326,345,323,354,318,361,311,365,304,367,298,363,298,358,302,353,305,347,307,340,309,330,310,321,310,314,310,308,308,304,307,hello
293,309,296,316,300,322,308,329,319,334,333,334,346,331,356,325,363,317,366,309,368,301,364,301,359,308,355,312,349,315,341,319,331,321,321,321,313,319,307,316,302,313,hello
294,311,296,318,300,325,308,332,319,337,332,337,346,334,356,327,362,319,365,311,366,303,362,303,358,310,354,314,348,318,341,321,331,323,321,323,313,322,307,319,303,316,hello
294,312,296,319,301,326,309,332,319,337,332,337,345,334,355,328,361,319,365,312,366,304,362,304,357,310,353,314,348,318,340,321,331,323,321,323,313,321,307,319,303,316,hello
293,310,296,316,301,323,308,330,318,334,330,335,343,332,353,326,360,317,363,310,365,302,362,302,357,308,352,311,346,314,338,317,329,318,319,318,312,317,307,315,302,313,hello
293,304,296,309,300,314,307,320,316,324,328,324,341,322,351,316,358,309,362,303,365,298,361,298,355,300,351,301,344,303,336,305,327,306,318,306,311,306,306,305,302,304,hello
294,302,297,307,300,311,307,317,317,321,328,321,340,319,350,313,357,307,361,301,364,297,360,297,354,298,350,299,343,300,336,301,327,302,318,302,312,302,306,302,302,302,hello
292,301,295,305,300,310,307,316,317,319,329,320,341,318,351,312,358,306,363,300,366,295,362,295,356,296,351,297,345,298,337,300,327,301,319,301,311,301,305,301,301,301,hello
293,302,296,306,300,310,307,315,317,319,329,319,341,317,351,312,358,306,363,301,365,296,362,296,356,297,351,298,345,299,337,300,328,301,319,301,311,301,306,301,301,301,hello
294,302,297,306,301,310,308,315,318,318,329,319,341,316,351,312,358,305,362,300,365,296,361,296,356,297,351,298,345,299,337,300,328,301,319,302,312,301,306,301,302,301,hello
293,303,296,307,301,310,308,315,318,318,330,318,342,316,352,312,359,306,363,301,365,296,362,296,356,297,352,298,345,299,337,300,328,301,319,302,312,302,306,302,302,302,hello
293,303,296,307,300,310,308,315,318,318,329,318,341,316,351,312,358,306,363,301,365,296,362,296,356,297,351,298,345,299,337,301,328,302,319,302,312,302,306,302,301,302,hello
293,302,296,306,301,310,308,315,318,318,329,318,341,316,351,312,358,306,363,301,365,296,362,296,356,297,351,298,345,299,337,300,328,302,319,302,312,302,306,302,302,302,hello
310,320,314,324,319,329,327,334,338,338,350,338,361,336,371,330,377,324,381,318,383,314,380,314,375,315,371,316,365,317,358,319,349,321,340,321,331,320,325,320,320,320,yes
312,319,315,323,320,328,328,333,338,337,350,337,362,335,371,330,377,323,381,318,384,313,380,313,375,314,371,314,365,315,358,317,349,318,340,318,332,318,325,318,321,318,yes
312,318,315,322,320,326,329,331,339,335,351,335,362,333,371,328,378,321,381,316,384,312,380,312,375,312,371,313,366,314,358,316,350,317,340,317,332,317,326,317,321,317,yes
312,316,316,320,321,324,330,330,340,333,353,333,364,331,373,326,379,320,382,315,385,311,381,311,376,311,372,312,367,313,360,314,352,316,342,316,334,316,327,315,322,315,yes
312,315,316,319,321,324,330,329,341,332,353,333,364,330,373,325,379,319,383,314,385,309,382,309,377,310,373,310,367,311,360,313,352,315,342,315,334,314,327,314,321,314,yes
312,314,316,317,322,322,330,327,341,330,353,330,364,328,373,323,379,317,382,312,385,308,381,308,376,308,372,309,367,310,360,312,352,313,342,313,334,313,327,313,321,313,yes
313,314,316,317,322,322,330,327,341,330,353,330,364,328,373,323,379,317,383,312,385,308,382,308,377,308,373,309,367,310,360,312,352,313,342,313,334,313,327,313,322,313,yes
313,314,316,318,322,322,330,327,341,330,353,331,364,329,373,324,379,318,383,313,385,308,382,308,377,309,373,309,367,310,360,311,352,312,342,313,334,312,327,313,322,313,yes
313,314,317,318,322,322,330,327,341,331,353,331,364,329,373,324,380,318,383,313,386,309,382,309,377,309,373,309,367,310,360,312,352,313,342,313,334,313,327,313,322,313,yes
313,314,316,318,322,322,330,327,341,330,353,330,365,328,374,324,380,317,384,313,386,309,383,309,378,309,373,309,368,310,361,312,352,313,343,313,334,313,327,313,322,313,yes
313,313,317,317,323,321,331,327,342,330,354,330,365,328,374,323,380,317,384,312,386,308,382,308,377,308,373,309,368,310,361,311,353,312,344,312,335,312,328,312,323,312,yes
314,312,318,316,323,320,332,325,342,328,355,328,366,327,375,322,381,316,385,311,388,307,384,307,379,307,375,308,369,309,362,310,353,311,344,311,335,311,328,311,323,311,yes
314,312,318,316,323,320,331,325,342,328,354,328,365,327,374,322,381,316,384,311,386,307,383,307,378,307,374,308,368,308,361,310,353,311,343,311,335,311,328,311,323,311,yes
314,312,317,315,323,319,331,324,342,328,354,328,365,326,374,321,380,315,384,311,386,307,383,307,378,307,374,308,369,309,362,310,353,311,344,311,335,311,328,311,323,311,yes
315,312,318,316,323,320,331,325,341,328,353,328,364,326,373,322,379,316,383,311,385,307,382,307,377,307,373,307,367,308,360,309,352,311,343,311,335,311,328,311,323,311,yes
314,313,318,317,323,321,332,326,342,329,354,329,365,327,374,323,380,317,384,312,386,307,383,307,378,308,374,308,368,309,361,310,353,312,344,312,335,312,328,312,323,312,yes
314,314,318,317,323,321,331,325,341,328,353,329,364,327,373,322,379,317,383,312,386,308,382,308,377,308,373,309,368,310,361,311,352,312,343,312,335,312,328,312,323,313,yes
314,314,318,317,323,321,331,326,341,329,353,329,364,328,373,323,379,317,383,312,385,308,382,308,377,308,373,308,367,309,360,310,352,312,343,312,335,312,328,312,323,313,yes
314,314,318,318,323,322,331,327,342,331,354,331,365,329,373,324,379,318,382,313,385,309,381,308,376,308,373,309,367,310,361,311,353,312,343,312,335,312,328,312,323,313,yes
314,313,318,317,323,322,331,327,342,331,353,331,364,329,373,324,379,318,382,313,384,309,381,308,376,308,372,308,367,309,361,310,352,312,343,312,335,311,328,312,323,312,yes
314,314,318,318,323,322,331,327,341,331,353,331,363,329,372,324,378,318,382,313,384,309,381,308,376,309,372,309,367,310,360,311,352,312,343,312,334,312,328,312,323,313,yes
314,314,317,317,323,321,331,326,341,330,353,330,363,328,372,324,379,318,382,313,385,309,381,309,376,309,372,308,367,309,360,310,352,311,343,311,334,311,328,311,322,312,yes
314,314,318,318,322,322,330,327,340,330,351,331,362,329,371,324,377,318,381,313,384,309,380,309,376,309,371,309,366,309,359,311,350,312,342,312,334,312,327,312,323,313,yes
314,313,318,317,323,321,331,327,341,330,352,331,363,329,371,324,377,318,381,313,384,309,380,309,375,308,371,308,366,309,359,310,351,311,342,311,334,311,328,312,323,312,yes
314,314,317,318,322,322,330,327,340,331,352,331,363,329,372,324,378,318,381,313,384,309,380,309,376,309,372,310,366,311,359,312,351,314,342,314,334,313,327,313,323,313,yes
312,314,315,318,321,323,329,328,339,331,351,331,363,329,372,325,379,319,382,313,385,308,381,308,376,310,372,312,367,313,360,315,351,316,341,316,333,316,327,315,322,314,yes
312,313,315,319,320,324,328,330,339,333,351,333,363,331,372,326,378,319,382,313,384,307,381,307,376,309,372,311,366,313,359,315,350,316,341,316,333,316,326,315,321,314,yes
311,312,314,317,319,323,327,329,338,333,350,333,362,331,372,325,378,318,381,311,383,305,379,305,374,308,370,310,365,312,358,314,349,316,340,316,332,315,326,314,321,313,yes
310,310,313,315,318,321,326,327,336,331,348,331,360,329,370,323,376,316,380,310,382,304,379,304,373,307,369,309,364,311,357,312,347,314,338,314,331,313,324,312,320,311,yes
309,308,312,313,317,319,324,324,334,328,347,328,359,326,368,321,374,314,378,308,380,303,376,303,371,305,367,307,362,309,355,311,346,312,337,312,329,311,323,311,319,310,yes
308,307,311,312,315,318,323,323,333,327,346,327,358,325,368,320,374,313,378,307,380,301,376,301,371,304,367,305,361,307,354,309,345,310,336,310,328,310,322,309,317,308,yes
306,306,309,311,314,316,322,321,332,324,345,325,357,323,367,318,374,311,378,306,380,300,376,300,371,302,366,304,361,305,354,307,344,308,335,308,327,308,321,307,316,306,yes
305,305,308,309,313,314,321,319,331,322,343,323,356,320,365,315,372,309,376,304,378,299,374,299,369,301,365,302,359,303,352,305,342,306,333,306,325,306,319,305,314,305,yes
305,304,308,308,313,313,321,318,331,322,343,322,355,320,364,315,371,308,375,303,377,298,373,298,368,299,364,301,358,302,351,304,342,305,332,305,325,305,319,304,314,304,yes
305,302,308,306,312,311,320,317,330,320,342,321,354,319,363,313,370,307,374,301,376,296,373,296,368,298,363,299,357,301,350,302,340,303,332,303,324,303,318,303,314,302,yes
303,302,307,306,311,311,319,316,330,319,342,319,354,317,364,312,371,306,375,301,377,296,373,296,368,298,364,299,358,300,351,302,341,303,332,303,324,303,318,303,313,302,yes
304,302,308,306,312,311,320,316,330,320,342,320,354,318,363,313,370,306,374,301,376,296,372,296,367,297,363,299,357,300,350,301,341,303,332,303,324,303,318,302,313,302,yes
304,302,307,306,312,311,320,316,330,319,342,319,354,317,364,312,370,306,374,301,376,296,372,296,367,298,363,299,357,300,350,302,341,303,332,303,324,303,318,302,313,302,yes
304,302,308,306,313,311,320,316,331,319,343,320,354,317,363,312,370,306,373,301,376,296,372,296,367,297,363,299,357,300,350,301,341,303,332,303,324,302,318,302,313,302,yes
304,302,308,306,313,311,320,316,330,319,342,319,354,317,363,312,370,306,373,301,376,296,372,295,367,297,363,298,357,300,350,301,341,302,332,303,324,302,318,302,313,302,yes
304,302,308,306,312,311,320,316,331,319,342,319,354,317,363,312,370,306,373,301,376,296,372,296,367,297,363,298,357,300,350,301,341,302,332,303,324,302,318,302,313,302,yes
304,301,307,305,312,310,319,315,329,319,342,319,353,317,363,311,370,305,373,300,376,295,372,295,367,297,362,298,357,299,349,301,340,302,331,302,324,302,318,301,313,301,yes
303,301,306,305,311,310,319,315,329,319,341,319,353,317,363,312,370,305,374,299,376,294,372,294,367,296,362,297,357,299,349,301,340,302,331,302,323,301,317,301,312,301,yes
301,301,304,305,309,310,317,316,328,320,340,321,353,318,363,313,370,306,374,300,377,294,373,294,367,296,363,298,356,299,349,301,339,302,330,302,322,302,316,301,311,300,yes
300,303,303,308,308,313,316,319,327,322,340,323,352,321,363,316,370,309,374,303,376,298,372,298,367,300,362,302,356,304,348,306,338,307,329,307,321,306,315,305,310,303,yes
301,308,304,314,309,320,317,326,328,330,341,331,353,329,363,323,370,315,373,309,375,303,371,303,366,306,362,309,357,311,349,313,340,315,330,315,322,314,315,312,310,310,yes
302,312,304,319,309,326,317,333,328,338,341,339,355,337,365,330,371,321,374,314,375,306,371,306,367,311,363,315,357,318,350,321,340,323,330,322,322,321,316,318,311,315,yes
302,311,305,319,309,326,317,334,328,339,342,340,355,338,364,331,370,322,373,314,374,307,370,307,366,312,362,316,357,320,350,324,340,326,330,325,323,323,316,319,312,316,yes
298,307,302,313,307,318,315,325,326,329,340,329,353,327,363,322,370,314,374,308,376,301,372,301,367,305,362,308,356,310,348,312,338,313,328,313,320,312,313,311,308,309,yes
298,304,301,310,306,315,314,321,325,325,338,325,351,323,361,317,369,310,373,304,375,297,371,298,366,301,361,303,354,305,346,307,336,308,327,308,319,307,313,306,308,305,yes
298,304,301,309,306,313,314,318,325,322,338,322,350,320,361,315,368,309,372,303,375,298,371,298,365,300,361,302,354,303,346,305,337,306,327,306,319,306,312,305,308,304,yes
299,304,303,309,308,313,316,318,326,322,338,322,351,320,360,315,367,308,371,303,374,298,370,298,365,300,360,301,354,303,347,304,337,306,328,306,320,305,314,305,309,304,yes
300,304,303,308,308,313,316,317,326,321,338,321,350,319,360,314,367,308,371,303,373,298,369,298,364,300,360,301,354,303,346,304,337,306,328,306,320,305,314,305,309,304,yes
300,304,303,309,308,313,316,318,326,321,338,321,350,319,360,314,367,308,371,303,373,298,370,298,364,300,360,301,354,303,346,304,337,306,328,306,320,305,314,305,309,304,yes
300,301,303,305,308,309,316,314,326,318,338,318,350,316,361,311,368,305,373,300,376,295,372,295,367,296,362,296,355,297,347,298,337,300,328,300,320,300,313,300,309,300,yes
300,301,303,305,308,309,315,314,325,318,337,318,349,316,359,311,367,305,372,300,376,295,372,295,366,296,361,296,354,297,345,298,336,300,327,300,319,300,313,300,309,300,yes
299,301,303,304,308,309,315,314,326,317,338,317,350,315,360,310,368,303,373,298,376,294,373,294,367,295,362,295,355,296,346,298,337,299,328,299,319,299,313,299,308,300,yes
300,300,303,304,308,308,316,314,326,317,338,317,350,315,360,310,368,303,373,298,376,294,372,294,367,294,361,295,354,296,346,297,337,299,327,299,319,299,313,299,308,299,yes
301,301,304,305,308,309,316,313,325,317,337,317,349,315,359,310,367,304,372,300,376,296,372,296,366,296,361,296,353,296,345,297,336,299,327,299,319,299,313,299,309,300,yes
301,303,304,306,309,310,316,315,326,319,338,319,350,317,361,312,368,306,373,301,376,297,372,297,366,297,361,297,354,298,346,299,337,301,328,301,320,301,314,301,309,301,yes
301,304,304,308,309,312,317,317,327,320,339,321,350,319,360,314,367,308,372,302,375,298,371,298,366,299,361,301,355,302,347,304,337,305,328,305,321,305,315,304,310,304,yes
302,305,305,309,310,313,318,318,328,321,340,321,352,319,361,314,368,308,372,303,375,298,371,298,366,300,361,302,355,304,348,305,338,306,329,307,322,306,315,306,311,305,yes
302,306,305,310,310,315,317,320,327,323,339,323,351,321,361,316,368,310,373,304,375,299,371,299,366,301,362,303,355,305,348,307,338,308,329,308,322,308,315,307,311,306,yes
302,306,305,311,310,316,318,322,329,326,341,326,354,324,363,318,370,311,374,305,376,299,373,299,367,303,363,305,357,307,350,309,340,311,331,311,323,310,316,309,312,307,yes
303,306,306,312,311,318,319,323,330,327,342,327,355,325,364,320,371,313,374,306,376,300,372,300,367,304,363,306,358,308,350,310,341,312,332,312,324,311,317,310,312,308,yes
303,307,307,313,311,318,319,324,330,328,343,329,355,326,364,320,371,313,374,306,376,300,372,300,367,304,363,306,358,309,351,311,341,312,332,313,324,312,318,310,313,309,yes
303,306,306,311,311,317,319,323,330,327,342,328,355,325,364,320,371,313,374,306,376,300,372,300,367,303,363,306,357,308,350,310,341,311,332,311,324,310,318,309,313,307,yes
301,305,305,310,310,315,318,321,329,325,341,325,354,323,363,318,369,311,373,305,375,299,371,299,366,302,362,304,356,306,349,308,340,309,331,309,323,308,316,307,311,306,yes
301,305,305,309,310,314,318,320,328,323,341,324,353,321,362,316,368,310,372,304,374,298,370,298,365,301,361,302,356,304,348,306,339,307,330,307,322,307,316,306,311,305,yes
301,303,305,308,309,313,317,318,328,321,340,322,352,319,362,314,369,308,373,302,375,297,372,297,366,299,362,301,356,302,348,304,339,305,330,305,322,305,316,304,311,304,yes
301,304,304,308,309,313,317,318,328,321,340,321,352,319,362,314,368,308,372,302,374,297,371,297,366,299,361,301,356,302,348,304,339,305,329,305,322,305,315,304,310,304,yes
302,302,305,307,309,312,317,317,327,321,339,321,351,319,361,314,368,307,372,302,374,296,371,296,365,299,361,300,355,302,347,303,338,305,329,305,321,304,315,303,311,303,yes
301,302,304,307,309,311,317,316,327,320,339,320,351,318,361,313,368,306,372,301,374,296,370,296,365,298,361,299,355,301,347,302,338,304,329,304,321,303,315,303,310,302,yes
301,302,305,307,309,311,317,316,328,320,340,320,352,318,361,313,368,306,372,301,374,296,371,296,365,298,361,299,355,301,348,302,339,303,329,304,322,303,315,303,311,302,yes
302,302,305,307,310,312,318,317,328,320,340,321,352,318,361,313,368,307,372,301,374,296,370,296,365,298,361,300,355,301,348,303,339,304,329,304,322,304,316,303,311,303,yes
302,302,305,307,309,311,317,316,327,320,339,320,351,318,361,313,368,307,372,301,374,296,370,296,365,298,361,300,355,301,347,303,338,304,329,304,321,304,315,303,311,303,yes
301,302,304,307,309,311,317,316,327,319,340,320,351,318,361,313,368,306,371,301,374,296,370,296,365,298,361,299,355,301,347,302,338,304,329,304,322,303,315,303,311,302,yes
301,302,305,306,310,311,318,316,328,320,340,320,352,318,362,313,368,306,372,301,374,295,370,295,365,298,361,299,355,301,348,302,339,304,330,304,322,303,316,303,311,302,yes
302,301,305,306,310,311,317,316,328,319,340,320,352,318,361,312,368,306,372,300,374,295,370,295,365,297,361,299,355,300,347,302,338,303,329,303,322,303,316,302,311,302,yes
302,301,305,306,310,310,318,316,328,319,340,319,352,317,361,312,368,305,372,300,374,295,371,295,365,297,361,298,355,300,348,302,339,303,330,303,322,302,316,302,311,301,yes
302,302,305,306,310,310,318,315,328,319,340,319,352,317,361,312,368,305,372,300,374,295,370,295,365,297,361,299,355,300,348,302,339,303,330,303,322,303,316,302,311,302,yes
301,303,305,307,309,312,317,317,327,320,339,321,351,318,361,313,368,306,372,301,374,296,370,296,365,298,360,299,354,301,347,303,338,304,329,305,321,304,315,303,311,303,yes
303,304,305,308,310,313,317,318,327,321,339,321,351,319,361,314,368,308,372,303,374,298,370,298,365,300,361,302,355,303,347,305,338,306,329,306,322,306,316,305,312,304,yes
303,307,306,312,311,317,319,323,329,326,342,326,354,324,364,319,371,312,374,306,376,299,372,299,367,303,363,305,357,307,350,309,340,311,331,311,323,310,317,309,312,308,yes
303,307,306,313,311,319,319,325,330,329,342,329,355,326,365,321,371,313,375,307,377,300,373,300,368,304,364,306,358,309,350,311,341,312,332,313,324,312,318,310,313,309,yes
303,306,306,312,311,318,319,325,329,329,342,329,354,327,364,321,371,313,375,306,377,299,373,299,368,303,363,306,357,309,350,311,340,312,331,312,323,312,317,310,312,308,yes
301,304,304,310,310,316,318,321,329,325,341,326,354,324,364,318,370,311,374,305,376,298,373,298,367,302,363,304,357,306,349,308,340,309,330,309,322,308,316,307,311,306,yes
300,302,303,307,308,312,316,317,327,321,339,321,352,319,362,313,369,307,373,301,375,296,371,296,366,298,361,300,355,302,348,303,338,305,329,305,321,305,314,304,310,303,yes
300,301,303,306,308,311,316,316,326,319,339,320,351,318,361,312,368,306,372,300,374,295,370,295,365,297,360,299,354,300,347,302,337,303,328,303,321,303,314,302,310,302,yes
300,302,303,306,308,311,315,316,326,319,338,320,350,317,360,312,367,306,371,300,374,295,370,295,364,297,360,299,354,300,346,302,337,303,327,304,320,303,314,303,309,302,yes
300,302,303,306,308,310,316,316,326,319,339,319,351,317,361,312,367,305,371,300,374,295,370,295,364,297,360,298,354,300,347,302,337,303,328,303,320,303,314,302,309,302,yes
300,301,303,306,308,310,316,315,326,318,338,319,350,316,360,311,367,305,371,299,373,294,370,294,364,296,360,298,354,299,346,301,337,303,328,303,320,302,314,302,309,301,yes
301,300,304,304,309,309,316,314,326,317,338,318,350,316,360,310,367,304,371,299,374,294,370,294,364,295,360,297,354,298,346,300,337,301,328,301,320,301,314,300,310,300,yes
301,298,304,302,308,307,316,312,326,316,338,316,350,314,360,309,367,302,372,297,375,292,371,292,366,293,360,294,354,295,346,297,336,298,327,298,320,298,314,298,309,298,yes
299,297,302,301,307,306,315,311,326,314,337,314,349,312,360,307,367,301,372,296,376,291,372,291,366,292,361,293,354,294,346,296,336,297,327,297,319,297,312,297,308,297,yes
298,297,302,301,307,305,315,310,325,314,337,314,349,312,360,307,368,300,373,295,376,290,373,291,367,291,361,292,354,293,346,295,336,296,327,296,318,296,312,296,307,296,yes
299,298,302,302,307,306,315,311,325,315,337,315,349,313,359,307,366,301,371,296,375,291,371,291,366,292,360,293,353,294,345,295,336,297,326,297,318,297,312,297,307,297,yes
300,299,303,302,308,306,315,311,325,315,336,315,348,313,358,308,366,302,371,297,375,292,371,292,365,293,360,294,353,294,345,296,335,297,326,297,319,297,313,297,308,298,yes
300,299,304,302,308,306,316,311,325,314,337,315,348,313,358,308,366,302,371,297,374,292,371,292,365,293,360,293,353,294,345,296,335,297,327,297,319,297,313,297,308,298,yes
300,299,304,303,308,307,315,312,325,315,336,315,348,313,358,308,366,302,371,297,374,293,370,293,365,293,359,294,352,295,344,296,335,298,326,298,319,298,313,298,309,298,yes
298,300,302,304,307,308,315,313,326,316,338,316,350,314,360,309,367,303,372,298,375,292,371,292,365,295,361,297,354,298,347,300,337,301,327,302,319,301,313,301,308,300,yes
299,299,302,304,307,309,315,314,325,317,338,317,350,315,361,310,367,303,372,298,374,292,370,292,365,295,360,297,354,299,346,301,337,302,327,302,319,302,313,301,308,300,yes
298,300,302,305,307,309,315,314,326,317,338,317,351,315,361,310,368,304,372,298,374,293,370,293,365,296,361,298,355,299,347,301,337,303,328,303,320,303,313,302,308,301,yes
299,301,302,306,308,311,316,316,327,319,339,319,352,316,362,311,368,305,372,299,375,293,371,293,365,296,361,298,355,300,347,302,338,304,328,304,320,304,314,303,309,302,yes
299,302,303,308,308,313,316,318,326,321,339,321,351,319,361,314,368,307,372,301,374,295,370,295,365,299,361,301,355,303,347,305,337,306,328,306,320,306,314,305,309,304,yes
301,304,304,310,309,316,317,322,327,326,340,326,352,323,362,318,369,310,373,304,375,297,371,297,366,301,362,304,356,307,348,309,339,311,329,311,321,310,315,308,310,306,yes
301,307,304,313,309,319,317,326,327,329,340,330,353,327,363,321,370,313,373,306,375,299,372,299,366,304,362,307,356,310,349,313,339,315,329,315,321,314,315,312,311,309,yes
301,307,304,313,309,319,317,325,327,329,339,330,352,327,362,321,369,313,373,306,375,299,371,299,366,304,362,307,355,310,348,313,338,314,329,314,321,313,315,311,310,309,yes
301,304,304,310,309,315,317,321,327,325,339,325,351,322,361,317,368,310,372,304,374,298,370,298,365,301,361,303,355,306,347,308,338,310,329,309,321,308,315,307,310,306,yes
300,302,303,307,307,312,315,318,326,322,338,322,351,320,361,314,368,308,372,302,374,296,371,296,365,299,361,301,354,303,346,305,337,306,327,306,319,305,313,304,309,303,yes
300,301,303,306,308,311,315,316,326,320,338,320,350,318,360,313,367,306,371,301,373,295,369,295,364,297,360,299,353,301,346,303,336,304,327,304,319,303,313,302,309,301,yes
300,300,303,305,308,310,315,315,326,319,338,319,350,317,360,312,367,306,371,300,374,294,370,294,364,297,360,298,354,300,346,302,336,303,327,303,319,303,313,302,309,301,yes
299,300,302,304,307,309,315,314,325,318,337,318,349,316,359,311,366,305,371,299,373,294,369,294,364,297,359,299,353,300,345,302,336,303,326,303,319,303,313,302,308,301,yes
299,300,302,304,307,309,315,314,325,317,337,318,349,316,359,311,366,305,371,299,373,294,370,294,364,296,360,298,353,300,345,302,336,303,326,303,319,302,313,301,308,300,yes
299,300,302,304,307,309,315,314,325,317,337,317,349,315,359,310,366,304,370,299,373,293,369,293,364,296,359,298,353,300,345,301,335,303,326,303,318,302,312,301,308,301,yes
299,299,303,304,307,308,315,313,325,317,337,317,349,315,359,310,366,304,371,299,373,293,370,293,364,296,359,297,353,299,345,301,335,302,326,302,319,301,312,301,308,300,yes
299,298,303,303,307,308,315,313,325,316,337,316,349,314,359,309,366,303,371,298,374,292,370,292,364,295,359,297,353,298,345,300,335,301,326,302,319,301,313,300,308,299,yes
299,298,303,302,308,307,315,312,325,315,337,315,349,314,359,309,367,303,371,297,374,292,371,292,365,294,360,296,353,298,345,299,335,301,326,301,319,300,313,299,308,298,yes
298,298,302,302,307,307,315,312,325,315,337,316,349,314,359,309,366,303,371,297,374,292,370,292,365,294,360,296,353,298,345,300,335,301,326,301,318,300,312,299,308,299,yes
299,297,302,302,307,307,315,312,325,315,337,315,349,313,360,309,367,302,371,297,374,291,370,291,365,294,360,296,353,297,345,299,336,300,326,300,319,300,313,299,308,298,yes
299,299,302,303,307,307,315,312,325,315,337,315,349,313,359,309,366,303,370,297,373,292,369,292,364,295,359,297,353,298,345,300,336,301,327,301,319,301,312,300,308,300,yes
298,300,302,305,307,309,315,313,325,316,337,316,349,314,359,310,366,304,370,299,372,294,369,294,363,296,359,298,353,300,345,301,336,302,327,303,319,302,312,302,308,301,yes
300,302,303,306,308,311,316,316,326,318,338,319,350,316,360,312,366,306,370,301,373,296,369,296,364,298,360,300,354,301,347,303,337,304,328,305,320,304,314,303,309,302,yes
301,304,304,309,309,314,317,319,327,322,340,322,352,320,362,315,368,308,372,302,375,296,371,297,366,300,361,302,355,305,348,307,338,308,329,308,321,308,315,307,310,305,yes
300,304,304,311,309,317,317,323,327,327,340,328,352,325,362,319,369,312,374,305,376,297,372,297,367,302,362,306,356,309,348,312,338,314,329,314,321,312,314,310,310,307,yes
300,304,304,311,309,317,317,324,328,328,341,329,353,326,363,320,370,312,374,305,376,297,373,297,367,302,363,306,357,309,349,312,339,313,329,313,321,312,315,310,310,307,yes
300,303,304,310,309,316,318,322,329,327,342,327,354,325,364,319,370,311,374,303,376,296,372,296,367,301,363,304,357,306,350,309,340,311,330,311,322,309,315,308,310,306,yes
299,302,303,307,308,313,316,319,327,322,340,323,352,320,362,315,369,308,373,302,376,295,372,295,367,299,362,301,356,303,348,306,338,307,328,307,320,306,313,305,309,304,yes
299,301,303,306,308,311,316,316,327,320,339,320,352,318,362,313,368,306,372,300,375,294,371,294,366,297,361,299,355,301,347,303,338,305,328,305,320,304,314,303,309,302,yes
299,301,303,306,308,310,316,315,327,318,339,319,351,316,361,312,368,305,372,300,374,294,370,294,365,297,360,298,354,300,347,302,337,303,328,304,320,303,313,302,309,301,yes
299,301,303,305,308,310,316,315,327,318,339,318,351,316,360,311,367,305,371,299,374,294,370,294,365,297,360,298,354,300,347,302,337,303,328,303,320,303,313,302,309,301,yes
300,300,303,304,308,309,316,314,326,317,338,317,350,315,360,311,367,304,371,299,374,293,370,293,365,296,360,298,354,299,346,301,337,302,328,302,320,302,314,301,309,300,yes
300,300,303,304,308,309,316,314,326,317,338,317,350,315,360,310,367,304,371,298,374,292,370,293,365,295,360,297,354,299,346,301,337,302,328,302,320,302,314,301,309,300,yes
299,300,303,304,308,309,316,313,326,317,338,317,350,315,360,310,367,303,371,298,374,293,370,293,365,295,360,297,354,299,346,300,337,302,328,302,320,301,313,301,309,300,yes
299,300,303,304,308,309,316,313,326,316,338,316,350,314,360,310,367,304,371,298,374,293,370,293,365,296,360,297,354,299,347,300,337,302,328,302,320,302,313,301,309,300,yes
299,300,303,305,308,309,316,313,326,316,338,316,351,314,360,309,367,303,372,298,374,293,370,293,365,296,360,297,354,299,347,300,337,302,328,302,320,302,313,301,309,301,yes
299,301,303,306,308,310,316,315,327,317,339,317,351,315,360,311,367,305,371,299,373,294,370,294,365,297,360,299,354,301,347,302,337,304,328,304,320,304,313,303,309,302,yes
300,301,303,306,308,311,316,316,327,319,339,319,351,316,361,312,368,305,372,299,375,293,371,293,366,297,361,299,355,301,347,303,338,304,328,304,320,304,314,303,309,302,yes
300,301,303,306,308,311,316,316,326,319,339,319,351,317,361,312,368,305,372,300,375,294,371,294,366,297,361,299,355,301,347,303,338,304,328,304,320,304,314,303,309,302,yes
300,301,303,307,308,312,316,316,327,319,339,319,352,317,362,312,369,306,373,300,375,294,372,294,366,298,362,300,355,301,348,303,338,305,328,305,321,305,314,304,310,303,yes
301,301,304,307,309,311,317,316,327,319,340,320,352,317,362,312,369,306,373,300,375,294,371,294,366,297,362,299,355,301,348,303,338,304,329,305,321,304,315,304,310,303,yes
300,301,303,307,308,312,316,317,327,320,340,320,352,318,362,313,369,306,373,300,376,294,372,294,366,298,362,300,356,302,348,303,338,305,328,305,320,305,314,304,309,303,yes
300,301,304,307,309,312,317,317,327,320,340,320,352,318,362,313,369,306,373,300,375,294,372,294,366,298,362,300,356,302,348,304,338,305,328,306,321,305,314,304,310,303,yes
300,302,303,307,309,312,317,317,327,320,340,320,353,318,363,313,370,306,374,301,376,295,372,295,367,298,362,300,356,302,348,304,338,305,329,306,321,305,314,305,310,304,yes
301,303,304,308,309,313,317,318,328,321,341,321,353,318,364,313,370,307,374,301,377,295,373,295,367,299,363,301,357,303,349,305,339,306,329,306,321,306,315,305,310,304,yes
302,302,305,307,310,312,318,318,328,321,340,321,353,319,363,314,370,307,374,301,376,294,372,295,367,298,362,300,356,302,348,304,339,305,329,306,322,305,316,305,311,304,yes
301,301,305,306,309,311,317,316,328,320,340,320,352,318,362,313,369,306,373,300,375,295,371,295,366,298,362,300,356,301,348,303,339,305,329,305,321,304,315,304,310,303,yes
302,300,305,305,310,310,317,315,327,319,339,319,351,317,361,312,368,305,372,299,375,294,371,294,366,297,361,298,355,300,347,302,338,304,329,304,321,303,315,302,311,301,yes
301,301,304,306,309,310,317,316,327,319,339,319,352,317,362,312,369,305,373,299,375,294,371,294,366,297,361,299,355,301,347,302,338,304,329,304,321,303,315,303,310,302,yes
301,305,304,310,308,315,316,320,326,323,338,324,350,321,360,316,367,310,371,304,374,298,370,298,365,301,360,304,354,306,346,308,336,309,327,309,320,309,314,308,310,307,yes
300,305,303,310,309,314,317,319,327,322,339,322,351,320,360,316,366,309,370,304,373,298,369,298,364,301,360,303,354,305,347,307,338,308,328,309,320,308,314,307,309,306,yes
300,309,304,315,309,320,317,325,327,328,339,328,351,326,361,321,368,314,371,308,374,302,370,302,365,306,361,308,355,310,347,312,338,314,329,314,321,313,314,312,310,311,yes
299,311,303,317,308,322,316,327,327,330,339,330,351,327,360,323,367,316,371,310,373,304,369,304,364,308,360,311,354,313,347,315,338,316,328,316,320,316,314,315,309,313,yes
300,311,303,316,308,322,315,327,325,331,337,331,349,329,359,323,365,317,369,311,372,305,368,305,363,308,359,311,353,313,345,315,336,316,327,316,320,316,314,314,309,313,yes
299,310,303,315,307,320,315,325,325,329,336,329,348,327,358,322,365,315,369,310,371,304,368,304,362,307,358,309,352,311,344,313,335,314,326,314,319,313,313,312,308,311,yes
299,309,302,314,307,318,315,324,324,327,336,328,348,326,358,320,365,314,369,308,372,302,368,303,363,305,359,307,352,309,344,311,335,313,326,313,318,312,312,311,308,310,yes
299,308,303,313,307,318,315,323,325,326,336,327,348,324,358,319,365,313,370,307,372,302,369,302,363,305,359,306,352,308,345,310,335,312,326,312,318,311,312,310,308,309,yes
299,307,302,312,307,316,315,321,325,325,336,325,348,323,358,318,365,312,370,306,373,301,369,301,364,303,359,305,352,307,344,308,335,310,326,310,318,309,312,309,308,308,yes
299,307,303,311,307,316,315,321,325,324,336,325,348,322,358,318,365,311,370,306,373,300,369,300,364,303,359,304,352,306,344,308,335,309,326,309,318,309,312,308,308,307,yes
299,306,302,310,307,315,314,320,324,324,335,324,347,322,357,317,365,310,370,305,373,300,370,300,364,301,359,302,352,303,343,305,334,306,325,306,318,306,312,306,307,306,yes
297,305,301,309,306,314,314,319,324,322,336,323,348,321,358,315,365,309,370,304,374,299,370,299,364,300,359,301,352,302,344,303,334,304,325,304,317,304,310,304,306,305,yes
297,304,300,308,305,313,313,318,323,321,335,321,347,319,357,314,365,308,370,303,373,298,370,299,364,299,359,300,352,301,343,302,334,304,324,304,316,304,310,304,305,304,yes
296,303,299,307,304,312,312,317,322,320,334,320,346,318,356,313,365,307,370,302,374,297,371,297,365,298,359,299,352,300,343,302,333,303,323,303,315,303,309,303,304,303,yes
295,302,299,306,304,310,312,315,322,318,333,318,345,316,356,311,365,305,371,300,375,295,372,296,365,297,360,297,352,298,342,300,332,301,323,301,315,301,309,301,304,301,yes
295,301,299,305,304,309,312,314,322,317,334,317,346,315,356,310,365,304,370,299,374,294,371,295,364,296,359,296,352,298,343,299,333,300,324,301,315,301,309,301,304,301,yes
297,301,300,305,305,309,313,314,323,318,334,318,346,315,357,310,365,304,370,298,374,294,370,294,364,295,359,295,352,297,343,298,333,300,324,300,316,300,310,300,305,300,yes
298,302,301,306,306,309,313,314,323,317,334,317,346,315,356,310,364,304,369,300,372,295,369,296,363,296,357,296,350,297,342,298,333,299,324,300,316,300,311,300,306,301,yes
299,304,302,308,307,311,314,316,324,319,336,319,347,317,357,312,364,306,369,301,372,297,368,297,362,297,357,298,351,298,343,300,334,301,325,301,318,301,312,302,307,302,yes
298,307,301,312,306,317,314,322,324,325,337,325,349,323,359,318,365,311,369,305,371,299,367,299,362,302,358,304,352,306,345,308,336,309,326,310,318,310,312,309,307,308,yes
296,306,299,312,305,317,313,322,324,325,337,325,349,323,359,317,366,311,370,305,372,299,368,299,363,302,359,305,353,307,345,309,335,310,326,311,317,310,311,309,306,308,yes
297,306,300,311,305,317,313,322,324,325,337,325,350,323,359,318,366,311,370,305,372,299,368,299,362,302,358,304,352,306,345,308,336,310,326,310,318,309,312,308,307,307,yes
296,306,300,311,305,316,313,322,324,325,337,325,349,322,359,317,366,310,369,304,372,298,368,298,362,302,358,304,352,306,345,308,335,310,325,310,317,309,311,308,306,307,yes
296,306,300,311,305,316,313,321,324,325,337,325,349,322,359,317,365,310,369,304,371,298,367,298,362,301,358,303,352,306,344,308,335,309,325,310,317,309,311,308,306,307,yes
296,306,300,311,305,316,313,321,323,324,336,324,348,322,358,317,364,310,368,304,370,299,366,299,361,301,357,303,351,305,344,307,334,309,325,309,317,308,311,308,306,307,yes
297,308,300,313,304,318,312,323,323,326,335,326,347,324,357,318,363,312,367,306,369,300,365,300,360,303,356,305,350,307,343,310,333,311,324,311,317,311,311,310,306,309,yes
296,308,299,313,304,317,312,323,322,326,335,326,347,323,357,318,364,311,368,306,370,300,366,300,361,303,356,305,350,307,343,309,334,311,324,311,316,311,310,310,306,309,yes
296,311,300,315,305,320,313,325,323,328,336,328,348,326,358,321,365,314,369,308,371,302,367,302,362,305,357,308,351,310,344,312,334,313,325,314,317,313,311,313,306,312,yes
298,313,301,318,306,324,314,330,325,333,337,333,350,330,360,324,366,317,370,310,371,304,367,304,362,308,358,310,352,313,345,315,336,317,326,317,318,317,312,316,308,314,yes
298,313,301,319,306,325,314,332,325,336,338,336,351,333,360,327,366,319,369,312,371,305,367,305,362,309,358,312,353,315,345,318,336,319,327,320,319,319,313,317,308,315,yes
297,312,300,319,305,325,314,332,325,336,338,336,351,333,360,327,366,319,369,311,371,304,367,305,362,309,358,313,353,316,346,319,336,320,326,321,318,319,312,317,307,315,yes
296,310,299,316,304,321,312,328,323,331,335,332,348,329,358,323,365,315,369,308,371,302,367,302,362,306,357,308,351,311,343,313,334,315,324,315,316,314,310,313,305,312,yes
296,310,299,315,303,321,311,327,322,331,335,331,348,329,358,323,365,315,369,308,371,302,367,302,362,305,357,308,351,310,343,312,333,314,324,314,316,314,310,313,305,311,yes
296,310,299,315,303,321,311,327,322,330,334,331,347,328,357,322,365,315,369,308,371,302,367,302,362,306,357,308,351,310,343,312,333,314,323,314,316,313,309,312,305,311,yes
296,309,299,314,304,319,312,324,323,327,335,327,347,325,357,320,364,313,368,307,370,301,367,301,361,304,357,306,350,308,343,310,333,312,324,312,316,311,310,311,305,310,yes
296,308,299,313,304,318,312,323,322,326,334,326,346,324,356,319,364,312,368,306,371,300,367,300,361,303,356,305,350,307,342,309,332,311,323,311,315,310,309,310,305,309,yes
296,307,299,311,304,316,311,321,321,325,333,325,346,322,356,317,363,310,368,304,370,299,367,299,361,302,356,304,350,306,342,308,332,309,323,310,315,309,309,309,305,308,yes
296,307,300,311,304,315,311,320,321,323,333,324,345,321,355,316,363,309,367,304,370,298,366,299,361,301,356,303,349,305,341,307,331,308,323,308,315,308,309,307,305,307,yes
296,306,300,311,304,315,312,320,322,323,334,323,346,321,356,316,363,309,368,303,371,298,367,298,361,301,356,302,350,304,341,306,332,308,323,308,315,308,310,307,305,307,yes
296,306,299,310,304,315,312,319,322,322,333,322,346,320,356,315,363,309,367,303,370,298,367,298,361,301,356,302,350,304,341,306,332,307,323,307,315,307,309,307,305,306,yes
296,307,299,311,304,315,312,319,322,322,334,322,346,320,356,315,363,309,367,304,370,298,366,298,361,301,356,303,350,305,342,306,332,308,323,308,315,308,309,307,305,307,yes
295,306,299,311,304,315,312,320,322,323,334,323,346,321,356,316,363,310,367,304,370,299,366,299,361,302,356,304,350,306,342,307,333,309,323,309,316,309,309,308,305,307,yes
296,308,300,313,305,318,313,323,323,326,336,326,348,323,358,318,364,312,368,306,371,301,367,301,362,304,358,307,352,309,344,310,334,312,325,312,317,312,310,311,306,310,yes
298,312,301,319,305,326,313,333,324,337,337,338,350,334,361,328,367,319,371,311,373,303,369,303,364,308,359,312,353,315,345,318,335,320,326,321,318,319,312,317,307,315,yes
297,315,300,322,305,329,313,336,325,341,338,341,352,337,362,330,368,321,372,313,373,304,369,304,364,311,360,315,354,319,346,323,336,325,326,326,318,324,312,322,307,319,yes
297,313,300,321,305,328,314,336,324,340,338,340,351,337,361,330,367,321,371,312,373,304,369,304,364,311,360,315,354,320,346,324,336,326,326,326,318,324,311,321,306,318,yes
296,312,299,318,304,324,312,330,323,334,336,334,349,331,359,325,366,317,370,310,372,303,368,303,363,308,358,311,352,314,344,317,334,319,324,319,316,318,310,316,306,314,yes
296,310,299,315,304,321,313,326,323,330,335,330,348,327,357,322,364,314,368,308,371,302,367,302,362,305,357,307,351,310,343,312,334,314,324,314,316,313,310,312,305,311,yes
296,308,300,314,304,319,312,324,322,328,335,328,347,325,357,320,364,313,368,306,371,300,367,300,361,304,357,306,350,308,343,311,333,312,323,313,316,312,310,311,305,310,yes
296,308,300,313,304,318,312,323,322,326,334,326,346,323,357,318,364,311,368,305,371,299,367,300,362,303,357,305,350,307,342,309,333,311,323,311,316,311,310,310,305,309,yes
297,307,300,312,305,316,312,321,322,324,334,325,346,322,356,317,364,310,369,304,372,299,368,299,362,302,357,304,351,306,342,308,333,310,323,310,316,310,310,309,306,308,yes
297,306,300,311,305,316,313,321,323,324,335,324,347,322,357,316,364,310,369,304,372,299,368,299,362,302,358,304,351,306,343,308,333,309,324,309,316,309,310,308,306,307,yes
297,307,300,312,305,316,312,320,322,323,334,323,347,321,357,316,364,310,369,305,372,299,368,299,362,302,358,304,351,306,343,308,333,309,324,309,316,309,310,308,306,308,yes
297,307,300,311,305,316,313,320,323,323,335,323,347,321,357,316,364,310,368,304,371,299,367,299,362,302,357,304,351,306,343,307,334,309,324,309,316,309,310,308,306,307,yes
297,307,300,311,305,315,313,320,323,323,335,323,347,321,357,316,364,310,369,304,371,299,367,299,362,302,357,304,351,305,343,307,334,308,324,309,317,308,310,308,306,307,yes
298,306,301,311,306,315,314,320,324,323,336,323,348,321,358,316,365,309,369,304,372,298,368,298,363,301,358,303,352,305,344,306,334,308,325,308,317,308,311,307,307,307,yes
299,305,302,310,307,314,314,319,324,322,336,322,348,320,358,315,365,308,369,303,372,297,368,297,363,300,358,302,351,304,343,305,334,307,325,307,318,307,312,306,307,306,yes
298,305,301,309,306,314,313,318,323,322,335,322,347,319,357,314,365,308,369,302,372,297,369,297,363,300,358,301,351,303,343,305,333,306,324,307,317,306,311,306,307,305,yes
298,305,301,309,306,313,313,318,323,321,335,321,347,319,357,314,365,308,369,302,372,297,368,297,363,300,358,301,351,303,343,305,333,306,324,306,317,306,311,306,307,305,yes
297,305,300,309,305,313,313,318,323,321,335,321,347,319,357,314,365,308,369,302,372,297,368,297,362,300,358,301,351,303,343,305,333,306,324,307,317,306,311,306,306,305,yes
297,306,300,311,305,316,313,321,323,323,336,323,348,321,358,316,365,310,369,304,372,298,368,298,363,302,358,304,352,306,344,308,334,309,325,310,317,309,311,308,306,307,yes
296,307,299,312,305,317,313,322,323,325,336,325,349,323,359,318,366,311,370,304,372,298,368,298,363,302,358,304,352,306,344,308,334,310,325,310,317,310,310,309,305,308,yes
296,307,300,312,305,317,313,322,324,325,336,325,349,322,359,317,365,310,369,304,371,298,368,298,362,302,358,304,352,306,344,308,335,310,325,310,317,310,311,309,306,308,yes
296,306,299,310,304,315,312,320,323,323,335,323,348,321,358,316,364,309,368,303,371,298,367,298,362,301,357,302,351,304,343,306,333,308,324,308,316,308,310,307,305,306,yes
295,304,299,308,304,312,312,317,322,320,334,320,346,318,356,313,363,307,368,301,370,296,366,296,361,298,356,300,350,302,342,303,332,305,323,305,315,305,309,305,305,304,yes
296,303,299,307,304,312,312,317,322,320,334,320,346,318,356,313,363,306,368,300,371,295,367,295,361,298,356,300,350,302,342,303,332,305,323,305,315,305,309,304,305,303,yes
296,303,299,307,304,311,312,316,322,319,334,319,346,317,356,312,363,305,367,300,370,294,367,295,361,297,356,299,350,301,342,302,332,304,323,304,316,304,310,304,305,303,yes
296,302,300,307,305,311,312,316,322,319,334,319,345,317,355,312,363,305,367,299,370,294,367,294,361,297,356,299,349,300,341,302,332,303,323,304,316,304,310,303,305,303,yes
296,302,300,306,304,310,312,315,322,318,334,318,346,316,355,311,363,304,367,299,370,293,367,294,361,296,356,298,349,300,341,301,332,303,323,303,315,303,309,303,305,302,yes
296,302,300,306,304,310,312,315,322,318,334,318,346,316,355,311,363,304,367,299,370,293,366,293,361,296,356,298,349,299,341,301,332,302,323,303,315,303,310,302,305,302,yes
296,301,299,306,304,310,312,315,322,318,334,318,346,315,355,310,362,304,367,298,370,293,366,293,360,296,356,297,349,299,341,301,332,302,323,302,315,302,309,302,305,301,yes
296,301,299,305,304,309,312,314,322,317,334,317,346,315,355,310,363,303,367,298,370,293,366,293,361,295,356,297,349,299,341,300,332,302,323,302,315,302,309,301,305,301,yes
296,301,299,305,304,309,311,314,321,317,333,317,345,315,355,310,362,303,367,298,370,293,366,293,361,295,356,297,349,298,341,300,331,301,322,302,315,302,309,301,304,301,yes
295,300,299,305,304,309,311,313,321,316,333,316,345,314,355,309,362,303,367,298,370,292,366,292,360,295,355,296,349,298,341,300,331,301,322,301,315,301,309,301,304,300,yes
295,300,298,304,303,309,311,313,321,316,333,316,345,314,355,309,362,303,367,297,370,292,366,292,360,295,355,296,349,298,341,299,331,301,322,301,314,301,308,301,304,300,yes
295,299,299,304,303,308,311,313,320,316,332,316,344,314,354,309,362,303,366,297,369,292,366,292,360,295,355,296,348,298,340,299,331,301,322,301,314,301,308,300,304,300,yes
295,300,299,304,303,309,311,313,321,316,333,316,345,314,355,309,362,303,366,297,369,292,365,292,359,295,355,297,348,298,340,300,331,301,322,302,314,302,309,301,304,301,yes
295,301,298,305,303,309,311,314,320,317,332,316,344,314,354,309,361,303,366,298,369,293,365,293,359,296,354,297,348,299,340,301,331,302,322,303,314,302,308,302,304,301,yes
295,303,298,307,303,311,311,315,321,318,333,318,344,316,354,311,361,305,365,300,368,294,364,295,359,297,354,299,348,301,340,302,331,304,322,304,314,304,308,304,304,303,yes
294,307,297,312,302,318,310,323,321,327,333,327,346,324,356,319,364,311,368,305,370,299,366,299,360,303,356,305,349,308,341,310,332,311,322,312,314,311,308,310,304,308,yes
294,308,297,314,302,320,310,326,321,330,334,330,348,327,358,321,365,314,369,306,371,299,367,299,361,305,357,308,351,311,343,314,333,316,323,316,315,315,308,313,304,310,yes
293,306,296,312,301,318,309,325,320,330,333,330,346,327,356,321,363,313,367,305,369,298,365,298,360,303,355,306,349,309,341,312,331,314,322,314,314,312,307,311,303,308,yes
293,303,296,310,300,316,308,323,319,327,333,327,346,325,357,319,364,311,368,303,370,296,366,296,360,301,356,304,349,306,341,309,331,310,321,310,313,309,307,308,302,306,yes
291,300,294,306,299,312,307,318,317,321,330,321,344,319,355,314,362,306,367,299,369,293,365,293,360,297,354,299,347,301,339,304,328,305,318,305,311,305,305,304,300,302,yes
291,301,295,307,300,312,308,318,319,321,331,321,344,319,355,313,362,306,367,300,369,294,365,294,360,298,355,300,348,302,340,304,330,306,320,306,312,306,305,304,301,303,yes
291,298,294,304,299,309,306,315,317,318,329,319,342,316,353,311,361,304,366,297,368,291,365,291,359,295,354,297,346,299,338,301,328,302,318,302,310,302,304,301,300,300,yes
291,298,295,303,299,307,307,312,317,315,328,316,341,313,351,309,359,302,364,297,367,291,363,291,357,294,352,296,345,297,337,299,327,300,318,300,310,300,304,299,300,299,yes
291,298,294,302,299,307,306,311,316,314,327,315,340,312,350,308,358,302,362,296,366,291,362,291,356,294,351,295,344,297,335,298,326,300,317,300,309,299,304,299,300,298,yes
291,298,294,302,299,306,306,311,316,314,327,314,339,312,349,307,357,301,362,296,365,290,361,290,355,293,350,295,343,296,335,298,325,299,316,300,309,299,303,299,299,298,yes
290,297,293,301,297,306,305,310,314,313,326,313,338,311,348,306,356,300,361,295,364,290,361,290,355,292,350,294,343,296,334,297,324,298,315,299,308,299,302,298,298,298,yes
289,296,293,301,297,305,304,309,313,312,325,312,337,309,347,305,355,299,360,294,363,289,360,289,354,292,349,293,341,295,333,297,323,298,314,298,307,298,301,298,297,297,yes
289,297,292,301,297,305,304,308,313,311,325,311,337,309,347,304,355,299,360,294,363,289,360,289,354,292,349,293,342,295,333,296,323,298,314,298,307,298,301,298,297,297,yes
286,298,290,302,295,306,303,310,313,313,324,313,337,311,347,306,355,300,360,295,363,290,360,290,354,293,349,295,342,297,333,298,323,300,314,300,306,300,300,299,295,299,yes
287,300,291,304,296,308,303,311,313,314,325,314,337,312,347,308,355,302,360,297,363,292,359,292,354,295,349,297,342,298,333,300,323,301,314,301,306,301,300,301,296,301,yes
287,302,291,306,296,309,304,313,314,315,326,315,337,313,348,309,355,304,360,299,363,293,360,294,354,297,349,299,342,300,334,301,324,303,315,303,307,303,301,303,296,302,yes
288,303,292,308,297,313,305,317,315,320,327,320,339,318,349,313,355,306,359,301,362,295,358,295,353,299,349,301,343,303,335,304,325,306,316,306,308,306,302,306,297,305,yes
289,305,292,311,297,316,305,322,315,325,327,325,340,323,350,317,357,310,361,303,363,296,359,297,354,301,349,304,343,306,335,309,325,310,316,311,308,310,302,309,298,307,yes
289,306,292,312,297,317,305,323,315,326,327,326,340,323,350,317,357,310,361,303,363,297,360,297,354,301,350,304,343,307,335,309,325,311,316,311,308,311,302,310,298,308,yes
289,305,293,311,298,316,305,321,316,324,328,324,340,322,350,316,357,309,361,303,363,297,359,297,354,301,350,303,344,305,336,308,326,309,317,309,309,309,303,308,298,307,yes
289,303,293,308,298,313,305,317,315,320,327,320,339,318,349,313,356,307,360,301,363,296,359,296,354,299,349,301,343,303,335,305,325,306,316,306,308,306,302,305,298,304,yes
290,302,294,306,298,311,306,316,315,319,327,318,339,316,349,311,356,305,361,299,363,294,359,294,354,296,349,298,343,300,335,301,325,303,316,303,309,303,303,303,299,302,yes
290,299,293,304,298,308,306,312,316,315,328,315,340,312,350,308,356,301,360,296,363,291,359,291,354,293,349,295,343,296,335,298,326,300,317,300,310,300,304,300,299,299,yes
290,299,293,304,298,308,305,313,315,316,327,316,339,313,349,308,357,302,361,296,364,291,360,291,355,293,350,295,343,297,335,299,325,300,316,301,308,300,303,300,299,300,yes
291,299,294,303,298,308,305,312,315,315,327,315,339,313,349,308,357,301,361,296,364,290,360,290,354,293,349,295,343,296,335,298,325,300,316,300,309,300,304,300,300,299,yes
291,299,294,303,298,307,305,312,315,315,327,315,339,312,349,307,356,301,361,295,364,290,360,290,354,293,349,294,343,296,334,298,325,299,316,300,309,299,303,299,299,299,yes
291,300,294,304,298,308,305,313,315,315,327,315,339,312,349,307,357,301,361,296,364,290,360,291,354,293,350,295,343,297,335,299,325,300,316,301,309,301,303,301,299,300,yes
291,300,294,304,298,308,305,312,315,315,327,315,339,312,349,307,357,301,361,296,364,290,360,291,355,293,350,295,343,297,335,299,325,300,316,301,309,301,303,300,299,300,yes
291,299,294,304,299,308,306,312,316,315,327,315,340,312,350,307,357,301,361,296,364,291,360,291,355,293,350,295,343,297,335,298,326,300,317,300,310,300,304,300,300,300,yes
292,299,295,303,299,307,306,312,316,314,328,314,340,312,350,307,357,301,361,295,364,290,360,290,355,293,350,294,344,296,336,298,326,299,317,300,310,300,305,299,301,299,yes
291,298,294,303,298,307,305,312,315,315,327,315,340,312,350,307,358,301,362,295,365,290,361,290,355,293,350,295,344,296,335,298,325,300,316,300,309,300,304,300,300,299,yes
291,299,294,303,298,308,306,313,316,315,328,315,340,312,351,307,358,301,362,295,365,290,361,290,355,293,351,295,344,296,336,298,326,300,317,300,310,300,304,300,300,299,yes
291,299,294,304,299,308,306,313,316,316,328,316,341,313,351,308,358,302,362,296,365,290,361,290,356,293,351,295,344,297,336,299,326,301,317,301,310,301,304,301,300,300,yes
292,300,295,305,299,309,307,314,317,317,329,316,341,314,351,309,358,302,363,296,365,291,361,291,356,294,351,296,344,298,336,300,327,301,318,302,310,302,305,301,300,301,yes
292,300,295,305,299,309,307,314,316,316,328,316,341,314,351,308,358,302,362,296,365,291,361,291,355,294,351,296,344,298,336,300,327,302,318,302,310,302,305,301,301,301,yes
292,300,295,304,300,309,307,313,317,316,329,316,341,313,351,308,358,302,362,296,365,291,361,291,355,294,351,296,344,298,336,300,327,301,318,302,311,302,305,301,301,301,yes
293,300,296,304,300,308,307,313,317,315,329,315,341,313,351,308,358,302,362,296,364,291,360,291,355,294,351,296,344,297,337,299,327,300,319,301,311,301,306,300,302,300,yes
292,299,295,304,299,308,307,313,317,316,329,316,341,313,351,308,358,302,362,296,365,291,361,291,355,294,351,296,344,297,336,299,327,301,318,301,310,301,305,301,301,300,yes
291,300,295,305,299,309,307,314,317,316,329,316,341,314,351,309,358,302,363,296,365,291,361,291,356,294,351,296,344,298,336,300,327,301,318,302,310,302,305,301,300,301,yes
291,301,295,306,300,310,307,315,317,317,329,317,341,315,350,310,357,304,361,298,364,293,360,293,355,296,350,298,344,300,337,302,327,303,318,304,311,304,305,303,300,302,yes
290,304,293,309,299,313,307,318,317,320,329,320,341,317,351,312,357,306,362,301,364,295,360,296,355,299,351,301,345,303,337,305,327,306,318,307,310,307,304,306,299,305,yes
290,307,293,312,298,317,306,321,317,324,329,324,341,321,351,316,358,309,361,304,364,298,360,298,355,302,351,304,345,306,337,308,328,310,318,311,310,310,304,310,299,309,yes
290,307,294,312,299,317,307,321,317,324,329,324,341,321,350,316,357,310,361,304,363,299,359,299,354,302,350,304,344,306,337,308,327,310,318,311,310,310,304,310,299,309,yes
291,307,294,312,299,317,307,321,317,324,329,324,341,321,351,316,358,310,362,304,364,298,360,298,355,302,351,304,345,306,337,308,327,310,318,310,310,310,304,309,300,308,yes
290,305,294,311,298,316,306,321,316,324,329,324,341,322,351,316,359,309,363,303,365,296,361,297,356,300,351,303,345,305,336,307,327,309,317,309,310,309,304,308,300,307,yes
290,304,294,309,298,314,306,320,316,323,329,323,341,320,352,315,359,307,363,301,365,295,361,295,356,299,351,301,345,304,336,306,326,307,317,308,310,307,304,307,300,305,yes
290,302,294,307,299,312,306,317,317,320,329,320,341,318,351,312,358,305,362,299,365,293,361,293,356,297,351,299,344,301,336,303,327,304,317,305,310,304,304,304,299,303,yes
291,301,294,306,299,311,307,315,316,318,328,318,340,316,350,311,357,304,362,298,365,293,361,293,356,296,351,297,344,299,336,301,326,303,317,303,310,303,304,302,299,302,yes
291,301,294,306,299,310,306,315,316,318,328,318,340,315,351,310,358,304,362,298,365,293,362,293,356,295,351,297,344,299,336,301,326,302,317,303,309,302,304,302,300,302,yes
291,301,294,306,299,310,307,315,316,317,328,317,340,315,350,310,357,304,362,299,364,293,361,293,355,296,350,297,344,299,336,301,326,302,317,303,310,302,304,302,300,302,yes
292,301,296,305,300,309,308,313,317,316,328,315,340,313,350,309,357,303,362,298,365,293,361,293,356,295,351,297,344,298,336,300,327,301,318,302,310,302,305,302,301,301,yes
292,299,295,302,300,306,307,311,317,313,328,313,339,311,349,306,357,300,362,295,365,291,362,291,356,291,351,292,343,293,335,294,326,295,317,296,310,296,304,297,300,297,yes
292,296,295,300,299,303,307,308,316,311,326,310,338,308,348,303,356,298,361,293,365,288,362,288,356,289,350,289,343,290,334,292,325,293,316,294,309,294,304,294,300,295,yes
290,294,293,298,298,302,305,306,315,309,326,308,337,306,348,302,356,296,361,292,365,287,361,287,355,288,350,288,343,288,334,289,325,291,316,291,308,291,302,292,298,293,yes
291,294,294,298,299,302,306,306,316,309,327,309,338,307,348,302,356,296,361,291,365,287,362,287,356,288,350,288,343,289,335,290,325,291,317,292,309,292,303,293,299,293,yes
291,296,294,299,299,303,306,308,316,310,327,310,339,308,348,303,356,297,361,293,364,288,361,288,355,288,350,288,343,289,335,290,326,292,317,292,309,292,303,293,299,294,yes
291,298,295,301,299,305,307,309,316,311,327,311,338,309,348,304,355,299,360,294,364,290,360,290,355,290,349,290,342,290,334,291,325,293,317,293,309,294,303,295,299,296,yes
291,299,295,303,299,306,307,310,316,313,327,312,338,310,347,305,355,300,359,295,362,291,359,291,353,291,348,292,342,293,334,294,325,296,316,296,309,296,303,297,299,298,yes
290,299,293,304,297,308,305,313,315,316,327,316,339,313,349,308,356,301,360,296,362,290,359,291,353,293,349,295,342,296,334,298,325,300,316,300,309,300,303,300,299,300,yes
290,298,293,303,297,308,305,313,315,315,326,315,339,313,349,308,356,301,360,295,363,290,359,290,353,293,349,295,342,296,334,298,325,300,316,300,308,300,303,300,299,299,yes
289,296,292,301,297,306,305,311,315,313,327,313,339,311,349,306,356,299,359,294,362,288,358,288,352,291,348,293,342,295,334,296,325,298,316,298,309,298,303,298,298,297,yes
289,297,292,302,296,306,303,310,313,313,325,313,337,311,347,306,354,299,358,294,361,288,357,288,352,291,347,293,340,294,332,296,323,297,314,298,307,298,302,298,298,297,yes
289,297,292,302,296,306,304,310,313,313,325,313,337,310,347,305,354,299,358,293,361,288,357,288,352,291,347,292,340,294,332,296,323,297,314,298,307,298,302,298,298,297,yes
288,298,291,303,296,307,303,312,313,315,325,314,338,312,348,307,355,301,359,295,361,289,357,290,352,293,347,294,341,296,333,298,324,299,315,300,307,300,301,300,297,299,yes
288,300,291,305,296,309,304,313,314,316,326,316,339,313,348,308,355,302,359,297,361,291,357,291,352,294,348,296,341,298,334,299,324,301,315,302,308,302,302,302,297,301,yes
288,301,291,306,296,311,304,316,314,318,326,318,339,316,349,311,356,304,360,298,363,292,359,292,353,296,348,298,342,300,334,302,325,303,315,304,308,304,302,303,298,302,yes
289,301,292,306,296,311,304,316,314,319,326,319,339,317,349,311,356,304,360,298,362,292,358,292,353,296,348,298,342,301,334,303,325,304,315,305,308,304,302,304,298,302,yes
289,300,292,305,296,310,304,315,314,319,327,319,339,316,349,311,356,304,360,297,362,291,358,292,353,295,348,297,342,299,334,301,324,303,315,303,308,303,302,302,298,301,yes
288,298,291,303,296,307,304,312,314,315,326,315,338,312,348,307,355,300,359,294,361,289,357,289,352,291,347,293,341,295,334,297,324,299,315,299,308,299,302,298,298,298,yes
287,296,290,300,295,304,303,309,314,311,326,311,338,309,348,304,355,297,359,292,361,287,357,287,352,289,347,290,341,292,333,294,324,295,315,296,307,296,301,296,296,296,yes
287,294,290,299,295,303,303,307,313,310,325,309,337,307,347,302,354,295,359,290,361,285,357,285,352,287,347,288,340,290,332,292,323,293,314,294,306,294,300,294,296,294,yes
287,293,290,298,295,302,303,306,313,309,325,309,337,306,347,301,354,295,358,289,361,284,357,284,351,287,347,288,340,289,332,291,323,293,314,293,306,293,300,293,296,293,yes
287,293,291,297,295,301,303,305,313,308,325,307,337,305,347,300,354,294,358,289,361,284,357,284,352,286,347,288,340,289,332,291,323,292,314,293,306,293,301,293,296,293,yes
288,293,291,297,296,301,304,305,313,308,325,307,337,305,347,300,354,294,358,289,360,284,357,284,351,286,347,287,340,289,332,291,323,292,314,293,307,293,301,293,297,293,yes
288,293,292,297,296,301,304,305,314,308,325,307,337,305,347,300,354,294,358,289,361,284,357,284,351,286,347,287,340,289,332,291,323,292,314,293,307,293,301,293,297,292,yes
289,293,292,297,297,301,304,305,314,307,325,307,337,305,347,300,354,294,358,289,360,284,357,284,351,286,347,288,340,289,332,290,323,292,314,292,307,293,302,293,297,293,yes
289,293,293,297,297,300,304,304,314,307,325,306,337,304,347,299,354,294,358,289,361,284,357,284,352,286,347,287,341,289,333,290,323,292,315,292,307,292,302,293,298,293,yes
290,294,293,297,298,301,305,305,315,307,327,307,338,305,348,300,355,294,359,289,361,284,358,284,353,286,348,287,341,289,334,291,325,292,316,293,309,293,303,293,299,293,yes
291,294,294,298,299,302,306,306,316,308,327,308,339,305,349,301,355,295,359,290,362,285,358,285,353,287,348,288,342,290,334,292,325,293,316,294,309,294,304,294,299,294,yes
291,296,294,299,299,303,306,306,316,308,327,308,339,305,348,301,356,296,361,291,364,287,360,287,355,289,350,290,343,292,335,293,325,295,316,295,309,296,303,296,299,296,yes
291,299,294,302,299,306,307,309,317,312,328,311,340,309,350,305,357,299,361,294,364,290,360,290,355,292,350,293,344,294,336,296,327,297,318,298,310,298,304,298,299,298,yes
291,302,294,306,299,310,307,314,317,316,329,316,341,313,351,309,358,303,362,298,364,293,361,293,356,296,351,297,345,299,337,301,328,302,319,303,311,303,305,303,300,302,yes
291,301,294,306,299,310,307,314,317,317,329,316,340,314,350,309,357,303,361,298,364,293,361,293,355,296,351,297,345,299,337,301,327,302,318,303,310,303,304,302,300,302,yes
292,304,295,308,300,313,308,317,318,319,330,319,342,316,352,312,358,305,362,300,364,295,360,295,355,298,351,300,345,302,338,304,329,305,320,306,312,306,306,305,301,305,yes
292,305,295,310,300,315,308,319,318,322,330,321,342,319,352,314,359,308,363,302,365,296,362,296,357,300,352,302,346,304,338,306,329,307,319,308,312,308,305,307,301,306,yes
292,303,296,308,300,312,308,317,318,320,330,320,342,318,352,312,359,306,363,300,365,294,361,294,356,297,352,299,345,301,338,303,328,305,319,305,312,305,306,305,301,304,yes
292,301,295,306,300,310,308,315,318,318,329,318,341,315,351,310,358,303,362,298,364,292,361,292,355,295,351,297,344,299,337,301,327,302,318,303,311,302,305,302,301,302,yes
292,300,295,304,300,308,307,313,317,316,329,315,341,313,351,308,358,302,362,296,365,291,361,291,356,294,351,296,344,297,336,299,327,301,318,301,310,301,304,301,300,300,yes
292,300,295,304,300,308,307,312,317,315,329,315,340,312,350,308,357,302,362,296,364,291,361,291,356,294,351,295,344,297,336,299,327,300,318,301,310,301,304,300,300,300,yes
292,301,295,305,300,308,307,312,317,315,329,314,340,312,350,308,357,302,362,297,364,291,361,292,356,294,351,295,344,297,336,299,327,300,318,301,310,301,304,301,300,301,yes
291,301,295,305,300,309,307,313,317,315,329,315,341,312,350,308,358,302,362,297,365,292,361,292,356,294,351,296,344,297,337,299,327,301,318,301,310,301,304,301,300,301,yes
292,301,296,305,300,308,308,312,317,315,329,315,340,312,350,308,357,302,362,297,365,292,361,292,356,294,351,296,344,297,336,299,327,300,318,301,311,301,305,301,301,301,yes
292,298,296,302,300,306,308,310,317,313,329,313,340,310,350,305,357,299,361,294,364,289,360,289,355,291,350,293,344,294,336,296,327,298,318,298,311,298,305,298,301,298,yes
292,298,295,302,300,306,307,310,317,313,329,313,341,310,350,305,358,299,362,294,365,289,361,289,356,292,351,293,344,295,336,296,327,298,318,299,311,299,305,298,300,298,yes
292,298,296,302,300,305,308,309,317,312,329,312,340,309,350,305,357,299,361,293,364,288,360,288,355,291,350,292,344,294,336,296,327,297,318,298,311,298,305,298,300,297,yes
292,298,295,302,300,305,307,309,317,311,328,311,340,309,350,304,357,299,361,294,364,289,360,289,355,291,351,292,344,294,336,295,327,297,318,297,310,297,305,298,300,297,yes
292,298,296,302,300,306,308,309,318,311,329,311,341,309,350,304,357,299,362,294,365,290,361,290,356,292,351,293,344,294,336,296,327,297,318,298,311,298,305,298,301,298,yes
292,299,296,303,300,306,308,310,318,312,329,312,341,309,351,305,358,300,362,295,365,290,361,290,356,293,351,294,345,295,336,297,327,298,318,299,311,299,305,299,301,299,yes
292,299,295,303,300,306,308,310,317,312,328,311,340,309,350,305,357,299,362,295,364,290,361,290,356,292,351,294,344,295,336,297,327,298,318,299,311,299,305,299,300,299,yes
292,299,295,303,300,306,308,309,317,312,328,311,340,309,350,305,357,299,362,295,364,290,361,290,356,293,351,294,344,295,336,297,327,298,318,299,310,299,305,299,300,299,yes
292,299,296,302,300,306,308,310,317,312,329,312,340,310,350,305,357,299,361,294,364,290,360,290,355,292,350,293,344,295,336,296,327,298,318,298,311,298,305,298,301,298,yes
293,298,296,302,301,306,308,310,317,312,329,312,340,310,350,305,357,299,361,294,364,289,360,290,355,292,350,293,344,294,336,296,327,298,318,298,311,298,305,298,301,298,yes
292,298,296,302,300,306,308,310,317,312,329,312,340,309,350,305,357,299,362,294,364,290,361,290,356,292,351,293,344,295,336,296,327,298,318,298,311,298,305,298,301,298,yes
292,300,296,303,300,307,308,311,318,313,329,312,340,310,350,306,357,300,361,295,364,291,361,291,356,293,351,294,344,296,337,298,327,299,318,300,311,300,305,300,301,300,yes
291,301,295,305,300,308,308,312,318,314,329,314,341,312,351,307,358,302,362,297,365,292,361,292,356,295,351,296,345,298,337,299,328,301,319,301,311,301,304,301,300,301,yes
291,302,295,306,300,310,308,314,318,316,330,316,341,313,351,309,358,303,362,298,365,292,361,293,356,295,351,297,345,299,337,301,328,302,319,303,311,303,305,302,300,302,yes
291,303,295,307,300,311,308,316,318,318,330,318,342,315,352,310,358,304,362,298,365,293,361,293,356,296,352,298,345,300,338,302,328,304,319,304,311,304,305,304,300,303,yes
292,304,295,310,299,314,307,319,317,322,329,321,342,319,352,313,359,306,363,300,365,294,361,294,356,298,351,300,345,302,337,304,327,306,318,307,311,307,305,306,301,306,yes
291,305,294,310,299,316,306,321,317,324,329,323,341,320,351,315,359,307,363,301,365,294,361,295,356,298,351,301,344,303,336,305,327,307,318,308,310,308,305,307,300,306,yes
292,305,294,310,299,315,306,321,317,324,329,324,342,321,352,315,359,307,363,301,365,295,361,295,355,299,351,301,344,303,337,306,327,307,318,308,311,308,305,307,301,306,yes
292,303,295,308,300,313,307,318,317,321,329,321,342,318,351,313,358,306,362,300,364,294,360,294,355,297,350,299,344,301,336,303,327,305,318,305,311,305,305,304,301,304,yes
291,302,294,307,299,311,306,316,317,319,329,319,341,316,351,311,358,304,362,298,364,293,360,293,355,296,351,298,344,299,337,301,327,303,318,304,310,303,304,303,300,303,yes
291,301,294,306,299,310,306,315,316,318,328,318,340,315,350,309,357,303,361,297,364,292,360,292,355,295,350,296,343,298,335,300,326,302,317,302,310,302,304,302,300,301,yes
291,301,294,305,299,309,307,314,317,317,329,317,341,314,351,309,357,303,361,297,364,292,360,292,355,295,350,296,344,298,336,299,327,301,318,301,310,301,304,301,300,301,yes
291,300,295,304,299,308,306,313,316,316,328,315,340,313,350,308,357,302,361,296,364,291,360,291,355,294,350,295,344,297,336,298,326,300,317,300,310,300,304,300,300,300,yes
292,300,295,304,300,308,307,312,317,315,329,315,341,313,350,308,357,302,362,296,364,292,361,292,355,294,350,295,344,296,336,298,327,299,318,300,311,300,305,300,301,300,yes
292,299,296,303,300,307,308,311,317,314,329,314,340,311,350,307,357,301,362,296,364,291,361,291,355,293,351,294,344,296,336,297,327,299,318,299,311,299,305,299,301,299,yes
293,298,296,301,301,305,308,309,317,312,328,312,340,309,350,305,358,299,363,294,366,290,363,290,357,290,351,291,344,292,336,293,327,295,318,295,311,295,305,296,301,296,yes
293,296,296,299,301,303,308,307,317,310,328,309,340,307,350,302,357,296,362,292,366,288,363,288,357,288,352,289,345,289,336,291,327,293,318,293,311,293,305,294,301,294,yes
293,296,296,299,301,303,308,307,318,309,328,308,340,306,350,301,358,296,363,291,367,287,364,287,358,287,352,288,345,289,336,290,327,292,318,292,311,293,305,293,301,294,yes
293,296,296,299,301,303,308,307,318,309,329,308,340,306,350,301,358,296,363,291,367,287,363,287,358,288,352,288,345,289,337,290,327,292,319,292,311,293,305,294,301,294,yes
295,297,298,300,302,304,309,308,319,310,330,310,341,307,351,303,359,297,364,293,367,288,363,288,358,288,352,289,345,289,337,291,328,292,320,293,312,293,307,294,302,295,yes
295,298,299,301,303,305,311,309,320,311,331,311,342,309,352,304,360,298,365,294,368,290,365,290,359,290,353,290,346,290,338,291,329,293,320,293,313,294,307,295,303,296,yes
295,299,299,303,303,306,310,310,320,312,330,312,342,310,352,305,360,300,365,295,369,291,365,291,359,292,354,292,347,292,338,293,329,295,320,295,313,296,307,297,303,297,yes
296,299,299,303,304,307,311,311,321,314,332,314,344,312,354,306,360,300,365,295,367,290,364,291,359,292,354,293,348,295,340,297,331,298,322,298,315,298,309,298,305,298,yes
297,300,300,304,305,308,313,313,323,316,334,316,346,313,355,308,362,302,366,296,368,291,364,291,359,294,355,295,349,297,342,299,333,301,324,301,316,301,310,301,305,300,yes
296,299,300,304,304,308,312,313,322,316,334,316,346,313,355,308,362,301,365,296,368,291,364,291,359,293,355,295,349,297,342,298,332,300,323,300,316,300,310,300,305,299,yes
296,299,299,303,303,307,311,311,320,314,332,313,344,311,354,306,361,300,365,295,367,290,364,290,358,292,354,294,347,295,340,297,330,298,321,299,314,299,308,299,304,299,yes
296,299,299,303,303,307,311,311,321,314,333,314,345,311,354,306,361,300,365,295,367,290,363,290,358,292,354,294,348,295,340,297,331,298,322,299,314,299,309,299,304,299,yes
295,298,298,302,302,306,310,311,320,313,331,313,343,311,353,306,360,299,364,294,366,289,363,289,357,292,353,293,346,295,339,296,329,298,320,298,313,298,308,298,303,298,yes
294,299,297,303,301,307,308,311,318,313,330,313,342,311,352,306,359,300,363,294,366,289,362,289,357,292,352,293,345,294,337,296,328,298,319,298,312,298,306,298,302,298,yes
293,298,296,303,300,306,307,311,317,313,329,313,341,310,351,306,358,299,362,294,365,289,361,289,356,291,351,293,344,295,336,296,327,298,318,298,311,298,305,299,301,298,yes
291,299,293,303,298,307,305,311,315,314,326,313,338,311,348,306,355,299,360,294,362,289,358,289,353,291,348,293,341,294,333,296,324,298,315,298,308,299,303,299,299,298,yes
289,299,292,303,296,307,303,311,313,313,325,313,337,310,346,305,353,299,357,294,359,289,356,289,350,291,346,293,340,294,332,296,323,298,314,299,307,299,302,299,297,298,yes
287,300,290,304,294,308,301,312,311,315,323,314,335,311,345,306,352,299,356,294,358,289,355,289,349,291,344,293,338,295,330,297,321,299,312,299,305,300,300,300,296,299,yes
286,300,289,305,293,309,301,313,311,316,323,316,335,313,345,307,351,301,355,295,357,290,354,290,348,293,344,295,337,297,330,299,320,301,311,301,304,301,299,301,295,300,yes
286,302,289,306,293,310,300,315,310,318,321,317,334,314,343,309,350,303,354,297,357,292,353,292,347,295,343,297,336,299,329,301,319,303,311,304,304,304,298,303,294,302,yes
285,305,288,310,293,313,300,318,309,320,321,319,333,317,343,311,350,305,354,300,356,294,352,295,347,298,342,299,336,301,328,304,318,305,310,306,303,306,298,306,294,306,yes
285,307,288,312,292,316,299,320,309,323,320,323,332,320,342,314,349,308,353,302,355,297,352,297,346,300,342,302,335,304,327,307,318,308,309,309,303,309,298,308,294,308,yes
284,307,288,311,292,315,299,320,309,322,321,322,332,319,342,314,348,308,352,302,354,297,351,297,346,300,341,302,335,304,327,306,318,308,310,309,303,309,297,308,293,307,yes
284,310,287,314,291,319,298,323,308,325,320,325,332,322,342,317,349,310,353,304,355,299,351,299,346,303,342,305,335,307,328,309,318,311,309,312,302,312,297,311,293,310,yes
283,310,286,314,290,319,298,324,308,326,320,326,332,323,342,318,349,310,353,304,355,298,351,299,346,302,341,304,335,307,327,309,317,311,309,312,302,311,296,311,292,310,yes
284,308,286,313,291,318,298,323,308,326,320,326,332,323,342,317,349,310,352,303,354,297,350,297,345,301,341,303,335,306,327,309,318,311,309,311,302,311,297,310,293,309,yes
282,307,285,312,290,316,298,321,308,324,320,324,332,321,342,315,349,308,353,302,354,296,350,296,345,299,341,301,334,304,327,306,317,308,309,309,301,308,296,308,291,307,yes
282,304,285,308,289,312,297,317,307,319,318,319,330,316,340,310,347,303,352,297,354,292,350,292,345,295,340,296,333,298,325,301,316,303,307,304,300,304,295,304,291,304,yes
282,305,285,309,289,313,296,317,305,319,316,318,329,315,339,310,346,303,351,297,354,292,350,292,345,295,339,297,332,299,324,301,314,303,306,304,299,304,294,304,290,304,yes
282,304,285,308,289,312,296,316,305,319,317,318,329,315,339,309,346,302,350,297,353,292,349,292,344,294,339,296,332,298,324,300,314,302,306,303,299,303,294,304,290,303,yes
282,304,285,308,289,311,296,316,305,318,316,317,328,314,338,309,345,302,350,297,353,292,349,292,344,294,338,295,332,297,323,299,314,301,306,302,299,303,294,303,290,303,yes
282,302,285,306,289,310,296,314,305,316,316,316,328,313,337,307,345,300,349,295,352,290,349,290,343,292,338,293,331,295,323,298,314,300,306,300,299,301,294,301,290,301,yes
282,299,285,303,289,306,295,311,304,313,314,313,325,310,335,304,343,298,349,293,353,288,350,288,343,289,337,289,329,291,320,292,311,295,303,295,297,296,292,297,289,297,yes
281,298,285,301,289,304,296,308,305,309,315,309,326,306,336,301,344,295,350,290,353,286,350,286,344,287,338,287,330,288,322,289,312,291,304,292,298,293,292,294,289,295,yes
282,298,285,300,289,303,296,306,305,308,315,307,326,305,336,300,344,294,349,290,353,286,350,286,344,286,338,286,330,287,322,289,312,291,304,292,298,293,292,294,289,295,yes
282,298,285,301,290,304,296,307,305,309,315,308,326,306,336,301,344,295,349,290,353,286,350,286,344,287,338,287,331,288,322,290,313,292,305,292,298,293,293,295,289,296,yes
283,300,286,303,290,306,297,310,306,312,316,311,327,308,337,303,344,297,349,292,353,288,350,288,344,288,338,289,331,290,322,291,313,293,305,294,299,295,294,296,290,297,yes
284,301,287,304,291,307,298,310,307,312,318,311,329,309,338,304,346,298,350,293,354,289,350,289,345,289,339,290,332,291,324,292,315,294,307,295,300,296,295,297,291,298,yes
285,301,288,304,292,308,299,311,308,313,319,313,331,310,340,305,347,299,352,293,355,289,351,289,346,291,341,292,334,293,326,295,317,297,308,298,302,299,296,299,292,300,yes
286,301,289,304,294,307,301,311,310,313,321,313,332,310,341,305,348,299,353,294,355,289,352,289,346,291,342,292,335,294,327,296,318,298,310,298,303,299,298,299,294,299,yes
287,300,290,304,295,308,302,312,311,315,323,314,334,311,344,306,351,299,355,294,357,289,354,289,348,291,343,293,337,295,329,297,320,299,311,299,305,300,299,300,295,300,yes
289,301,292,305,296,309,304,313,313,316,325,315,337,312,347,306,353,299,357,294,359,288,356,289,350,291,346,293,339,295,331,297,322,299,314,300,307,301,302,301,298,300,yes
290,303,293,307,298,311,306,315,316,318,328,317,340,314,349,309,356,302,359,297,361,292,358,292,353,295,348,296,342,298,334,300,325,302,316,303,309,303,303,303,299,303,yes
292,305,295,310,300,314,308,319,318,322,330,321,342,318,352,312,358,305,362,299,364,293,360,294,355,297,350,299,344,301,337,304,327,306,318,307,311,307,305,307,301,306,yes
292,307,296,311,301,316,309,320,319,323,331,322,343,319,353,313,359,306,363,300,365,295,361,295,356,298,352,301,346,303,338,305,329,307,319,308,312,308,306,308,301,307,yes
292,306,296,311,301,315,309,320,319,322,331,322,343,319,353,313,359,307,363,301,365,295,361,296,356,299,352,301,346,303,338,305,329,307,320,308,312,308,306,307,302,307,yes
293,304,296,309,301,313,309,318,320,321,331,320,343,318,353,312,359,306,363,300,365,294,361,295,356,297,352,299,346,301,338,303,329,305,320,305,312,305,306,305,302,305,yes
294,303,298,307,302,311,310,315,320,318,332,318,343,315,353,309,360,303,364,297,367,292,363,292,358,295,353,296,346,298,338,300,329,302,320,303,313,303,307,303,303,303,yes
295,301,298,305,303,309,311,314,321,317,333,317,345,314,354,308,361,302,365,296,368,291,364,291,359,294,354,295,348,297,340,299,330,301,321,302,314,302,308,301,304,301,yes
296,300,300,304,304,308,312,313,322,315,333,315,345,312,355,307,362,300,366,295,368,290,365,290,359,292,355,294,348,296,340,298,331,299,322,300,315,300,309,300,305,300,yes
297,300,300,304,305,308,313,312,323,315,334,314,346,312,356,306,363,300,367,294,369,289,366,290,360,292,356,293,349,295,341,297,332,299,323,299,316,299,310,300,306,299,yes
298,299,302,303,306,307,314,311,324,314,335,314,347,311,357,306,364,299,368,294,370,289,366,289,361,291,357,293,350,295,342,297,333,298,324,299,317,299,311,299,307,299,yes
299,299,302,303,307,306,315,310,325,313,337,313,348,310,358,305,364,299,368,293,371,288,367,289,362,291,357,292,351,294,343,295,334,297,325,298,318,298,312,298,308,298,yes
300,298,303,302,308,305,316,309,326,312,338,311,349,309,359,304,366,298,369,293,372,289,368,289,363,290,358,292,352,293,344,294,335,296,326,296,319,297,313,297,308,297,yes
301,295,304,298,309,302,317,306,327,309,338,309,350,306,360,301,367,295,372,291,375,286,371,286,365,287,360,287,353,287,345,289,336,290,327,291,320,291,313,292,309,293,yes
298,292,302,296,307,300,315,304,326,306,337,306,349,304,359,299,367,293,372,289,376,284,372,284,366,284,361,285,354,285,346,287,336,288,327,289,318,289,312,290,307,291,yes
298,291,302,295,307,299,315,303,326,305,338,305,350,303,360,298,368,292,373,288,377,284,373,284,367,284,362,284,355,284,346,285,336,287,327,287,319,288,312,289,307,290,yes
300,292,304,295,309,299,318,303,328,305,340,304,351,302,361,298,368,293,373,288,377,284,373,284,368,284,363,284,356,285,348,286,338,287,329,288,321,288,314,289,309,290,yes
302,295,306,298,311,301,320,305,330,307,341,307,353,304,363,300,370,294,374,290,377,286,374,286,368,286,363,286,357,287,349,288,339,289,330,290,322,290,316,291,311,293,yes
304,296,308,299,313,302,321,306,331,309,342,308,354,306,363,302,370,296,374,292,377,288,373,288,368,288,363,288,357,289,350,290,341,292,332,292,324,293,317,293,313,294,yes
304,298,308,302,313,306,321,311,332,313,344,313,356,310,365,305,372,299,376,294,378,289,374,289,369,291,365,292,359,294,352,296,342,297,333,298,325,298,318,298,313,298,yes
305,298,308,302,314,306,322,311,332,314,345,314,356,311,366,306,372,300,376,294,378,289,374,289,370,291,365,293,359,295,352,296,343,298,333,298,325,298,319,298,314,298,yes
305,297,308,301,313,305,322,310,332,313,344,313,357,310,366,305,373,298,376,293,378,288,374,288,369,290,365,291,359,293,352,294,342,296,333,296,325,296,319,296,314,296,yes
305,296,309,300,314,304,322,308,332,311,344,311,356,308,366,303,373,297,376,292,379,287,375,287,370,289,365,290,359,292,352,293,342,295,333,295,325,295,319,295,314,295,yes
305,295,309,299,314,303,322,307,333,310,345,310,357,307,367,302,373,296,377,291,379,286,375,286,370,288,366,289,360,290,352,292,343,293,334,294,326,294,319,294,315,294,yes
306,294,309,298,314,302,322,306,332,309,345,309,357,306,366,301,373,295,377,290,379,286,375,286,370,287,366,289,360,290,352,291,343,293,334,293,326,293,320,293,315,293,yes
306,294,310,298,314,302,322,307,332,309,345,309,357,307,366,302,373,295,377,290,379,286,375,286,370,287,365,288,360,290,352,291,343,293,334,293,326,293,320,293,316,293,yes
306,295,309,299,314,304,322,309,333,312,346,311,358,309,368,304,374,297,378,292,379,286,375,286,370,289,366,290,360,292,353,294,344,295,334,296,326,296,320,295,316,295,yes
306,297,309,302,314,308,323,313,334,315,347,315,360,312,369,307,376,300,379,293,380,288,376,288,371,291,367,293,362,295,354,297,345,299,335,299,327,299,321,299,316,298,yes
305,297,309,302,314,307,323,313,334,316,347,316,359,313,369,308,375,301,378,295,380,289,376,289,371,292,367,294,362,296,355,298,345,299,335,300,327,300,320,299,315,298,yes
305,297,308,302,314,307,322,313,334,316,346,316,359,313,368,308,374,301,378,295,380,289,376,289,371,292,367,294,361,296,354,298,345,299,335,300,327,299,320,299,315,298,yes
303,297,307,302,312,307,321,312,332,315,346,315,358,313,368,307,375,301,378,295,380,290,376,290,371,293,367,295,361,297,354,298,344,300,334,300,326,300,319,299,314,298,yes
303,297,307,302,312,307,320,312,331,315,344,315,357,313,367,308,374,301,377,295,379,289,375,289,370,292,366,294,360,296,352,298,343,300,333,300,325,299,318,299,313,298,yes
303,297,307,302,312,307,320,312,331,315,345,315,357,312,367,307,374,301,378,295,380,290,376,290,370,292,366,294,360,296,353,298,343,299,333,300,325,299,318,298,313,298,yes
304,297,307,301,312,306,321,311,331,314,344,314,356,312,366,307,373,300,377,295,379,290,375,290,370,292,365,294,359,295,352,297,343,299,333,299,325,298,318,298,313,297,yes
304,293,308,298,312,302,320,306,330,309,342,309,354,307,364,302,372,296,376,291,379,286,376,286,370,288,365,290,359,291,350,293,341,294,331,295,324,295,317,294,313,294,yes
303,293,307,297,312,300,320,305,330,308,342,307,354,305,365,300,372,295,377,290,379,285,376,285,370,286,365,287,358,288,350,289,341,291,331,291,323,291,317,292,312,292,yes
302,291,305,295,311,299,319,303,329,306,341,305,353,303,364,298,371,293,376,288,379,284,376,284,370,284,365,284,358,285,350,286,340,288,331,288,322,289,315,289,310,290,yes
302,291,306,295,311,299,319,303,329,305,341,305,353,303,363,298,371,293,376,288,379,284,375,284,370,284,365,284,358,285,350,286,340,288,331,288,322,289,316,289,311,290,yes
301,292,305,295,310,299,318,303,329,305,341,305,353,303,363,298,370,293,375,288,378,284,375,284,369,284,364,285,358,285,349,286,340,288,330,288,322,289,315,289,310,290,yes
302,292,305,295,310,299,319,303,329,305,341,305,353,303,363,298,371,293,375,288,379,284,375,284,369,284,364,285,357,285,349,286,340,288,330,288,322,289,315,289,310,290,yes
302,293,305,296,310,300,319,304,329,306,341,306,353,303,363,299,370,293,375,289,378,285,374,285,368,285,364,285,357,285,349,286,340,288,330,288,322,289,315,290,311,291,yes
302,293,306,296,310,299,318,303,329,306,340,306,352,304,362,299,369,293,374,289,377,285,373,285,367,285,362,285,356,285,348,286,339,288,329,288,322,288,315,289,311,290,yes
302,292,305,296,310,300,319,305,329,308,341,308,353,305,363,300,369,294,373,288,375,283,371,283,366,285,362,287,356,289,349,290,339,292,330,292,322,292,316,292,311,291,yes
301,291,305,295,310,300,318,305,329,308,341,308,353,305,363,300,370,294,374,288,376,282,372,282,367,285,362,287,356,289,349,291,339,292,330,293,322,292,315,292,311,291,yes
301,290,304,295,309,299,318,304,328,307,340,307,352,305,362,299,368,293,372,287,374,282,370,282,365,285,361,286,355,288,348,290,338,291,329,292,321,292,315,291,310,291,yes
300,291,304,295,309,300,317,304,328,307,340,307,352,304,362,299,368,293,372,288,374,282,370,282,365,285,361,287,355,288,348,290,338,291,329,292,321,292,314,292,310,291,yes
299,292,303,296,308,300,316,305,326,307,338,307,350,305,360,300,367,294,371,288,373,283,369,284,364,286,359,287,353,289,346,290,336,292,327,292,319,292,313,292,309,292,yes
300,292,303,296,308,300,316,304,326,307,338,307,350,304,360,299,366,293,370,288,372,283,368,283,363,286,359,287,353,289,346,290,336,292,327,292,320,292,314,292,309,292,yes
300,292,303,296,308,300,316,304,326,307,338,307,350,304,360,299,366,293,370,288,372,283,368,283,363,285,359,287,353,288,345,290,336,292,327,292,320,292,314,292,309,291,yes
300,291,303,296,308,300,316,305,326,308,338,308,350,305,359,300,366,293,369,288,372,283,368,283,363,285,358,286,352,288,345,290,336,291,327,292,319,292,314,291,309,291,yes
300,292,303,296,307,300,315,305,325,308,337,308,350,306,360,300,366,294,370,288,373,283,368,283,363,286,359,287,353,289,345,291,336,293,327,293,319,293,313,292,309,292,yes
300,300,303,305,307,310,315,316,326,319,339,319,351,316,361,310,367,302,370,296,372,290,368,290,363,293,359,295,353,297,346,299,336,301,327,302,320,302,314,301,309,300,yes
300,299,302,304,307,309,315,315,325,319,338,318,351,315,361,309,367,302,370,296,371,290,367,290,362,293,358,294,352,296,345,298,336,300,327,300,319,300,314,300,309,299,yes
299,301,302,307,308,313,316,319,328,322,341,322,354,319,363,313,369,305,372,298,373,292,368,292,364,296,360,298,355,300,348,302,338,304,329,305,321,305,314,304,309,302,yes
300,299,303,305,307,311,315,317,326,321,339,321,352,318,362,312,368,304,371,297,372,291,368,291,363,294,359,297,353,299,346,301,337,302,327,303,320,302,314,302,309,301,yes
298,296,301,301,306,307,314,312,325,315,338,315,351,312,362,306,368,299,372,293,374,287,370,287,365,291,360,293,354,295,346,297,336,298,327,299,319,298,312,298,308,297,yes
297,293,300,298,305,303,313,307,324,310,337,310,349,307,359,302,366,295,370,290,372,285,368,285,363,287,359,288,352,290,345,292,335,293,326,294,318,294,311,294,306,293,yes
297,292,300,297,305,301,313,306,323,309,335,308,348,306,358,301,365,294,369,289,372,284,368,284,362,286,358,287,351,288,343,290,334,291,325,292,317,292,311,292,306,292,yes
297,293,301,297,305,301,313,305,323,308,335,308,348,305,358,300,365,294,369,289,371,284,367,284,362,286,357,287,351,288,343,290,333,291,324,292,317,292,311,292,306,292,yes
297,293,301,297,306,301,313,305,324,307,336,307,348,305,358,300,365,294,369,289,371,285,367,285,362,287,358,288,351,289,343,290,334,292,325,292,317,292,311,292,306,292,yes
298,293,301,297,306,300,314,304,324,306,336,306,348,304,358,299,365,294,369,289,371,285,367,285,362,287,358,288,352,289,344,290,334,292,325,292,317,292,311,293,307,293,yes
298,292,302,296,307,299,314,303,324,305,336,305,348,303,358,299,365,293,369,289,372,284,368,284,363,286,358,287,352,288,344,289,334,290,325,291,317,291,311,291,307,291,yes
299,290,302,294,307,298,315,302,325,304,336,304,348,302,358,297,365,292,370,287,373,283,369,283,364,284,359,285,352,285,344,286,335,288,325,288,318,289,312,289,307,289,yes
298,290,302,294,307,297,315,300,325,303,336,302,348,300,358,296,365,291,370,286,373,282,369,282,364,283,359,284,352,285,344,286,335,288,325,288,318,288,311,289,307,289,yes
299,290,302,294,307,297,315,301,325,304,337,303,349,301,359,297,366,291,370,287,373,282,369,282,364,284,360,285,353,286,345,287,336,288,326,289,318,289,312,289,308,290,yes
298,293,302,296,307,300,315,303,326,306,338,305,349,303,359,299,366,293,370,289,373,284,369,284,364,286,359,287,353,288,345,290,336,291,326,292,319,292,312,292,307,292,yes
298,296,302,300,307,303,316,307,326,309,338,309,350,307,360,302,367,296,371,292,374,287,370,287,365,289,360,290,354,291,346,293,337,295,327,295,319,295,313,295,308,295,yes
299,298,303,302,308,306,316,311,327,313,339,313,351,310,361,306,368,299,371,294,374,289,370,289,365,292,360,294,355,295,347,297,338,299,328,299,320,299,314,299,309,298,yes
300,299,303,304,308,309,317,315,328,318,341,317,354,314,364,309,370,302,374,295,376,289,372,289,367,293,362,295,356,298,348,300,339,301,329,302,321,302,314,301,309,300,yes
299,299,303,304,308,309,317,314,328,317,341,317,354,314,364,309,370,302,374,296,376,290,372,290,367,293,362,295,356,298,349,300,339,301,329,302,321,302,314,301,309,300,yes
300,297,303,303,308,308,316,314,327,317,340,317,353,314,363,308,370,301,373,294,375,288,371,288,366,292,361,294,355,296,347,299,338,300,328,301,320,300,314,299,310,298,yes
299,295,302,300,307,305,315,310,326,313,339,313,352,311,362,305,369,298,373,292,375,286,371,286,366,289,361,291,355,293,347,296,337,297,327,297,319,297,313,296,308,296,yes
299,293,303,297,307,301,315,306,325,309,337,309,350,307,360,302,366,295,370,289,373,284,369,284,363,286,359,288,353,290,345,291,336,293,326,293,319,293,313,293,309,293,yes
299,292,302,296,307,300,315,305,325,308,338,308,350,306,360,301,366,294,370,289,372,284,368,284,363,286,359,287,353,289,345,291,336,292,326,292,319,292,313,292,308,292,yes
298,292,302,296,307,300,315,304,325,307,337,307,349,304,359,300,366,294,370,289,372,284,368,284,363,286,359,287,352,289,345,290,335,292,326,292,318,292,312,292,307,292,yes
298,292,301,296,306,299,314,303,324,306,336,306,348,304,358,299,365,293,369,288,372,284,368,284,363,286,358,287,352,288,344,289,334,291,325,291,317,291,311,291,306,291,yes
297,291,301,294,306,298,313,302,323,304,335,304,347,302,357,297,365,292,369,287,372,283,369,283,363,284,358,285,351,286,343,287,333,289,324,289,316,289,310,290,306,290,yes
297,288,300,292,305,295,313,300,323,302,334,302,346,300,356,295,364,290,368,285,371,281,368,281,362,281,357,282,350,282,342,283,333,285,324,285,316,285,310,286,305,287,yes
297,287,300,290,305,293,313,297,323,299,334,299,345,297,355,293,363,288,367,284,371,280,367,280,362,279,356,279,350,279,341,280,332,281,323,282,315,282,309,283,305,285,yes
297,287,300,290,305,293,313,296,323,298,334,298,345,296,355,292,363,287,367,283,371,279,367,279,362,279,357,278,350,278,341,279,332,280,323,281,315,282,309,283,305,284,yes
297,287,300,290,305,293,313,296,323,299,334,298,346,296,355,292,363,287,367,283,371,280,367,280,362,279,356,279,350,279,341,280,332,281,323,281,315,282,309,283,305,285,yes
296,289,300,291,305,294,313,297,323,299,334,299,345,297,355,293,363,288,367,284,371,281,367,281,362,280,356,280,350,280,341,281,332,282,323,282,315,283,309,285,304,286,yes
296,289,300,292,305,295,313,298,322,301,334,300,345,298,355,294,362,289,367,285,370,281,367,281,361,281,356,281,349,281,341,282,332,283,323,284,315,284,309,286,304,287,yes
297,290,300,293,305,297,312,301,322,304,334,304,346,301,356,296,363,291,367,286,369,281,365,281,360,283,356,284,350,286,342,287,332,289,323,289,316,289,310,289,306,289,yes
297,289,300,293,304,297,312,301,322,304,334,304,347,301,356,297,363,290,367,285,369,280,365,281,360,283,356,284,350,286,342,287,333,289,324,289,316,289,310,289,306,289,yes
296,290,299,294,303,298,311,302,321,304,334,304,346,301,356,296,363,290,367,285,369,281,365,281,360,283,355,284,349,286,341,287,332,289,323,290,315,290,309,290,305,289,yes
296,290,298,295,303,299,311,304,321,306,333,306,346,303,356,298,363,291,367,286,369,281,365,281,360,283,355,285,349,287,341,289,331,290,322,291,315,291,309,291,305,290,yes
296,292,299,296,304,300,312,305,322,307,334,307,347,304,357,299,363,293,367,288,369,283,365,283,360,286,356,287,350,289,342,291,332,292,323,293,315,293,310,293,305,292,yes
295,293,299,297,304,302,311,306,322,309,334,309,346,306,356,301,363,295,366,289,368,284,364,284,359,287,355,289,349,291,342,293,332,294,323,295,315,294,309,294,305,293,yes
296,294,299,299,304,302,312,307,322,310,334,310,346,307,356,302,363,296,367,290,369,285,365,286,360,288,356,290,349,292,342,294,332,295,323,296,315,295,309,295,305,295,yes
296,296,299,300,304,304,312,309,322,311,334,311,347,309,356,303,363,297,367,292,369,287,366,287,360,289,356,291,350,293,342,295,332,297,323,297,315,297,309,296,305,296,yes
298,301,300,306,305,311,313,316,323,320,336,319,349,317,359,311,366,304,369,298,371,293,367,293,362,296,358,298,352,300,344,302,334,304,325,304,317,304,311,303,307,302,yes
297,302,301,306,306,311,314,316,325,319,337,319,350,317,359,311,366,304,369,299,371,293,367,293,362,296,358,298,352,300,345,302,335,304,326,304,318,304,312,303,307,302,yes
299,305,302,310,306,315,314,320,324,323,337,323,350,320,360,314,367,307,371,301,373,296,368,296,363,299,359,301,353,303,345,306,335,307,326,308,319,307,313,306,308,305,yes
299,305,303,310,308,314,316,320,327,323,340,323,353,321,362,315,369,308,372,302,374,297,370,297,365,300,361,302,355,304,348,306,338,307,328,308,320,307,314,306,309,305,yes
300,303,304,307,308,312,317,317,327,320,340,320,352,318,362,313,369,306,372,300,374,295,370,295,365,298,361,299,355,301,347,303,338,305,329,305,321,305,315,304,310,303,yes
300,303,304,308,309,312,317,317,327,320,340,320,352,318,362,313,368,306,372,300,374,295,370,295,365,298,361,299,355,301,347,303,338,304,329,305,321,304,315,304,310,303,yes
300,301,304,306,308,310,316,316,327,319,339,319,352,317,361,311,368,304,372,299,375,294,371,294,365,296,361,298,355,299,347,301,337,303,328,303,320,303,314,302,310,302,yes
300,301,304,305,308,309,316,314,327,318,339,318,352,315,362,310,368,304,373,298,375,293,371,293,366,295,361,296,355,298,347,300,337,301,328,302,320,301,314,301,309,301,yes
301,300,304,305,309,309,317,314,327,317,339,317,351,315,361,310,368,303,372,298,375,293,371,293,366,295,361,296,355,298,347,299,337,301,328,301,320,301,314,300,310,300,yes
299,301,303,305,308,309,316,314,326,317,339,317,352,315,362,309,368,303,372,297,374,293,371,293,365,294,361,296,354,297,347,299,337,301,328,301,320,301,314,301,309,300,yes
300,302,303,306,308,310,316,314,327,317,339,317,351,315,361,310,367,303,371,298,373,294,369,294,364,296,360,297,354,299,347,300,337,302,328,302,320,302,314,302,309,302,yes
300,303,303,306,308,310,316,315,327,318,339,318,351,315,361,310,367,304,371,299,373,294,370,294,364,296,360,298,354,299,347,301,338,303,328,303,320,303,314,302,309,302,yes
299,302,303,306,308,310,316,315,327,318,339,318,352,315,361,310,368,304,372,298,374,293,370,294,365,296,360,297,355,299,347,301,338,302,328,302,320,302,314,302,309,302,yes
300,301,304,305,308,309,316,314,326,317,338,317,350,315,360,309,367,303,371,297,374,292,370,292,365,294,360,295,354,297,346,299,336,301,327,301,319,301,314,301,309,300,yes
300,299,303,303,308,307,316,312,326,315,338,315,350,312,360,307,367,300,371,295,374,290,370,290,365,292,360,294,353,295,345,297,335,299,326,299,319,299,313,299,309,298,yes
298,296,301,300,306,304,314,309,324,312,336,312,348,309,358,304,365,298,369,292,371,287,368,287,362,290,357,291,351,293,343,294,334,296,325,296,317,296,311,296,307,296,yes
297,295,300,299,305,303,312,308,322,311,334,311,347,309,357,304,364,297,368,292,371,286,367,287,361,289,357,290,350,292,342,294,332,295,323,296,316,296,310,295,306,295,yes
297,295,300,299,304,303,312,308,322,311,334,311,346,308,356,303,363,297,367,291,370,286,366,287,361,289,356,290,349,292,341,293,332,295,323,295,316,295,310,295,305,295,yes
297,295,300,299,304,303,312,308,322,310,334,310,346,308,356,303,363,296,367,291,370,286,366,286,361,288,356,290,349,291,341,293,332,295,323,295,316,295,310,295,306,295,yes
296,296,299,300,304,304,311,308,322,311,334,311,346,308,356,303,363,297,367,291,370,286,366,287,360,289,356,290,349,292,341,294,332,295,323,296,315,296,309,296,305,295,yes
296,297,299,302,304,306,311,311,322,314,334,314,346,311,356,306,363,299,367,293,370,288,366,288,360,291,356,293,349,295,342,297,332,299,323,299,315,299,309,299,305,298,yes
295,301,298,306,303,311,311,316,321,319,334,319,347,316,358,310,365,303,368,297,370,291,366,291,361,295,356,297,350,299,342,302,332,303,323,304,315,304,309,303,305,302,yes
295,302,298,308,302,313,310,319,321,322,334,321,347,318,358,312,365,305,368,298,370,292,366,292,361,296,356,298,350,301,342,303,332,305,322,306,315,305,309,304,304,303,yes
295,302,298,307,302,312,311,318,321,321,334,321,348,318,358,312,365,305,369,298,370,292,366,292,361,296,356,298,350,301,342,303,332,305,323,305,315,305,309,304,305,303,yes
296,299,299,305,304,310,311,315,322,319,334,319,347,316,357,310,364,303,368,297,370,291,366,291,361,294,356,296,350,299,342,301,332,302,323,303,315,302,309,302,305,300,yes
295,300,298,305,303,310,311,315,321,318,334,318,347,315,357,310,363,303,367,297,369,291,365,291,360,295,356,297,350,299,342,301,332,303,323,303,315,303,309,302,305,301,yes
296,297,299,301,304,306,311,311,321,314,333,313,346,311,356,306,363,299,368,294,370,288,366,288,361,291,356,293,349,295,341,296,331,298,322,298,315,298,309,298,305,297,yes
296,294,299,298,304,302,311,307,321,309,333,309,345,307,355,302,362,296,366,291,369,286,365,286,360,288,355,289,348,290,340,292,331,293,322,293,314,294,308,294,304,294,yes
295,294,298,298,303,301,311,305,320,308,332,308,344,306,354,301,361,295,366,291,369,286,365,286,360,288,355,288,348,289,340,290,330,292,321,292,313,292,308,293,303,293,yes
296,293,299,297,304,300,311,304,321,307,332,307,344,304,354,300,362,294,366,290,369,285,366,285,360,286,355,287,348,288,340,290,330,291,321,292,314,292,308,292,304,292,yes
297,293,300,296,304,299,312,303,321,305,332,305,344,303,354,298,361,293,366,289,370,285,366,285,360,285,355,285,348,286,339,287,330,288,321,288,314,289,308,290,304,291,yes
296,292,299,296,304,299,311,303,321,305,332,305,344,303,354,298,362,293,367,289,370,285,366,285,361,285,355,285,348,285,340,286,330,288,322,288,314,289,308,290,304,291,yes
296,292,299,295,304,298,311,302,321,305,332,304,344,302,354,297,361,292,366,287,370,283,366,283,361,284,355,284,348,284,340,286,331,287,322,288,314,288,308,289,304,290,yes
296,291,300,295,304,298,312,302,322,305,333,304,345,302,354,297,362,292,367,287,370,283,366,283,361,284,356,284,349,284,340,286,331,287,322,288,315,288,309,289,304,290,yes
296,292,300,296,304,299,312,304,321,307,333,307,345,304,355,299,362,293,366,288,369,284,366,284,360,285,355,285,348,285,340,287,331,288,322,289,315,289,309,290,305,291,yes
296,293,300,297,304,301,312,306,321,309,333,309,345,307,355,302,362,295,366,290,369,285,365,286,359,287,355,288,348,290,340,291,331,293,322,293,315,293,309,293,305,293,yes
296,296,299,300,304,304,312,309,322,312,334,312,346,310,356,304,363,298,367,292,369,287,365,287,360,290,356,291,349,293,342,295,332,297,323,297,315,297,309,296,305,296,yes
295,296,299,301,303,305,311,310,322,313,334,313,346,310,356,305,363,298,366,293,369,288,365,288,360,291,355,292,349,294,342,296,332,297,323,298,315,298,309,297,305,297,yes
295,297,298,301,303,305,311,310,321,313,333,313,346,310,356,305,362,298,366,293,368,288,364,288,359,291,355,292,349,294,341,296,331,298,322,298,315,298,309,298,304,297,yes
295,297,298,301,303,305,311,310,321,313,334,313,346,310,356,305,363,299,366,293,368,288,365,288,359,291,355,293,349,294,341,296,332,298,323,298,315,298,309,298,304,297,yes
294,300,297,305,302,310,310,316,320,319,333,319,346,316,356,309,363,302,367,296,368,290,364,290,359,293,355,295,348,297,341,300,331,302,321,302,314,302,308,301,304,300,yes
295,299,298,305,302,310,310,315,320,318,333,318,346,315,356,309,363,302,367,295,369,289,365,290,360,293,355,295,349,298,340,300,331,301,322,302,314,302,309,301,304,300,yes
295,301,298,306,302,312,310,318,321,321,333,321,346,318,356,312,363,304,367,297,369,291,365,291,360,295,355,298,349,300,341,303,331,304,322,305,314,305,309,304,304,302,yes
295,301,298,306,302,312,310,318,320,321,333,321,346,318,356,311,363,304,367,297,369,291,365,291,360,295,355,297,349,299,340,302,331,304,321,304,314,304,308,303,304,302,yes
294,300,297,305,302,311,310,316,320,320,333,320,346,317,356,310,363,303,367,297,369,291,365,291,360,294,355,297,349,299,341,301,331,303,322,304,314,303,308,302,304,301,yes
294,298,297,303,302,308,310,314,320,317,332,317,345,314,355,308,363,301,367,295,369,289,365,290,360,293,355,295,348,297,340,299,330,301,321,301,314,301,308,300,303,299,yes
294,298,298,302,302,307,310,312,320,315,332,315,345,312,355,307,363,300,367,294,369,289,365,289,360,292,355,294,348,295,340,297,330,299,321,300,313,299,308,299,303,298,yes
294,296,297,300,302,305,310,309,320,312,332,312,345,310,355,305,362,298,367,293,369,287,365,288,360,290,355,292,348,294,340,296,330,297,321,298,313,297,307,297,303,296,yes
294,295,297,299,302,303,309,308,319,311,331,311,344,308,354,303,361,297,366,292,369,286,365,287,359,289,354,290,347,292,339,294,329,295,320,295,313,295,307,295,303,295,yes
294,294,297,298,302,302,309,307,319,309,331,309,343,307,353,302,361,296,365,291,368,286,364,286,359,288,354,290,347,291,339,293,329,294,320,294,312,294,307,294,302,294,yes
294,294,297,298,302,302,309,306,319,308,331,308,343,306,353,301,360,296,365,291,367,286,364,286,358,288,354,289,347,291,339,292,329,293,320,294,312,294,306,294,302,294,yes
294,295,297,298,302,302,310,306,320,308,331,308,343,306,353,301,360,296,364,291,367,286,364,286,358,288,354,289,347,290,339,292,329,293,320,294,313,294,307,294,302,294,yes
294,295,297,298,302,302,310,305,319,308,331,307,343,305,353,301,360,295,365,291,367,286,364,286,359,288,354,289,347,290,339,292,329,293,320,294,312,294,307,294,302,294,yes
294,295,297,298,302,302,310,305,319,308,331,308,343,305,353,301,360,295,365,291,368,286,364,286,359,288,354,289,347,290,339,291,329,293,320,293,313,293,307,294,302,294,yes
295,294,298,298,303,302,311,306,320,308,332,308,344,306,354,301,361,296,365,291,368,286,364,286,359,288,354,289,348,290,340,292,330,293,321,294,314,294,308,294,304,294,yes
295,294,299,298,303,302,311,306,321,309,333,308,345,306,354,301,361,296,365,291,368,286,364,286,359,288,354,289,348,290,340,292,331,293,322,294,314,294,308,294,304,294,yes
296,294,299,298,303,302,311,306,321,309,332,308,344,306,354,301,361,296,365,291,368,286,364,286,358,288,354,289,347,291,340,292,330,294,321,294,314,294,308,294,304,294,yes
295,295,298,299,303,303,310,307,320,310,332,310,344,307,354,303,361,297,365,292,368,287,364,288,359,289,354,291,347,292,339,294,330,295,321,295,314,295,308,295,304,295,yes
294,297,298,300,302,304,310,308,321,311,332,311,344,309,354,304,361,298,365,293,367,289,364,289,358,290,354,292,347,293,340,295,330,296,321,296,314,296,308,296,303,296,yes
294,297,298,301,303,305,310,309,320,312,332,312,344,310,354,305,361,299,365,294,368,290,364,290,359,291,354,293,348,294,340,296,330,297,321,297,314,297,308,297,303,297,yes
294,297,298,301,303,305,310,309,321,312,332,312,344,310,354,305,361,299,365,295,367,290,363,290,358,292,353,293,347,294,340,296,330,298,321,298,314,297,308,297,303,297,yes
294,299,297,305,302,310,310,315,321,319,334,319,347,316,357,310,363,303,367,296,370,290,366,290,360,294,356,296,349,298,341,300,332,302,322,303,314,302,308,301,303,300,yes
295,299,298,304,302,309,310,314,320,317,333,317,346,315,357,309,364,302,368,296,371,290,367,290,361,294,356,296,349,298,341,300,331,302,322,302,314,302,309,301,304,300,yes
294,300,297,306,302,313,310,319,321,323,334,324,348,320,358,314,365,306,368,299,370,292,366,292,361,296,356,299,350,301,342,304,332,306,322,306,315,305,309,304,304,302,yes
294,300,297,306,302,312,310,318,321,322,334,322,347,319,358,313,365,305,368,298,370,292,366,292,361,296,356,298,350,301,342,303,332,304,322,305,315,304,309,303,304,301,yes
296,298,299,304,303,309,311,315,321,319,334,319,347,317,357,311,365,303,369,297,371,290,367,291,361,294,356,296,350,299,342,301,332,302,322,302,315,302,309,301,305,300,yes
293,297,297,303,301,307,309,313,320,316,332,316,345,313,355,308,363,301,367,295,369,290,365,290,360,293,355,294,348,296,340,298,330,300,321,300,313,300,307,299,303,298,yes
294,297,297,301,301,306,309,311,319,314,331,314,344,311,354,306,362,300,366,294,369,289,365,289,359,292,354,293,348,295,339,296,329,298,320,298,312,298,307,298,303,297,yes
294,296,297,301,302,305,309,309,319,312,331,312,343,310,354,305,361,299,366,294,368,289,365,289,359,291,354,293,347,294,339,296,329,297,320,297,313,297,307,297,302,296,yes
294,296,297,300,302,304,309,308,319,311,331,311,343,309,354,304,361,298,366,293,369,288,365,288,359,290,354,292,348,293,339,295,329,296,320,296,313,296,307,296,303,296,yes
294,296,297,300,302,303,310,307,319,310,331,310,344,308,354,303,361,297,366,292,369,288,365,288,360,290,355,291,348,292,339,293,329,295,320,295,313,295,307,295,302,295,yes
294,295,297,299,302,303,309,307,319,309,331,309,343,307,353,302,361,297,366,292,369,287,365,287,360,289,355,290,348,291,339,293,329,294,320,294,313,295,307,295,302,295,yes
294,295,298,298,302,302,310,306,320,309,332,309,344,307,354,302,361,296,366,291,369,287,365,287,359,288,354,290,348,291,340,292,330,293,321,294,313,294,307,294,303,294,yes
295,294,298,298,303,302,311,306,320,309,332,308,344,306,354,302,361,296,366,291,368,287,365,287,359,288,354,290,348,291,340,292,330,293,321,294,314,294,308,294,303,294,yes
295,294,298,298,303,302,311,306,320,308,332,308,344,306,354,302,361,296,365,291,368,287,364,287,359,288,354,290,348,291,340,292,330,293,321,294,314,294,308,294,303,294,yes
295,295,299,299,303,302,311,306,321,308,333,308,344,306,354,302,361,296,365,291,368,287,364,287,359,289,354,290,348,291,340,292,331,294,322,294,314,294,308,294,304,294,yes
295,295,299,299,303,302,311,306,321,309,333,309,344,307,354,302,362,296,366,292,368,287,365,287,359,289,355,290,348,291,340,292,330,294,321,294,314,294,308,294,304,294,yes
295,295,298,299,303,302,310,306,320,309,332,309,344,307,354,302,361,296,366,292,368,287,365,287,359,289,355,290,348,291,340,292,330,294,321,294,313,294,307,294,303,294,yes
294,295,298,299,302,302,310,306,320,309,332,309,344,307,354,302,361,296,366,291,368,287,365,287,359,289,354,290,348,291,339,292,330,294,321,294,313,294,307,294,303,294,yes
295,295,298,299,303,302,311,307,320,309,332,309,344,307,354,302,361,296,365,291,368,287,364,287,359,289,354,290,348,292,340,293,330,295,321,295,314,295,308,295,304,294,yes
295,296,298,300,303,303,311,308,321,310,333,310,344,308,354,303,361,297,365,292,367,288,364,288,358,290,354,291,347,293,340,294,330,296,322,296,314,296,308,296,304,295,yes
295,296,298,300,302,304,310,309,320,311,332,311,344,309,354,304,361,298,365,293,367,289,363,289,358,291,353,292,347,293,339,295,330,297,321,297,314,297,308,296,303,296,yes
295,296,298,300,303,304,310,308,320,311,332,311,344,309,354,304,361,298,365,293,367,289,363,289,358,290,354,292,347,293,340,295,330,296,321,297,314,297,308,296,304,296,yes
294,297,298,301,302,305,310,310,320,313,332,313,344,310,354,305,361,299,365,294,367,289,363,289,358,291,353,293,347,294,339,296,330,298,321,298,314,298,308,297,303,297,yes
294,298,297,304,302,309,310,314,320,317,333,317,346,315,356,309,363,302,367,296,369,290,365,290,359,293,355,295,349,297,341,299,331,301,322,301,314,301,308,301,303,299,yes
296,298,298,304,303,310,311,316,321,320,334,320,347,317,357,311,364,304,367,297,369,291,365,291,360,295,355,297,349,299,341,301,332,303,322,303,315,302,309,301,305,300,yes
295,297,298,303,303,309,311,315,322,319,334,319,347,316,357,310,364,303,367,296,369,290,365,290,360,293,355,295,349,297,342,299,332,301,323,301,315,301,309,300,304,299,yes
294,296,297,301,302,306,310,312,321,315,333,315,346,313,356,307,363,300,366,294,368,288,364,288,359,291,355,293,349,294,341,296,331,297,322,298,314,298,308,297,303,297,yes
292,298,296,302,301,307,309,311,320,314,332,314,345,312,355,307,361,300,365,295,367,290,363,290,358,292,354,293,348,295,340,297,331,298,321,299,313,298,307,298,302,298,yes
294,298,297,302,302,306,310,311,320,314,333,314,345,312,355,307,361,300,365,295,367,290,363,290,358,292,353,293,347,295,340,297,330,298,321,299,313,298,307,298,303,297,yes
293,297,297,301,302,306,310,311,320,314,332,314,344,311,354,306,361,299,365,294,367,289,363,289,358,291,353,293,347,294,339,296,330,298,321,298,313,298,307,297,302,297,yes
293,296,296,300,301,303,309,308,319,311,331,311,344,308,354,304,361,297,366,292,368,287,364,288,359,290,354,291,347,292,339,294,329,295,320,296,312,296,306,295,302,295,yes
293,294,296,298,301,302,308,306,318,309,330,309,343,307,353,302,360,296,365,291,368,286,364,286,359,288,353,289,346,291,338,292,328,294,319,294,312,294,306,294,302,294,yes
314,328,317,332,322,336,330,340,340,343,351,343,363,340,372,335,378,329,382,324,384,319,381,320,376,321,371,322,365,324,358,326,349,327,341,328,333,328,327,327,322,327,no
314,328,318,331,323,336,331,340,341,343,352,343,363,341,372,336,378,330,382,325,385,320,381,321,376,321,372,322,366,323,359,325,350,327,341,327,334,327,327,327,323,327,no
314,327,318,331,323,336,331,341,341,344,352,344,363,341,372,336,378,329,382,324,385,319,381,320,376,320,372,321,366,323,359,325,350,326,341,327,334,326,327,326,323,326,no
314,326,318,330,322,335,330,340,340,343,352,343,363,340,372,335,378,329,382,324,385,319,381,319,376,320,372,321,366,322,359,324,350,326,341,326,334,326,327,325,323,326,no
314,326,317,330,322,335,330,339,340,342,351,342,362,340,372,335,378,328,382,323,384,319,381,319,376,320,372,321,366,322,359,324,350,326,341,326,333,326,327,326,322,326,no
314,327,318,331,323,335,330,341,340,344,352,344,363,341,372,336,378,329,382,324,384,319,381,320,376,320,371,321,366,323,358,324,350,326,341,326,334,326,327,326,323,326,no
313,328,317,332,322,336,330,340,340,343,351,343,362,341,371,336,377,329,382,324,384,320,381,320,376,321,371,322,365,323,358,325,350,327,341,327,333,327,327,327,322,327,no
314,327,317,331,322,336,330,341,340,344,351,344,362,341,371,336,378,330,382,324,384,320,381,320,376,321,371,322,366,323,358,325,350,327,341,327,333,327,327,326,322,327,no
313,327,316,331,321,336,329,341,339,344,351,344,362,341,371,336,378,329,382,324,384,320,381,320,375,321,371,322,365,323,358,325,349,327,340,327,332,327,326,326,321,327,no
314,327,317,330,322,334,330,339,340,342,351,342,362,340,371,335,377,328,382,323,384,319,381,319,376,320,371,321,365,322,358,324,349,326,341,326,333,326,327,326,322,326,no
313,327,317,330,322,335,330,339,340,342,351,342,362,340,371,335,377,329,381,324,383,319,380,319,375,320,371,321,365,322,358,324,349,326,341,326,333,326,326,326,322,326,no
314,327,317,331,322,335,330,340,340,343,351,343,362,340,371,335,377,329,381,324,383,319,380,320,375,320,371,321,365,323,358,324,350,326,341,326,333,326,327,326,322,326,no
312,328,316,331,321,336,329,340,339,343,351,343,362,341,371,336,377,329,381,324,383,320,380,320,375,321,370,321,365,323,358,325,349,326,340,327,332,327,326,327,321,327,no
312,328,316,332,321,336,329,341,339,344,350,344,361,341,370,336,377,330,381,324,383,320,380,320,374,321,370,322,364,323,357,325,348,326,340,327,332,327,326,327,321,327,no
312,327,315,331,320,336,328,341,338,344,350,343,361,341,370,336,377,329,381,324,383,319,380,320,374,320,370,321,364,323,357,325,348,326,339,327,331,326,325,326,321,327,no
312,327,315,331,320,336,328,340,338,343,349,343,360,340,370,335,377,329,381,324,383,319,380,319,375,320,370,321,364,322,356,324,348,326,339,326,331,326,325,326,320,326,no
313,327,316,330,321,334,329,339,339,342,350,342,361,340,370,335,377,328,381,323,383,319,380,319,375,320,370,321,364,322,357,324,349,325,340,326,332,326,326,326,321,326,no
311,327,314,331,320,335,328,340,338,343,349,342,361,340,370,335,376,328,380,323,383,319,379,319,374,319,370,320,364,322,356,323,348,325,339,326,331,325,325,326,320,326,no
311,327,315,331,320,335,328,341,338,343,350,343,361,341,370,336,377,329,381,323,383,319,380,319,375,320,370,320,364,322,357,324,348,325,339,326,331,326,325,326,320,326,no
311,327,314,331,319,335,328,340,338,343,349,343,360,341,369,335,376,329,380,323,383,319,379,319,374,320,369,320,363,322,356,324,347,326,338,326,331,326,324,326,320,326,no
311,327,315,331,320,335,328,340,338,343,350,343,361,341,370,336,376,329,380,323,383,318,379,319,374,320,370,320,364,322,356,324,348,325,339,326,331,326,325,326,320,326,no
311,327,315,331,320,335,328,340,338,343,349,343,360,341,370,335,376,329,380,323,382,319,379,319,374,320,369,320,363,322,356,324,347,325,339,326,331,326,324,326,320,326,no
311,327,315,331,320,335,328,340,338,343,349,343,361,341,370,335,376,329,380,323,382,318,379,319,374,319,369,320,364,322,356,324,347,325,339,326,331,326,325,326,320,326,no
311,327,315,331,320,335,328,340,338,343,349,343,360,340,369,335,376,328,380,323,382,318,379,319,374,319,369,320,363,321,356,323,347,325,339,325,331,325,325,325,320,326,no
311,327,315,331,320,335,328,340,338,343,350,343,361,340,370,335,376,328,380,323,382,318,379,319,374,319,370,320,364,321,357,323,348,325,339,325,331,325,325,325,320,326,no
311,326,315,330,320,335,328,340,338,343,349,343,360,340,369,335,376,328,380,323,382,318,379,319,374,319,369,320,363,322,356,323,347,325,339,326,331,325,325,325,320,326,no
311,326,315,330,320,335,328,340,338,343,350,343,361,340,370,335,376,329,380,323,383,318,379,319,374,319,370,320,364,321,356,323,348,325,339,325,331,325,325,325,320,325,no
311,326,315,330,320,335,328,339,338,342,349,342,360,340,369,335,376,328,380,323,382,318,379,319,374,319,369,320,363,321,356,323,347,325,339,325,331,325,324,325,320,325,no
311,326,315,330,320,334,328,339,338,342,350,342,361,340,370,334,376,328,380,322,382,318,379,318,374,318,369,319,363,321,356,322,348,324,339,325,331,324,325,325,320,325,no
311,325,315,329,320,333,327,338,337,341,349,341,360,339,369,333,375,327,379,321,382,317,378,317,373,318,369,319,363,320,356,322,347,324,338,324,331,324,324,324,320,324,no
311,325,314,329,320,333,328,338,338,341,349,341,361,338,370,333,377,326,380,321,383,316,379,316,374,317,370,318,364,319,356,321,347,323,338,323,331,323,324,323,320,323,no
311,324,314,328,319,332,327,337,337,340,349,340,360,338,369,332,375,326,379,320,382,316,379,316,373,317,369,318,363,319,356,321,347,323,338,323,330,323,324,323,319,323,no
311,324,314,328,319,332,327,337,337,340,348,340,359,337,369,332,375,326,379,320,382,316,378,316,373,317,368,317,363,319,355,321,347,322,338,323,330,322,324,323,319,323,no
309,323,312,327,317,331,325,335,335,338,347,338,358,335,367,330,374,324,378,319,381,315,378,315,372,315,368,316,361,317,354,319,345,321,336,321,328,321,322,322,317,322,no
308,322,311,325,316,329,324,334,334,337,345,337,356,334,366,329,373,323,377,318,380,313,377,313,371,314,366,315,360,316,352,318,343,320,335,320,327,320,321,320,316,321,no
308,319,311,323,316,326,324,331,333,334,345,334,356,331,365,326,372,320,376,315,379,311,376,311,370,312,366,313,360,314,352,316,343,317,334,318,327,318,320,318,316,318,no
305,316,308,320,313,325,321,330,331,334,343,334,355,331,365,325,371,318,375,313,378,308,375,308,369,309,364,310,358,311,350,313,341,315,332,315,324,315,318,315,313,315,no
303,315,306,320,311,324,319,330,330,334,342,334,354,331,364,325,370,318,374,312,377,306,373,307,368,308,363,310,356,311,349,313,340,315,331,316,323,315,317,315,312,315,no
303,315,306,321,311,327,318,333,329,337,341,337,353,334,363,328,370,320,373,313,375,307,371,307,366,310,362,313,356,316,349,319,340,321,330,321,323,320,317,318,312,317,no
302,314,305,320,310,326,318,332,329,336,342,336,354,333,363,327,370,319,373,312,375,306,371,306,366,310,362,313,356,315,349,318,340,320,330,320,323,319,316,318,312,316,no
302,314,306,320,311,326,319,332,329,335,342,335,354,332,363,326,369,319,373,312,374,306,371,306,366,310,362,313,356,316,349,318,340,320,331,320,323,319,317,318,312,316,no
301,313,305,319,310,325,318,331,329,336,342,336,354,333,364,326,369,318,373,311,374,305,371,305,365,308,361,311,356,314,349,316,340,318,330,318,322,317,316,316,311,315,no
301,313,304,318,309,324,317,330,328,334,340,334,352,331,362,324,368,316,372,309,374,303,370,304,365,307,360,309,354,311,347,314,338,316,329,316,321,315,315,314,311,313,no
301,313,304,318,309,323,317,330,327,334,339,334,352,331,361,324,367,316,371,310,373,304,369,304,364,307,359,309,354,311,346,313,337,315,328,315,321,314,315,314,311,313,no
303,313,306,318,310,323,317,330,327,334,339,334,351,331,360,325,366,317,369,311,371,305,367,305,362,308,358,309,353,311,346,313,337,315,328,315,321,315,316,314,312,313,no
306,315,309,320,313,326,320,332,329,336,340,337,351,334,359,328,364,320,367,314,368,308,364,308,360,310,357,312,352,314,346,316,338,317,330,317,323,317,318,316,314,315,no
306,317,309,322,313,327,320,333,329,337,340,338,351,335,359,329,364,321,367,315,368,309,365,309,360,312,357,314,352,316,346,318,338,319,330,320,324,319,318,318,314,317,no
307,316,309,321,313,327,320,334,328,338,339,339,350,336,358,330,363,322,366,316,367,310,364,310,359,312,356,314,351,316,345,318,337,319,329,319,323,319,318,318,314,317,no
304,313,306,318,310,323,318,329,327,333,339,334,351,331,360,324,366,316,369,310,371,305,367,305,362,307,358,308,353,310,345,311,337,313,329,313,322,313,316,313,312,312,no
303,311,306,315,310,320,317,325,327,328,339,328,351,326,361,320,367,313,370,307,373,302,369,302,364,303,359,304,353,306,346,307,337,309,328,309,321,309,315,310,311,310,no
303,310,306,314,310,318,317,323,327,326,339,326,350,323,360,318,366,311,370,306,373,301,369,301,364,302,359,302,353,303,345,304,336,306,328,306,321,307,315,308,311,308,no
302,309,305,313,309,317,316,322,326,325,338,325,350,322,359,317,366,310,370,305,373,300,369,300,364,301,359,302,352,303,345,305,336,307,327,307,320,307,314,307,310,308,no
302,309,305,312,309,316,317,321,326,324,338,324,350,322,359,316,366,309,370,304,373,300,369,300,364,301,359,301,353,302,345,304,336,305,327,306,320,306,314,307,310,307,no
301,308,305,312,309,316,316,321,326,324,338,323,350,321,359,315,366,309,370,304,373,299,369,299,364,300,359,300,352,302,345,303,336,305,327,305,320,306,314,306,310,307,no
301,308,304,312,309,316,316,320,326,323,338,323,350,320,360,315,366,309,370,303,373,299,369,299,364,300,359,301,353,302,345,304,336,305,327,306,320,306,314,307,310,307,no
301,308,304,312,309,316,316,321,326,324,338,323,350,321,359,315,366,309,370,303,373,299,369,299,364,300,359,301,353,302,345,304,336,306,327,306,320,306,314,307,310,307,no
300,308,304,312,308,316,316,320,326,323,338,323,350,320,359,315,366,308,370,303,373,298,369,299,364,300,359,301,353,302,345,303,336,305,327,306,319,306,313,306,309,307,no
300,307,304,311,308,315,316,320,326,323,338,323,350,320,359,314,366,308,370,302,373,298,369,298,364,299,359,300,353,302,345,303,336,305,327,306,319,306,313,306,309,306,no
300,307,303,311,308,315,315,320,326,323,338,322,350,320,359,314,366,307,370,302,372,297,369,297,363,298,359,299,352,301,345,302,336,304,327,305,319,305,313,305,308,306,no
300,307,303,311,308,315,315,320,325,323,337,322,349,320,359,314,366,307,370,302,372,297,369,297,363,298,358,299,352,300,344,302,335,304,326,305,319,305,313,305,308,306,no
299,306,302,310,307,314,315,319,325,322,337,322,349,319,359,314,366,307,369,301,372,296,368,296,363,298,358,299,352,301,345,303,335,304,326,305,319,305,313,305,308,305,no
299,305,302,310,307,314,315,319,325,322,337,322,349,320,359,314,365,307,369,301,371,296,368,296,362,298,358,299,352,301,344,302,335,304,326,305,319,305,313,305,308,305,no
300,305,303,309,308,314,316,320,326,323,338,323,350,321,360,314,366,307,369,301,371,296,367,296,362,298,358,300,352,301,345,303,336,305,327,305,320,305,314,305,309,304,no
300,304,303,309,308,315,315,321,325,325,337,325,349,322,358,316,364,308,367,302,369,296,365,296,360,299,356,300,351,302,344,304,335,306,326,306,319,305,313,305,309,304,no
301,303,303,308,307,314,314,321,324,325,336,326,348,323,357,316,362,308,365,301,367,296,363,296,358,298,354,300,349,302,342,304,334,306,326,306,319,305,314,304,310,303,no
300,301,303,306,307,312,314,318,323,323,335,323,347,320,356,314,362,306,365,300,366,294,363,294,358,296,354,298,348,300,341,302,332,304,324,304,318,303,312,302,309,301,no
297,299,300,304,304,310,312,316,322,321,334,321,346,318,355,312,362,304,365,297,367,291,363,292,358,294,354,296,348,298,340,300,331,302,323,302,316,301,310,300,306,299,no
296,297,299,302,303,308,310,314,321,318,333,319,345,316,355,309,361,301,365,295,367,290,363,290,358,292,353,294,347,296,340,298,331,299,322,299,315,299,309,298,305,297,no
296,296,299,301,303,306,310,312,320,316,332,316,345,313,354,307,361,299,364,294,366,289,363,289,357,290,353,291,347,293,339,295,330,296,322,296,315,296,309,296,305,296,no
296,296,298,300,303,305,310,311,320,314,332,314,345,311,354,305,361,298,364,292,366,288,363,288,357,289,353,290,347,292,339,293,330,295,322,295,315,295,309,295,305,295,no
296,295,299,299,303,304,310,309,320,312,332,312,344,310,354,304,361,297,365,292,367,287,363,287,358,288,353,289,347,291,339,292,330,294,321,294,314,294,309,294,305,294,no
295,295,298,299,303,304,310,309,320,312,332,312,345,309,355,304,362,297,366,291,368,286,364,286,359,288,354,289,347,291,340,292,330,294,322,294,314,294,309,294,304,294,no
296,295,299,299,303,304,311,309,321,312,333,312,345,309,355,303,362,296,366,291,368,286,364,286,359,288,354,289,348,291,340,292,331,294,322,294,315,294,309,294,305,294,no
295,296,298,300,303,304,310,309,321,312,333,311,345,309,355,303,361,296,365,291,367,286,364,286,358,288,354,289,348,291,340,292,331,294,322,295,314,295,309,295,304,295,no
296,296,299,300,304,304,311,309,321,311,333,311,346,308,355,303,362,297,366,291,368,286,364,286,359,288,355,289,348,291,341,292,331,294,323,295,315,295,309,295,305,295,no
295,296,298,300,303,304,310,308,321,311,333,311,345,308,354,303,361,297,365,291,367,286,363,287,358,288,354,290,348,291,340,293,331,294,322,295,314,295,308,295,304,295,no
295,296,299,300,303,304,311,308,321,311,333,311,345,308,355,303,362,296,366,291,368,286,364,286,359,288,354,289,348,291,341,292,331,294,322,295,315,295,309,295,304,295,no
295,296,299,300,303,304,311,308,321,311,333,311,345,309,355,303,362,297,366,291,368,287,364,287,359,289,354,290,348,291,340,293,331,295,322,295,315,295,309,295,304,295,no
295,296,299,300,303,304,311,308,321,311,333,311,345,308,355,303,361,297,365,292,367,287,363,287,358,289,354,290,348,291,340,293,331,295,322,295,314,295,309,295,304,295,no
295,296,299,300,303,304,311,308,321,311,333,311,345,308,355,303,362,297,366,291,368,287,364,287,359,289,354,290,348,291,341,293,331,295,322,295,315,295,309,295,304,295,no
295,296,298,300,303,304,311,308,321,311,333,311,345,308,355,303,362,297,365,292,368,287,364,287,359,289,354,290,348,291,340,293,331,295,322,295,314,295,309,295,304,295,no
295,295,298,299,303,303,311,308,321,311,333,311,345,308,355,303,361,296,365,291,368,286,364,287,359,288,354,290,348,291,340,293,331,294,322,295,314,295,309,295,304,295,no
295,295,298,299,303,303,310,308,321,311,333,310,345,308,355,302,362,296,366,291,368,286,364,286,359,288,354,289,348,290,340,292,331,294,322,294,315,294,309,294,304,294,no
295,294,298,298,303,303,311,308,321,311,334,311,346,308,356,303,362,296,366,290,368,285,364,285,359,287,354,289,348,290,341,292,332,293,323,294,315,294,309,294,304,293,no
295,293,298,298,303,303,311,308,321,312,333,312,346,309,355,303,362,296,365,291,367,285,364,286,358,288,354,289,348,291,341,292,331,294,323,294,315,294,309,294,305,293,no
296,293,299,298,303,303,311,309,321,312,333,312,345,310,355,304,361,297,364,291,366,286,363,286,358,288,353,289,348,291,340,292,331,294,323,294,315,294,310,293,305,293,no
297,293,300,298,304,303,312,309,322,313,334,313,346,310,355,304,361,297,364,291,366,286,362,287,357,288,353,290,348,291,341,293,332,294,323,294,316,294,310,294,306,293,no
297,293,299,298,304,303,312,309,322,313,334,313,346,311,356,305,362,297,365,292,367,286,363,286,358,288,354,290,348,291,341,293,332,294,323,295,316,294,310,294,306,293,no
296,293,299,298,303,303,311,309,321,312,333,312,345,310,355,304,361,297,364,291,366,286,362,287,357,288,353,289,347,291,340,292,331,294,323,294,315,294,310,293,305,293,no
297,294,299,298,304,303,311,308,321,312,334,312,346,309,355,303,361,297,365,291,367,287,363,287,358,288,353,289,348,290,340,291,331,293,323,293,316,293,310,293,306,293,no
297,294,300,298,304,302,312,308,322,311,334,311,346,309,355,303,362,296,365,291,367,286,363,287,358,287,354,288,348,289,340,290,331,292,323,292,316,292,310,292,306,293,no
298,294,300,298,304,302,312,308,321,311,333,311,345,309,355,303,361,296,365,291,367,287,363,287,358,287,353,288,347,288,340,290,331,291,322,292,315,292,310,292,306,292,no
296,295,300,299,304,303,312,308,322,311,334,311,345,308,355,303,362,296,365,291,367,286,364,287,359,287,354,288,348,289,340,291,331,292,323,293,315,293,309,293,305,294,no
296,295,299,299,304,302,311,307,321,310,332,310,344,307,354,303,361,297,365,292,367,288,363,288,358,289,353,289,347,290,339,291,330,292,322,293,315,293,309,293,305,294,no
296,296,299,299,304,303,311,308,321,310,333,310,345,308,355,303,361,297,365,292,368,288,364,288,359,289,354,290,348,291,340,292,331,294,322,294,315,294,309,295,305,295,no
295,296,299,300,303,303,311,307,321,310,332,310,344,307,354,303,361,297,364,293,367,288,363,288,358,290,354,291,348,292,340,293,331,294,322,295,314,295,309,295,304,295,no
295,297,299,301,304,304,312,309,322,311,334,311,345,308,354,304,361,298,365,293,367,288,363,288,358,290,354,291,348,292,341,294,332,295,323,296,315,296,309,296,304,296,no
296,297,299,300,303,304,311,308,321,311,333,310,344,308,354,304,361,298,365,293,367,289,363,289,358,290,354,291,348,292,340,294,331,295,322,296,315,296,309,296,304,296,no
296,297,299,301,303,304,311,309,321,311,333,311,345,308,354,304,361,298,365,293,367,289,364,289,358,290,354,292,348,293,340,295,331,296,322,297,315,297,309,297,304,297,no
296,297,299,301,304,305,311,309,321,312,333,311,345,309,354,304,361,298,365,294,367,289,363,289,358,291,354,292,348,293,340,295,331,296,322,296,315,296,309,297,305,297,no
296,298,299,301,304,305,311,309,321,312,332,312,344,309,354,304,361,298,365,294,367,289,363,289,358,291,354,292,347,293,340,294,331,296,322,296,315,296,309,297,305,297,no
296,297,299,301,303,305,310,309,320,312,332,311,344,309,354,304,360,298,364,293,367,289,363,289,358,290,353,291,347,293,339,294,330,296,321,296,314,296,308,296,304,296,no
295,296,298,300,302,304,310,309,320,312,332,312,344,309,354,304,361,298,365,292,367,287,363,288,358,290,354,291,347,292,340,294,330,295,321,296,314,296,308,296,304,296,no
295,296,298,300,302,304,310,309,320,311,332,311,344,309,354,304,360,298,364,292,367,288,363,288,358,289,353,291,347,292,339,293,330,295,321,295,314,295,308,295,303,295,no
294,296,297,300,302,304,310,308,320,311,332,311,344,309,353,303,360,297,364,292,366,287,363,287,358,289,353,290,347,292,339,293,330,295,321,295,313,295,307,295,303,295,no
295,295,298,299,302,303,310,308,320,311,332,311,344,308,354,303,361,297,365,291,367,286,363,287,358,288,353,290,347,291,340,293,330,294,321,295,314,295,308,295,304,295,no
295,294,298,299,302,303,310,308,320,311,333,311,345,308,355,303,361,296,365,291,367,286,363,286,358,288,353,289,347,290,340,292,330,293,321,294,314,294,308,294,304,294,no
293,293,297,297,301,302,309,307,319,310,332,310,344,307,354,302,360,295,364,290,366,285,362,285,357,287,352,288,346,289,339,291,330,292,321,293,313,293,307,293,303,292,no
294,289,296,293,300,298,307,304,317,308,330,308,342,305,352,299,359,292,362,287,365,282,361,282,355,284,351,285,345,286,337,288,328,290,319,290,312,289,307,289,303,288,no
294,288,296,292,300,297,307,303,317,306,329,307,341,304,351,298,358,291,362,286,364,281,360,281,355,283,350,284,344,285,336,287,327,288,318,288,311,288,306,288,302,287,no
293,287,296,291,300,297,307,303,316,307,328,307,341,304,351,298,358,291,361,285,364,280,360,280,354,282,350,283,343,284,336,286,326,287,318,288,311,287,306,287,302,286,no
293,286,295,291,299,296,306,302,316,306,329,307,341,304,351,298,358,290,361,285,363,280,360,280,354,281,350,282,344,284,336,285,327,287,318,287,311,286,306,286,302,286,no
293,286,295,291,299,296,306,302,316,306,328,306,341,304,351,297,357,290,361,284,363,279,359,280,354,281,350,282,343,284,336,285,326,287,318,287,311,287,306,286,302,286,no
292,286,295,291,299,296,306,302,316,306,328,306,341,303,351,297,357,290,361,284,363,279,360,279,354,281,350,282,343,283,336,285,326,286,318,286,311,286,305,286,301,285,no
292,286,295,291,299,296,306,302,316,305,328,305,341,303,351,297,357,290,361,284,363,279,360,279,354,281,350,282,343,283,335,284,326,286,317,286,310,286,305,285,301,285,no
292,286,295,291,299,296,306,301,316,305,328,305,341,302,351,296,358,289,362,283,364,279,360,279,355,280,350,281,344,282,335,284,326,286,317,286,310,286,305,286,301,286,no
292,287,295,291,299,296,306,301,316,304,328,303,340,301,350,295,357,288,362,283,364,278,361,279,355,280,350,281,343,282,335,283,326,285,317,285,310,285,304,286,300,286,no
292,287,295,291,299,295,306,301,316,304,328,304,341,301,350,295,357,288,361,283,364,278,360,278,355,279,350,280,343,281,336,283,326,285,318,285,310,285,305,286,301,286,no
292,287,295,291,300,296,308,300,318,303,330,303,342,300,352,295,358,288,362,283,364,279,360,279,355,280,351,281,345,282,337,283,328,285,319,285,312,286,305,286,301,286,no
292,288,296,292,300,295,308,300,319,302,331,302,342,299,352,295,358,289,362,284,364,279,361,279,356,281,351,281,345,282,338,284,329,285,320,286,312,286,306,286,301,287,no
293,289,296,292,301,296,308,300,318,302,330,302,341,299,351,295,358,289,362,284,364,280,361,280,355,282,351,282,345,283,337,285,328,286,319,287,312,287,306,287,302,288,no
293,290,296,293,301,297,309,300,319,302,330,302,342,299,352,295,359,290,363,285,366,281,362,281,357,282,352,283,346,284,338,285,329,287,320,287,312,288,306,288,302,289,no
294,290,297,293,302,296,310,300,319,302,331,302,343,300,353,295,360,290,364,285,367,281,363,281,358,282,353,283,346,284,338,285,329,286,320,287,313,287,307,288,303,288,no
296,290,299,293,304,297,311,300,321,303,332,302,344,300,354,295,361,289,365,285,368,281,364,281,359,282,354,283,348,284,340,285,330,286,322,287,314,287,309,288,305,288,no
297,289,300,293,305,296,312,300,322,303,333,302,345,300,355,295,362,290,366,285,368,281,365,281,360,282,355,283,348,283,340,285,331,286,322,287,315,287,310,288,306,288,no
299,290,302,293,306,297,314,301,324,303,335,303,347,300,357,296,364,290,368,285,371,281,367,281,362,282,357,283,351,284,343,286,334,287,325,288,317,288,312,288,307,289,no
300,290,303,293,308,297,316,300,326,302,338,302,349,300,359,295,366,290,370,285,372,281,369,281,364,282,359,283,353,284,345,285,336,287,327,287,319,288,313,288,309,289,no
300,290,304,293,309,297,317,300,327,302,338,302,350,299,359,295,366,289,370,285,373,280,369,280,364,282,359,283,353,284,346,285,337,286,327,287,320,287,314,288,309,288,no
299,289,303,293,308,296,315,300,326,302,337,301,349,299,358,294,365,289,369,284,371,280,367,280,362,281,358,282,352,283,345,284,336,286,327,287,319,287,313,287,308,288,no
297,288,300,292,305,296,312,300,322,302,334,301,345,299,355,294,362,288,366,284,368,279,365,279,360,281,355,281,349,282,341,284,332,285,323,286,315,286,310,287,305,287,no
292,288,295,292,300,295,307,299,317,301,329,301,341,299,351,294,358,288,362,284,365,279,361,279,356,281,351,282,345,282,337,284,327,285,318,286,311,286,305,287,300,287,no
288,287,291,291,295,295,302,299,312,302,324,302,336,300,346,295,353,289,357,284,360,279,356,279,351,281,346,282,340,283,332,284,322,285,314,286,306,286,301,286,296,286,no
287,287,290,291,294,295,300,300,310,304,321,304,333,302,343,297,350,291,355,286,357,281,354,281,348,282,344,284,337,284,329,286,320,287,312,287,305,287,300,287,296,286,no
287,287,290,291,293,296,300,302,310,306,321,306,333,304,343,299,350,292,353,286,355,281,352,281,347,283,342,285,336,286,329,288,319,289,311,289,304,288,299,287,295,287,no
288,288,291,292,295,298,302,304,311,308,323,308,335,306,344,300,350,292,354,286,356,281,353,281,348,283,343,284,337,286,330,288,321,289,312,289,306,288,301,288,297,287,no
290,287,292,293,297,298,304,305,313,310,325,310,337,307,346,301,352,293,355,286,356,281,353,281,348,283,344,284,338,286,331,288,322,289,314,289,307,288,302,288,298,287,no
290,288,293,293,297,298,305,304,314,309,326,309,337,306,347,300,353,293,356,287,357,281,354,282,349,283,345,284,339,286,332,287,323,289,315,289,308,288,303,288,299,287,no
291,288,294,293,298,298,305,305,315,310,326,310,338,307,347,301,353,293,356,287,357,281,354,281,349,283,345,284,339,285,332,287,324,288,316,288,309,288,304,288,300,287,no
291,288,294,293,298,298,305,305,315,310,326,310,338,308,347,301,353,293,356,287,358,282,354,282,349,283,345,284,339,285,332,287,323,288,315,288,309,288,304,288,300,287,no
290,289,293,294,297,299,305,305,314,309,326,309,337,306,346,300,353,293,356,287,358,282,355,282,350,283,345,284,339,285,332,287,323,288,315,288,308,288,303,288,298,289,no
289,291,292,295,296,299,304,304,314,307,326,307,338,304,347,299,354,293,357,288,358,283,355,283,350,285,346,286,340,287,333,289,324,290,315,290,308,290,302,290,298,290,no
288,291,292,295,296,299,304,304,314,306,326,306,338,304,347,299,353,293,357,288,359,283,355,283,350,285,346,286,340,287,333,288,324,289,315,290,307,290,302,290,297,290,no
288,292,291,296,296,299,304,304,314,306,325,306,337,303,346,299,353,293,357,288,359,283,355,284,350,285,346,286,340,286,332,288,323,289,314,290,307,290,301,290,297,291,no
288,292,291,296,296,299,303,304,313,306,325,306,336,303,346,299,353,293,357,288,359,283,356,283,351,285,346,285,340,286,332,287,323,289,314,289,307,290,301,290,296,291,no
288,292,291,296,296,299,304,303,313,306,325,306,337,303,346,298,353,292,357,288,360,283,356,283,351,284,346,285,340,286,332,287,323,289,314,289,307,290,301,290,297,291,no
289,292,292,295,297,299,304,303,314,306,326,305,337,303,347,298,354,292,358,287,360,283,357,283,351,284,347,285,340,286,333,287,323,289,315,289,307,290,301,290,297,291,no
289,292,293,295,297,299,305,303,315,305,326,305,338,302,348,297,354,292,358,287,360,283,357,283,352,284,347,285,341,286,333,287,324,288,315,289,308,289,302,290,298,290,no
290,291,293,294,298,298,305,302,315,304,327,304,339,301,348,297,355,291,358,287,361,282,357,282,352,284,348,284,342,285,334,286,325,287,316,288,309,289,303,289,299,290,no
291,289,294,293,299,297,306,301,316,303,328,303,340,300,349,295,356,290,360,285,363,280,359,280,354,282,349,283,343,283,335,285,326,286,317,287,310,287,304,288,300,288,no
293,287,296,291,300,295,308,299,318,302,329,302,341,299,351,294,357,288,361,283,364,278,360,278,355,280,350,280,344,281,336,283,327,284,319,285,311,285,305,286,301,286,no
294,285,297,289,302,293,310,297,320,300,332,300,344,297,353,292,359,286,362,281,364,276,361,276,356,278,352,279,347,280,339,282,330,283,321,284,314,284,308,284,303,284,no
298,283,302,286,307,290,314,294,324,296,336,296,347,294,357,289,363,284,367,279,370,275,366,275,362,276,357,277,351,277,343,278,334,280,325,280,317,280,311,281,307,281,no
298,283,301,286,306,290,314,293,323,295,335,295,347,292,356,288,363,283,368,279,370,275,367,275,362,276,357,276,351,277,343,278,334,279,325,280,317,280,311,281,307,282,no
301,281,304,284,309,288,317,292,327,295,339,295,351,292,360,287,366,282,370,277,372,273,368,273,363,274,359,275,354,275,346,276,337,278,328,278,321,279,314,279,310,279,no
303,280,307,283,312,287,320,291,330,294,341,294,353,292,362,287,368,281,372,277,374,273,370,273,366,273,361,274,356,274,348,275,339,276,330,276,323,277,316,278,312,278,no
306,279,309,282,314,286,321,291,331,295,343,295,354,292,363,287,369,281,372,277,374,272,370,272,366,272,362,273,356,273,349,274,341,275,332,275,325,275,319,276,314,277,no
308,279,311,282,315,287,323,292,332,295,344,295,355,293,364,287,370,281,373,277,375,272,371,272,366,273,363,273,357,274,350,275,342,276,334,276,326,276,320,277,316,277,no
307,280,310,284,314,288,322,293,332,297,343,297,355,294,364,289,370,283,373,278,375,274,372,274,367,274,363,275,357,276,350,277,341,278,333,278,326,278,320,278,316,278,no
307,281,310,285,314,290,321,296,331,300,342,300,354,298,363,292,369,285,372,280,374,275,370,275,366,276,361,276,356,277,349,278,340,279,332,279,325,279,319,279,315,279,no
307,282,309,286,313,291,320,296,330,300,342,301,354,298,363,293,370,286,373,281,375,276,371,276,366,276,361,277,356,277,348,278,340,280,331,280,324,280,319,280,315,281,no
305,283,308,287,312,291,320,297,330,300,342,300,354,298,363,293,369,286,372,281,374,277,370,277,365,278,361,278,356,279,348,280,340,281,331,281,324,281,318,282,314,282,no
305,285,308,288,312,292,320,298,330,301,342,301,354,299,363,293,369,287,372,282,374,278,370,278,365,278,361,279,356,279,349,280,340,281,331,282,324,282,318,282,314,283,no
304,286,307,289,312,293,320,298,330,301,342,301,353,299,362,294,368,288,372,283,374,279,370,279,365,279,361,279,355,280,348,280,340,282,331,282,323,282,317,283,313,284,no
303,286,307,289,312,293,319,298,329,301,341,301,352,299,361,294,367,288,370,283,372,279,369,279,364,279,360,279,354,279,347,280,339,282,330,282,322,282,316,283,312,284,no
301,287,305,290,310,293,318,297,328,300,339,299,350,298,359,293,366,288,370,284,372,280,368,280,363,279,359,279,353,279,346,280,337,282,328,282,320,282,314,283,310,284,no
300,287,303,290,308,293,315,297,325,300,336,300,347,298,356,293,363,288,366,284,369,280,365,280,360,280,356,280,350,280,343,281,334,282,325,283,318,283,312,284,308,285,no
296,286,299,289,303,293,311,297,320,300,331,300,343,298,353,293,359,287,364,283,366,279,363,279,358,279,353,279,346,280,339,281,329,282,321,283,314,283,308,284,304,284,no
291,286,294,290,298,293,306,297,315,299,326,299,338,297,348,292,355,287,360,282,363,278,360,278,354,279,349,280,343,281,334,282,325,283,316,284,309,284,303,285,299,285,no
282,285,285,288,289,292,296,295,305,297,316,297,327,295,338,290,345,285,351,281,354,277,351,276,345,278,340,278,332,279,324,280,314,282,306,282,299,283,294,283,290,283,no
279,285,282,288,285,291,291,294,300,296,310,296,322,294,332,289,341,284,347,280,351,276,348,276,342,277,336,277,327,278,318,279,308,281,301,281,294,282,290,282,287,283,no
275,285,278,288,281,291,287,294,295,296,305,296,316,294,327,290,337,285,343,280,348,276,344,276,338,277,332,277,323,278,314,279,304,281,296,281,290,282,286,282,283,283,no
272,285,275,288,278,291,284,295,293,297,303,297,315,295,326,290,335,284,341,280,345,276,341,275,335,276,329,277,321,278,311,279,302,280,294,281,288,282,283,282,280,283,no
271,284,273,288,277,291,283,295,292,298,303,297,315,295,326,290,334,284,340,279,344,275,340,275,334,276,328,277,320,277,311,279,301,280,293,281,287,281,282,282,279,282,no
271,283,273,287,277,291,283,295,292,298,303,298,315,295,325,290,334,284,339,279,342,274,339,274,333,276,327,277,320,278,311,279,301,281,293,281,287,282,282,282,279,282,no
270,284,272,288,276,292,282,296,291,298,302,298,314,295,325,290,333,284,339,279,343,275,339,275,333,276,327,277,319,278,310,279,300,281,292,282,286,282,281,282,278,283,no
271,284,273,287,277,291,283,296,292,298,302,298,315,295,325,290,333,284,339,279,342,275,339,275,333,276,327,277,319,278,311,279,301,281,293,281,287,281,282,282,279,282,no
272,283,275,287,278,291,284,296,293,299,304,299,316,297,326,291,334,284,339,279,342,275,338,275,332,276,327,276,319,277,311,279,302,280,294,281,288,281,284,281,280,282,no
273,284,276,288,279,292,285,297,294,300,305,300,317,297,328,291,335,285,340,280,343,275,339,275,333,276,328,277,321,278,313,279,303,281,296,281,289,281,285,282,281,282,no
274,285,276,288,280,293,286,298,295,300,306,300,318,298,328,292,336,286,341,281,344,276,340,276,334,277,329,278,322,278,313,280,304,281,296,282,290,282,286,283,282,283,no
274,285,276,289,280,294,286,298,295,301,305,301,317,298,328,292,336,286,341,281,344,276,340,276,334,277,329,278,322,279,313,281,304,282,296,283,290,283,286,284,282,284,no
272,286,274,290,278,294,283,298,292,301,302,300,314,298,325,292,334,286,339,281,343,277,340,277,334,278,328,279,320,280,311,281,301,283,293,284,287,284,283,284,280,285,no
270,286,273,289,277,293,283,297,291,299,302,298,314,296,324,291,332,285,338,280,342,276,338,275,333,277,327,278,319,279,310,280,300,282,292,283,286,283,282,284,278,284,no
269,285,271,289,274,292,280,296,289,298,299,297,311,294,321,290,330,284,336,279,340,275,337,274,331,276,325,277,316,277,307,279,297,281,289,282,284,282,279,283,276,283,no
266,285,268,288,271,291,277,295,285,297,295,296,307,294,317,288,326,282,333,278,337,273,333,273,327,275,321,276,312,277,303,279,293,280,286,281,280,282,276,282,273,283,no
266,284,267,287,269,290,274,293,282,295,292,294,304,292,316,287,325,282,331,277,335,273,331,273,325,275,319,276,310,277,301,279,291,281,283,281,278,282,275,282,272,282,no
263,283,264,286,267,289,272,292,279,294,288,293,300,291,312,286,321,281,327,277,331,273,328,273,322,274,316,275,307,276,298,278,288,279,281,280,275,281,272,281,269,282,no
258,285,260,287,263,290,268,293,276,295,285,294,297,291,308,287,317,282,324,277,328,273,325,273,319,274,312,275,303,276,293,278,284,280,276,281,271,281,268,282,265,283,no
256,285,257,288,260,291,265,294,272,296,281,295,293,292,305,287,314,282,321,277,326,273,322,273,316,274,309,275,300,276,290,278,280,280,273,281,268,282,265,282,262,283,no
255,285,257,288,259,291,264,294,271,296,280,295,292,293,304,288,313,282,320,278,325,274,321,274,315,275,308,275,299,276,289,278,279,280,272,281,267,281,264,282,261,283,no
255,285,256,288,259,292,264,295,271,297,280,296,292,293,303,288,313,282,319,278,324,274,321,274,314,275,307,275,298,276,288,278,278,280,271,281,267,281,263,282,261,283,no
256,285,258,288,260,292,265,295,271,297,280,297,292,294,304,289,313,283,320,278,325,274,321,274,315,275,308,275,299,276,289,278,279,280,272,280,268,281,264,282,262,283,no
258,285,259,289,261,292,266,296,273,298,282,297,294,295,306,290,315,284,322,279,326,275,323,275,316,276,309,276,300,277,291,279,281,281,274,281,269,282,266,283,264,283,no
261,287,262,290,264,293,269,297,276,299,285,298,297,296,308,290,317,284,323,280,327,276,324,276,317,276,311,276,302,277,292,278,283,280,277,281,272,282,269,283,267,284,no
262,287,263,290,265,293,270,297,278,299,287,299,299,296,310,291,319,285,325,280,329,276,326,276,319,276,313,277,304,277,295,279,285,281,278,281,273,282,270,283,268,284,no
263,287,264,290,267,293,272,297,279,299,289,299,301,296,312,291,321,285,327,280,331,277,328,277,321,277,315,277,306,277,297,279,287,281,280,282,275,282,272,283,270,284,no
265,287,266,290,269,293,274,297,281,299,291,299,302,296,313,291,322,285,329,281,333,277,329,277,323,277,316,277,308,277,298,279,289,281,282,281,277,282,273,283,271,284,no
266,287,267,290,270,293,275,297,283,299,292,298,304,296,315,291,325,285,331,281,335,277,332,277,325,277,318,277,310,278,300,279,290,281,283,281,278,282,275,283,272,284,no
268,287,269,290,272,293,277,297,285,299,295,298,307,296,318,291,327,285,333,281,338,277,334,277,327,277,321,277,312,277,302,279,293,280,286,281,280,282,277,283,274,284,no
269,287,271,290,273,293,279,297,287,299,297,299,309,296,320,291,329,285,335,281,339,277,335,276,329,277,323,278,315,279,305,280,295,282,288,283,282,283,278,284,276,285,no
271,287,272,290,275,294,280,297,288,299,298,298,311,295,322,291,331,285,338,281,342,276,339,276,333,278,326,278,317,279,308,281,298,282,290,283,284,284,281,285,278,285,no
274,285,276,289,279,292,284,296,292,298,302,297,315,295,326,290,335,284,341,279,346,275,342,275,336,277,330,278,321,279,312,280,302,282,294,283,288,283,284,284,281,284,no
276,285,278,288,281,292,287,295,296,297,306,297,318,294,329,289,338,283,343,279,347,275,344,275,338,276,332,277,324,278,315,279,305,281,297,282,291,282,287,283,284,283,no
279,284,281,287,284,291,290,295,299,296,310,296,322,293,333,288,342,282,348,278,351,274,348,274,342,275,336,276,328,277,319,279,309,280,301,281,294,282,290,282,287,283,no
282,283,284,287,288,290,294,294,303,296,314,295,326,292,337,287,345,282,350,277,354,273,350,273,345,275,339,276,332,277,323,278,313,280,304,281,298,281,293,282,290,282,no
285,283,287,286,291,290,297,293,306,295,317,294,329,291,340,287,348,281,353,277,357,272,353,272,348,274,342,275,334,275,325,277,315,279,307,280,301,280,296,281,293,281,no
287,282,289,285,294,289,300,292,310,294,321,293,333,291,343,286,351,280,356,276,359,272,355,272,350,274,345,275,338,276,330,277,320,279,311,280,304,280,299,281,295,281,no
289,281,292,285,296,288,303,291,313,293,324,292,336,289,346,285,354,280,359,276,362,272,358,271,353,273,348,274,341,275,332,276,323,278,314,279,307,279,301,280,297,280,no
291,281,294,285,298,288,306,291,315,292,327,292,339,289,349,285,356,280,361,276,363,272,360,272,355,274,350,274,344,275,335,276,326,278,317,279,309,280,304,280,299,281,no
292,282,295,285,299,288,306,292,316,293,327,292,340,290,350,286,357,281,362,277,365,273,361,273,356,274,351,275,344,276,336,277,326,278,317,279,310,280,305,281,301,281,no
294,281,297,285,301,288,308,292,318,295,329,294,341,292,351,287,357,281,361,277,363,273,360,273,355,274,350,275,344,276,337,277,328,278,319,279,312,279,307,280,303,280,no
295,281,298,285,302,289,309,294,318,297,330,297,342,294,352,289,358,283,362,278,364,274,360,274,355,275,351,276,345,276,337,278,328,279,320,279,313,279,308,279,304,280,no
295,281,298,285,303,290,310,295,321,299,333,299,344,296,354,291,360,284,363,279,364,274,361,274,356,276,352,277,347,278,339,280,331,281,322,281,314,281,308,281,304,280,no
298,281,301,286,305,290,312,296,322,300,334,300,345,298,354,292,360,284,362,279,364,274,360,274,356,276,352,277,347,279,340,280,331,282,323,282,316,282,311,281,307,281,no
299,280,301,284,305,289,312,295,322,299,334,300,345,297,353,291,358,284,361,279,362,274,358,274,354,275,350,276,346,277,339,278,331,280,323,280,316,279,311,279,307,279,no
300,280,302,284,306,290,312,296,322,300,333,301,344,298,353,292,358,285,360,279,361,275,357,275,353,276,349,277,345,278,339,279,331,280,323,280,317,280,312,279,308,279,no
298,281,300,285,304,291,312,297,321,301,333,301,345,298,353,292,358,285,361,279,362,274,359,274,354,276,351,277,346,279,339,280,331,282,323,282,316,281,311,281,307,280,no
297,283,300,287,304,293,311,299,321,302,333,302,345,300,354,293,359,286,362,280,364,276,360,276,355,277,352,278,346,279,339,281,331,282,322,282,315,282,310,282,306,282,no
296,284,299,288,304,293,311,298,322,301,334,301,346,298,354,292,360,285,363,280,364,276,360,276,356,277,352,278,347,279,340,281,332,282,323,283,316,283,310,283,306,283,no
295,285,298,289,303,293,311,298,321,301,334,300,346,297,355,292,361,286,364,281,366,276,362,276,357,278,353,279,348,280,341,281,332,283,323,283,315,283,309,283,305,283,no
296,285,299,289,303,293,311,298,321,300,333,300,345,297,355,292,361,286,364,281,366,276,362,276,357,278,353,279,348,280,341,281,332,283,323,283,316,283,310,284,305,284,no
296,285,299,289,304,293,312,297,322,300,334,299,346,297,355,292,361,285,365,281,366,276,363,276,358,278,354,279,349,280,341,281,332,283,324,283,316,283,310,284,305,284,no
296,285,299,289,304,292,312,297,322,299,334,299,346,297,355,292,361,286,365,281,366,277,363,277,358,278,354,279,349,280,341,281,332,283,324,283,316,283,310,284,305,284,no
296,286,300,290,305,293,313,297,323,299,335,299,347,296,356,292,363,287,366,282,368,278,364,278,360,280,356,281,350,282,343,283,334,284,324,285,317,285,311,285,306,285,no
296,289,300,292,305,295,312,299,323,301,335,301,347,299,356,294,362,289,366,284,368,280,364,280,359,281,355,282,349,283,342,285,333,286,324,287,316,287,310,287,306,287,no
298,291,301,294,305,297,313,301,323,303,335,303,347,301,356,296,363,291,366,287,368,282,364,282,359,284,355,285,350,286,342,287,333,289,324,289,317,289,311,289,307,290,no
298,293,301,296,306,299,314,303,324,305,336,305,348,302,357,298,364,292,367,288,369,284,365,284,360,285,356,286,351,287,343,289,334,290,325,291,318,291,312,291,307,291,no
298,293,301,297,306,300,314,304,324,306,336,306,348,304,357,299,364,294,367,289,369,285,365,285,361,287,357,288,351,289,344,290,335,292,325,292,318,292,312,292,307,292,no
299,294,302,298,307,301,315,305,325,307,337,307,348,304,357,300,364,294,367,290,369,286,366,286,361,287,357,288,351,289,344,291,335,292,326,293,318,293,312,293,308,293,no
298,299,302,302,306,305,314,309,325,312,337,312,348,309,358,305,364,299,368,294,370,290,367,290,361,292,357,293,351,294,344,295,335,297,326,297,318,297,312,298,307,298,no
299,300,302,304,307,307,315,311,326,314,338,314,349,311,359,306,365,301,369,296,371,291,368,291,363,293,358,294,353,296,345,297,336,299,327,299,319,299,313,299,308,299,no
300,302,304,305,308,309,316,314,326,317,338,317,349,314,359,309,365,302,369,298,371,293,367,293,362,294,358,295,352,296,345,298,336,299,327,300,320,300,313,300,309,300,no
301,303,305,306,309,310,317,315,327,318,338,318,350,315,359,310,365,304,369,299,371,295,367,295,362,295,358,296,352,297,345,298,336,300,328,300,320,300,314,301,310,301,no
301,303,305,306,309,310,317,315,327,318,339,318,350,315,359,310,365,304,369,299,371,295,368,295,362,295,358,296,352,297,345,298,337,300,328,300,320,300,315,301,310,301,no
302,304,305,307,309,311,316,316,326,319,338,319,349,316,358,311,365,304,369,299,371,295,367,295,362,296,358,297,352,298,345,299,336,301,327,301,320,302,314,302,310,302,no
302,303,305,307,310,311,317,316,327,319,338,319,350,317,359,311,365,305,369,300,371,295,367,295,362,296,358,297,352,298,345,299,337,301,328,301,321,301,315,301,311,302,no
302,303,305,307,309,311,316,316,326,319,338,319,349,317,358,311,365,305,368,300,371,295,367,295,362,296,357,297,352,298,344,299,336,301,327,301,320,301,315,302,310,302,no
301,304,304,308,309,311,316,316,326,319,338,319,349,317,359,311,365,305,369,300,371,296,367,296,362,296,358,297,352,298,344,300,336,301,327,302,320,302,314,302,310,302,no
302,304,305,307,309,311,317,316,327,319,338,319,350,317,359,311,365,305,369,300,371,295,368,295,363,296,358,297,352,297,345,299,336,301,328,301,320,301,315,302,310,302,no
302,304,305,307,309,311,316,316,326,320,338,319,349,317,358,311,365,305,369,299,371,295,368,295,362,296,358,296,352,297,344,299,336,301,327,301,320,301,314,302,310,302,no
302,302,305,306,309,310,316,315,326,318,337,318,348,315,358,310,364,303,368,298,370,294,367,294,362,295,357,296,351,297,344,299,335,300,327,300,320,300,314,301,310,301,no
300,300,304,304,308,308,316,312,326,316,337,315,349,313,358,307,364,301,368,296,370,291,367,291,362,292,357,293,351,294,344,295,335,297,326,297,319,298,313,298,309,298,no
301,299,304,303,308,307,316,312,325,315,337,315,349,312,358,307,364,300,368,295,370,291,367,291,362,292,357,293,351,294,344,295,335,297,327,297,319,297,313,298,309,298,no
300,299,303,303,308,306,315,311,325,314,336,314,348,311,357,306,364,300,367,295,370,291,366,291,361,292,357,293,351,293,343,295,334,296,326,297,319,297,313,297,309,298,no
300,297,303,301,307,305,315,310,324,313,336,313,347,311,357,306,363,300,367,295,369,290,366,290,361,291,356,292,350,293,343,295,334,296,325,296,318,296,313,296,309,296,no
300,296,303,300,307,304,314,310,324,313,335,313,347,311,356,305,363,299,367,294,369,289,365,289,360,290,356,291,350,292,342,294,333,295,325,295,318,295,312,295,308,295,no
300,295,304,299,308,304,315,309,324,312,336,313,347,310,356,304,362,298,365,292,368,288,364,288,359,289,355,290,349,291,342,293,334,294,325,294,318,294,313,294,308,294,no
299,296,303,300,307,304,314,308,324,311,335,311,346,309,355,304,362,297,366,292,368,287,365,287,360,289,356,291,350,292,342,294,334,296,325,296,318,296,312,296,308,295,no
299,297,302,301,307,305,314,310,323,313,334,313,346,310,355,305,362,298,367,293,370,287,367,287,361,290,356,291,350,293,342,295,333,297,324,297,317,297,311,297,307,296,no
297,298,300,303,306,307,313,310,323,311,334,311,346,308,355,304,363,299,367,293,370,287,367,287,362,292,357,295,351,297,343,300,333,301,324,302,316,302,310,301,305,299,no
297,296,300,303,305,309,314,314,324,317,337,316,349,314,359,308,366,301,370,294,373,287,369,287,365,293,360,297,354,301,346,304,336,306,326,307,317,305,310,303,306,300,no
297,296,301,303,306,308,315,313,325,315,338,315,350,312,359,307,366,300,370,294,372,287,369,287,364,293,360,296,355,300,347,303,337,305,326,305,318,304,311,302,306,300,no
298,296,302,302,307,308,316,312,326,315,338,314,350,311,360,306,367,299,370,293,373,285,369,286,365,292,361,295,355,299,348,303,338,305,327,305,319,304,312,302,307,300,no
297,293,301,300,306,305,315,311,325,313,337,313,349,310,359,305,366,298,370,291,372,284,368,284,364,290,360,294,354,298,347,301,336,304,326,304,318,302,311,300,306,297,no
297,292,301,298,307,303,315,308,325,311,337,311,349,309,358,304,365,297,369,290,371,283,368,283,363,288,359,291,353,294,345,297,336,298,326,299,318,298,311,296,306,295,no
298,291,302,297,307,302,315,307,325,310,337,310,349,308,358,302,365,295,369,289,371,282,368,282,363,286,358,289,352,291,344,293,335,295,325,295,317,295,311,294,306,293,no
297,292,301,297,306,302,315,307,325,310,338,310,349,307,359,302,366,295,370,289,372,282,368,282,363,286,359,288,353,291,345,293,336,294,326,295,318,295,311,294,306,293,no
297,292,301,297,306,302,314,306,325,309,337,309,349,307,358,302,365,295,368,289,371,284,367,284,362,287,357,288,351,290,344,292,334,294,325,294,317,294,311,294,306,293,no
297,293,300,298,305,302,313,306,324,309,336,308,348,306,358,301,364,295,368,289,371,284,367,284,361,286,357,288,351,290,343,292,334,293,324,294,317,294,311,293,306,293,no
297,292,300,297,305,301,314,306,324,308,336,308,349,306,358,301,365,295,369,289,371,284,367,284,362,286,357,288,351,289,344,291,334,293,325,293,317,293,311,293,306,293,no
298,292,301,296,306,300,314,304,325,307,337,307,349,304,359,299,365,293,369,288,371,283,367,283,362,285,357,286,352,287,344,289,335,290,326,291,318,291,312,291,307,291,no
300,290,304,295,309,299,317,303,327,306,339,306,350,303,360,298,366,292,370,287,372,282,368,282,363,284,359,285,353,287,346,288,337,290,328,291,320,291,314,291,309,290,no
303,290,306,294,311,298,319,302,330,304,342,304,353,301,363,296,369,290,372,285,374,280,370,280,365,282,361,283,356,285,349,286,340,288,331,289,323,289,317,289,312,289,no
305,290,308,294,313,298,321,302,331,305,343,304,355,302,364,297,371,291,374,286,376,281,373,281,368,283,363,284,357,285,350,286,341,288,332,288,324,289,318,289,313,289,no
306,291,309,295,313,299,321,304,331,306,343,306,355,303,364,298,371,291,374,286,376,281,372,281,368,284,363,285,358,287,351,288,342,290,333,291,325,291,319,291,315,291,no
305,292,308,296,313,300,320,305,331,308,343,308,354,305,363,300,369,293,372,288,374,283,370,283,366,285,362,286,357,287,350,289,341,290,332,291,325,291,319,291,314,291,no
303,292,306,296,310,301,318,306,328,310,340,310,352,307,361,302,367,294,370,289,372,284,368,284,363,286,359,287,354,288,346,290,338,291,329,291,322,291,316,291,312,291,no
301,292,304,296,308,300,315,306,325,310,338,310,350,307,359,301,365,294,368,288,370,284,366,284,361,284,357,285,351,286,344,288,335,290,327,290,319,290,314,290,310,290,no
298,291,302,295,306,299,314,305,324,308,337,308,348,306,358,300,364,293,367,288,369,283,365,284,360,284,356,285,350,286,343,287,334,289,325,289,318,289,312,290,307,290,no
297,291,300,295,305,299,313,304,323,307,336,307,348,305,357,299,364,293,367,288,369,283,365,284,360,285,356,285,350,286,343,288,334,289,325,290,317,290,311,290,306,290,no
298,292,301,296,306,299,313,304,324,307,336,307,348,304,357,299,364,293,367,289,369,284,365,284,360,285,356,286,350,286,343,288,334,289,325,289,317,290,311,290,307,291,no
299,293,302,296,307,299,315,303,325,306,337,305,349,303,358,299,365,293,368,289,370,285,367,285,362,286,357,286,352,287,344,288,335,289,326,290,319,290,313,291,308,291,no
300,293,303,296,308,300,316,303,326,306,338,305,349,303,359,299,366,294,369,289,372,285,368,285,363,286,359,287,353,288,345,289,336,290,327,291,320,291,314,291,309,292,no
301,294,305,297,309,300,317,304,327,306,339,306,350,303,360,299,366,294,370,289,372,285,368,285,363,286,359,287,354,288,346,289,337,291,328,291,321,292,315,292,310,292,no
302,294,305,297,310,301,317,304,327,306,339,306,351,304,360,299,367,294,371,290,373,285,370,285,365,287,360,287,354,288,347,289,338,291,328,291,321,292,315,292,310,293,no
302,293,305,297,310,300,318,304,328,307,340,306,352,304,361,299,367,294,371,289,373,285,369,285,364,286,360,287,354,288,347,289,338,290,329,291,322,291,315,292,311,292,no
301,293,305,296,309,300,317,304,327,306,339,306,351,304,360,299,367,294,371,289,373,285,370,285,365,286,360,286,354,287,346,288,337,289,328,290,320,290,314,291,310,291,no
301,293,304,297,309,300,317,304,327,306,339,305,350,303,360,299,366,293,370,289,373,285,369,284,364,286,359,287,354,288,346,289,337,290,328,291,320,291,314,292,310,292,no
300,293,303,296,308,300,316,304,327,306,339,305,350,303,360,299,366,293,370,288,372,284,368,284,364,286,359,286,353,287,346,289,337,290,328,291,320,291,314,292,309,292,no
299,293,302,296,306,300,314,304,324,307,337,306,348,304,358,299,365,294,368,289,370,285,367,285,362,286,357,287,352,288,344,289,335,291,326,291,318,291,312,292,308,292,no
299,293,302,296,306,300,314,305,324,308,336,307,348,305,358,300,364,294,367,289,369,285,366,285,361,286,356,287,350,288,343,289,334,291,325,291,318,291,312,291,307,292,no
298,293,301,297,306,301,313,305,324,308,336,308,348,306,357,300,363,294,367,289,369,285,365,285,360,286,356,287,350,288,343,289,334,291,325,291,317,291,311,292,306,292,no
298,294,301,297,305,301,313,306,323,309,336,309,348,306,357,301,363,294,367,289,369,285,365,285,360,286,356,286,350,288,342,289,333,291,324,291,317,291,311,292,306,292,no
298,294,301,297,306,301,313,306,324,309,336,309,348,306,357,301,363,294,367,289,369,285,365,285,360,286,356,287,350,287,342,289,333,291,325,291,317,291,311,292,307,292,no
300,294,303,297,307,301,315,305,325,308,337,308,349,305,358,300,365,294,368,289,370,285,367,285,361,286,357,287,351,288,344,289,335,291,326,291,319,291,313,292,308,292,no
301,294,304,297,309,301,316,305,326,308,338,307,350,305,359,300,365,294,369,289,371,285,367,285,362,286,358,287,352,287,345,289,336,290,327,291,320,291,314,292,310,292,no
302,294,305,297,309,301,317,305,327,307,338,307,350,304,359,300,365,294,369,289,371,285,368,285,363,286,358,287,352,287,345,289,336,290,327,291,320,291,314,292,310,292,no
301,294,304,297,309,301,316,305,326,307,338,307,350,305,359,300,366,294,369,290,372,286,368,285,363,286,358,287,352,288,345,289,336,290,327,291,320,291,314,292,310,292,no
300,295,303,298,308,301,315,305,325,307,337,307,349,305,358,300,364,295,368,290,370,286,367,286,362,287,358,288,352,289,344,290,335,291,326,292,319,292,313,293,308,293,no
297,296,301,299,305,302,313,306,323,308,334,307,346,305,356,301,362,295,366,291,369,287,365,287,360,288,356,289,350,289,342,290,333,292,324,293,316,293,310,294,306,294,no
297,295,301,298,305,302,313,306,323,308,335,308,347,305,356,301,363,295,367,291,369,286,366,286,361,288,356,289,350,289,342,291,333,292,324,293,316,293,310,294,306,294,no
297,295,300,299,305,302,313,305,323,308,334,307,346,305,356,301,363,295,367,291,369,287,365,287,360,288,356,289,350,290,342,291,333,292,324,293,316,293,310,294,306,294,no
297,295,301,298,305,302,313,306,323,308,335,308,346,305,356,301,363,295,367,291,369,286,365,286,360,288,356,288,350,289,342,291,333,292,324,293,316,293,310,293,306,294,no
297,295,300,299,305,302,312,306,322,308,334,307,346,305,355,301,362,295,367,291,369,286,365,286,360,288,356,289,349,289,341,291,332,292,323,293,316,293,310,294,305,294,no
298,295,301,299,306,302,313,306,323,308,335,308,347,306,356,301,363,295,367,291,369,286,365,286,360,288,356,289,350,290,342,291,333,293,324,293,317,293,311,294,306,294,no
298,295,301,298,306,302,313,306,323,308,335,308,347,306,357,301,363,295,367,291,369,286,365,286,360,288,356,289,350,290,343,291,333,293,324,293,317,293,311,294,307,294,no
298,294,301,298,306,302,314,306,324,308,336,308,348,306,357,301,364,295,368,290,370,286,366,286,361,287,357,289,351,290,343,291,334,293,325,293,318,293,312,293,307,293,no
299,293,302,297,307,301,315,306,325,309,337,309,349,307,359,301,365,295,368,290,370,285,366,285,361,286,357,287,351,289,344,291,335,292,326,293,319,292,313,292,308,292,no
300,292,303,297,307,301,315,307,325,310,337,311,349,308,359,302,365,295,368,289,370,284,366,284,361,286,357,287,351,288,344,290,335,292,326,292,319,292,313,292,309,291,no
300,292,303,296,307,301,315,307,325,310,337,310,349,308,359,302,365,294,368,289,370,284,366,284,361,285,357,286,351,288,344,290,335,291,326,291,319,291,313,291,308,291,no
300,293,303,297,307,301,315,307,325,310,337,310,349,307,359,301,365,294,368,289,370,284,366,284,361,286,357,287,351,288,344,290,335,291,326,292,319,291,313,291,309,291,no
299,294,302,298,307,302,315,307,325,310,338,310,350,307,359,301,365,295,368,290,370,285,366,285,361,287,357,288,351,289,344,290,336,292,327,293,319,292,313,293,308,293,no
299,294,302,298,307,302,314,306,325,309,337,309,349,306,358,301,365,295,368,290,370,285,366,286,361,287,357,287,351,288,344,290,335,292,326,292,318,292,312,293,308,293,no
299,295,302,298,307,302,315,306,325,308,337,308,349,305,358,301,364,295,368,290,370,286,366,286,361,287,357,288,351,289,344,290,335,292,326,292,319,293,313,293,308,293,no
299,294,302,298,307,301,315,306,325,308,337,308,349,306,358,301,364,295,368,290,370,286,366,286,361,287,357,288,351,289,344,290,335,291,326,292,319,292,313,293,308,293,no
299,294,302,298,307,301,315,306,325,308,337,308,349,305,358,301,365,295,368,290,370,286,367,286,362,287,357,287,351,288,344,290,335,291,326,292,318,292,312,293,308,293,no
299,294,303,298,307,301,315,305,325,308,337,308,349,305,358,301,364,295,368,290,370,286,367,286,362,287,357,288,351,289,344,290,335,292,326,292,318,292,312,293,308,293,no
299,295,302,298,307,302,315,306,325,308,337,308,349,305,358,301,365,295,368,290,370,286,367,286,362,287,357,288,351,289,344,290,335,292,326,292,318,293,312,293,308,293,no
299,295,302,299,307,302,315,306,325,308,337,308,348,306,358,301,364,295,368,291,370,286,366,286,362,288,357,289,351,290,344,291,335,292,326,293,318,293,312,294,308,294,no
299,295,302,299,307,302,315,306,325,309,337,308,348,306,358,301,364,295,368,291,370,286,366,286,361,288,357,288,351,289,343,291,335,292,326,293,318,293,312,294,308,294,no
299,295,302,299,307,302,315,306,325,308,336,308,348,306,357,301,364,295,368,291,370,287,366,287,361,288,357,289,351,290,343,291,334,292,325,293,318,293,312,294,308,294,no
299,295,302,298,307,302,314,306,324,308,336,308,348,306,357,301,364,295,367,290,370,286,366,286,361,287,357,288,350,289,343,291,334,292,325,293,318,293,312,293,308,293,no
299,294,302,298,307,302,315,306,325,308,337,308,349,305,358,300,364,294,368,289,370,285,366,285,361,286,357,287,351,288,344,290,335,292,326,292,318,292,312,293,308,293,no
298,293,301,297,306,301,314,305,325,308,337,308,349,305,358,300,364,294,367,289,369,284,365,284,360,286,356,287,351,288,344,290,335,291,326,292,318,292,312,292,307,292,no
298,293,301,297,306,301,314,306,324,308,336,308,348,305,357,300,364,294,367,288,369,284,365,284,360,286,356,287,350,288,343,290,334,291,325,292,318,292,312,292,307,292,no
298,294,301,298,305,302,313,306,324,308,336,308,348,305,357,300,364,294,367,289,369,284,365,284,360,286,356,288,350,289,343,291,334,292,325,293,317,293,312,293,307,293,no
298,294,301,298,305,303,313,307,323,309,335,309,347,306,357,301,363,295,367,289,368,284,365,284,360,286,355,288,350,289,342,291,333,292,324,293,317,293,311,293,307,293,no
298,293,301,297,305,302,313,307,323,309,336,309,348,306,357,301,363,294,366,289,368,284,364,284,359,286,355,287,350,289,343,290,334,292,325,292,317,293,312,293,307,292,no
298,292,301,296,305,300,313,305,323,308,335,308,347,305,356,300,362,293,366,288,367,283,363,283,359,285,355,286,349,288,342,289,333,291,324,291,317,291,311,291,307,291,no
297,291,300,295,304,299,312,304,322,307,334,306,346,304,356,299,362,292,365,287,368,282,364,282,359,284,354,286,349,287,341,288,332,290,323,290,316,290,310,290,306,290,no
296,289,299,293,303,298,310,302,320,305,332,304,344,302,353,297,360,291,364,286,366,281,363,281,358,283,353,284,347,285,339,287,330,288,321,288,314,289,309,289,304,289,no
295,288,298,293,303,297,310,302,320,305,332,305,344,302,353,297,360,290,363,285,365,281,362,281,357,282,352,283,347,284,339,286,330,287,321,288,314,288,308,288,304,288,no
295,288,298,292,302,297,309,301,319,304,331,304,343,301,353,296,359,290,363,285,365,281,361,281,356,282,352,283,346,284,338,285,329,287,320,287,313,287,308,288,304,288,no
294,288,297,291,301,296,308,301,319,304,331,304,343,301,353,296,359,289,362,284,364,280,361,280,356,281,351,282,345,283,338,285,329,286,320,287,313,287,308,287,303,287,no
295,287,298,291,302,295,309,300,319,303,331,303,343,301,352,295,358,289,362,284,364,280,360,280,355,281,351,282,345,283,338,284,329,286,320,286,313,286,307,286,303,286,no
294,287,297,291,301,295,309,300,319,304,330,304,342,301,352,295,358,289,362,283,364,279,360,279,355,280,351,281,345,282,337,283,328,285,320,285,312,285,307,285,303,285,no
294,287,297,290,301,295,308,300,318,304,330,304,342,301,352,295,358,288,362,283,364,278,360,279,355,279,350,280,344,281,337,283,328,285,319,285,312,285,307,285,303,285,no
294,287,297,291,301,295,308,300,318,304,330,304,342,301,352,295,358,288,361,283,363,278,360,278,355,279,350,280,344,281,337,282,328,284,319,285,312,285,307,285,302,285,no
294,287,297,291,301,295,309,300,318,303,330,303,342,300,351,295,358,288,362,283,364,279,360,279,355,279,351,280,344,281,337,282,328,284,319,284,312,284,307,285,303,285,no
294,287,297,291,301,295,309,300,319,303,330,303,342,300,352,295,358,288,362,283,364,279,361,279,355,279,351,280,345,281,337,282,328,284,319,284,312,284,307,285,303,285,no
294,288,297,291,302,295,309,299,319,302,330,302,342,299,352,294,358,288,362,283,365,279,361,279,356,280,351,280,345,281,337,282,328,283,320,284,312,284,307,285,303,286,no
294,288,297,291,301,295,309,299,319,301,330,301,342,299,351,294,358,288,363,284,365,280,362,279,356,280,352,280,345,281,337,282,328,283,320,284,312,284,307,285,302,286,no
294,289,297,292,301,295,308,299,318,301,330,301,341,298,351,294,358,288,362,284,365,280,362,280,356,280,352,280,345,281,337,282,328,283,319,284,312,285,306,286,302,286,no
294,289,297,292,302,295,309,299,319,301,330,301,341,298,351,294,358,289,363,284,366,280,362,280,357,281,352,281,345,281,338,282,329,284,320,285,312,285,306,286,302,287,no
295,288,298,291,302,294,310,298,319,300,330,300,341,298,350,294,358,288,362,284,366,280,362,280,357,280,352,280,345,280,337,281,328,282,319,283,312,283,307,284,302,285,no
294,288,297,291,302,294,310,297,319,300,330,299,341,298,351,293,358,288,363,284,366,280,363,280,357,280,352,279,345,279,337,280,328,282,320,282,312,283,306,284,301,285,no
293,288,297,290,302,293,309,296,318,298,329,298,340,296,350,292,357,287,362,283,366,280,363,280,357,279,352,279,345,279,336,280,327,281,319,282,311,283,305,284,301,285,no
292,288,296,290,301,293,308,297,318,299,328,298,340,296,350,292,357,287,362,283,366,279,363,279,357,279,352,279,345,279,336,280,327,281,318,282,311,283,305,284,300,285,no
291,288,295,290,300,293,308,297,317,299,328,298,340,296,350,292,358,287,363,283,366,279,363,279,357,279,352,279,345,279,336,280,327,282,318,282,310,283,304,284,299,285,no
291,288,295,291,300,293,308,297,317,299,328,298,340,296,350,292,357,287,362,283,366,279,363,279,357,279,352,279,345,279,336,280,327,282,318,282,310,283,304,284,299,286,no
291,288,295,291,300,294,308,297,317,299,328,298,339,296,349,292,357,287,362,283,366,279,363,279,357,279,351,279,344,279,336,280,326,282,318,283,310,283,304,285,299,286,no
291,288,295,291,300,294,307,297,317,299,327,298,339,296,349,292,357,287,362,283,366,280,363,279,357,279,351,279,344,280,335,281,326,282,317,283,310,284,304,285,299,286,no
291,289,295,291,300,294,307,297,317,299,328,298,339,296,349,292,357,287,362,283,366,280,363,280,357,280,352,279,344,280,336,281,326,282,317,283,310,284,304,285,299,286,no
293,289,296,291,301,293,308,296,317,298,328,297,339,295,349,291,357,287,363,283,367,280,363,280,358,279,352,279,345,279,336,280,327,282,318,283,311,283,305,285,300,286,no
294,289,298,291,303,293,310,296,319,297,329,297,340,295,350,291,358,287,363,283,367,280,364,280,359,280,353,279,346,279,337,280,328,281,320,282,312,283,306,285,302,286,no
296,288,300,291,305,293,312,296,321,298,332,297,343,295,353,291,361,286,366,283,369,280,366,279,360,279,355,279,348,279,340,280,330,281,322,282,314,283,308,284,304,286,no
297,288,301,290,306,293,313,296,323,298,333,297,345,295,355,291,362,286,367,283,371,279,368,279,362,279,357,278,350,278,341,279,332,280,323,281,316,282,310,284,305,285,no
297,288,301,290,306,293,313,296,323,298,334,297,345,295,355,291,362,286,368,283,371,279,368,279,362,279,357,278,350,278,341,279,332,280,324,281,316,282,310,284,305,285,no
296,288,300,290,305,293,313,295,322,297,333,296,344,294,353,290,361,286,366,283,369,280,366,279,361,279,355,278,348,278,340,279,331,280,323,281,315,282,309,284,304,285,no
294,289,297,291,302,293,310,296,319,298,329,297,341,295,351,291,358,287,364,283,368,280,365,280,359,279,353,279,346,279,337,280,328,281,319,282,312,283,306,284,302,286,no
293,288,296,291,300,293,307,296,316,298,327,298,338,296,348,292,356,287,362,284,366,280,363,280,357,280,351,280,344,280,335,280,325,282,317,282,310,283,304,285,300,286,no
290,289,294,291,299,293,305,296,314,297,324,297,335,295,345,291,353,287,359,284,363,281,360,281,354,280,349,280,341,280,332,280,323,281,315,282,308,283,302,285,298,286,no
290,288,293,291,298,293,305,296,313,298,323,297,334,296,344,292,353,287,359,284,363,281,360,280,354,280,348,280,340,280,331,280,322,282,314,282,307,283,301,284,297,286,no
290,288,293,290,298,293,305,296,314,298,324,298,335,296,346,292,354,287,360,284,364,280,360,280,355,280,349,279,341,279,332,280,323,281,315,282,307,283,302,284,297,285,no
291,288,295,290,299,293,306,296,316,298,326,298,337,296,347,292,355,287,360,283,364,280,361,280,355,279,350,279,342,279,334,280,324,281,316,282,309,282,303,284,299,285,no
295,287,298,290,303,292,310,295,319,297,329,297,340,295,349,291,357,286,362,283,366,280,363,279,357,279,352,278,345,278,336,279,327,280,319,281,312,281,306,283,302,284,no
297,288,300,290,304,292,311,295,321,297,331,296,342,294,351,290,359,286,364,283,368,280,364,279,359,279,354,278,347,278,339,278,330,280,321,281,314,281,308,283,304,285,no
297,288,300,290,305,292,312,295,321,297,332,296,343,294,352,290,360,286,364,283,368,280,365,279,359,279,354,278,347,278,339,279,331,280,322,281,315,282,309,283,305,285,no
296,288,299,290,304,293,311,295,321,297,331,296,342,294,352,290,359,286,364,283,368,280,365,279,359,279,354,278,347,278,339,279,330,280,321,281,314,282,308,284,304,285,no
294,289,297,291,302,293,309,296,318,298,329,297,340,295,350,291,358,287,363,283,367,280,364,280,358,279,352,279,345,279,337,280,328,281,319,282,312,283,306,284,302,286,no
290,288,294,291,299,293,306,297,316,299,327,298,338,296,348,292,356,287,361,283,365,280,361,280,356,280,350,280,343,280,335,280,325,282,317,282,309,283,303,285,299,286,no
289,287,292,290,296,294,303,299,313,302,324,302,336,299,347,295,354,289,359,284,362,280,359,280,353,281,348,281,341,282,332,283,322,284,314,285,307,285,301,285,297,286,no
291,287,294,291,298,295,305,300,315,303,327,303,339,301,348,296,355,290,359,285,361,280,357,280,352,282,348,283,342,284,335,286,326,287,317,287,309,287,304,287,300,287,no
292,287,295,291,300,295,308,300,319,303,331,303,343,301,352,296,358,290,362,285,364,281,360,280,355,281,351,282,345,283,338,284,329,285,320,286,312,286,306,286,301,286,no
295,287,298,291,303,295,311,300,321,303,333,303,345,301,355,296,361,289,364,284,366,280,362,280,357,281,353,281,348,282,340,283,331,285,322,285,315,285,308,285,304,286,no
296,287,299,291,303,295,311,300,322,303,334,303,345,301,355,296,361,289,364,284,366,280,363,280,358,280,354,281,348,282,341,283,332,285,323,285,315,285,309,285,305,285,no
296,286,299,290,303,295,311,300,321,303,333,303,345,300,354,295,361,289,364,284,366,279,363,279,357,280,353,280,347,281,340,282,331,283,322,284,315,284,309,284,304,285,no
295,286,298,290,302,294,310,298,320,301,331,301,343,299,352,294,359,288,363,283,365,279,362,279,356,279,352,280,346,280,338,281,329,283,321,283,313,283,307,284,303,284,no
294,286,297,290,302,294,310,299,320,302,332,302,343,299,353,294,359,288,363,283,366,279,362,279,357,279,352,280,346,280,339,281,330,282,321,283,313,283,307,283,303,284,no
292,286,295,290,300,293,308,298,318,301,329,301,341,298,350,294,357,288,361,283,363,279,360,279,355,279,350,280,344,280,337,281,328,282,319,283,311,283,305,284,301,284,no
290,286,293,289,298,293,305,297,315,300,327,300,338,298,348,293,355,288,359,283,362,279,358,279,353,280,348,280,342,281,334,282,325,283,317,283,309,283,303,284,299,284,no
289,287,292,290,297,294,304,298,313,301,324,301,336,299,346,294,353,289,358,284,361,280,358,280,352,280,347,280,340,281,332,281,323,283,314,283,307,283,302,284,298,285,no
289,288,292,291,296,294,303,298,312,301,323,300,335,298,345,294,352,289,358,285,361,281,357,280,352,281,346,281,339,281,331,282,322,283,314,283,307,284,301,285,297,286,no
291,288,294,291,298,294,305,298,315,300,326,299,338,297,348,293,355,288,360,284,363,280,359,280,354,281,349,281,342,281,334,282,325,283,316,284,309,284,303,285,299,286,no
292,287,295,290,300,294,307,297,317,299,328,299,340,297,350,292,357,287,362,283,365,280,361,279,356,280,351,280,344,281,336,282,327,283,318,283,311,284,305,285,301,286,no
294,287,296,290,301,293,308,297,317,299,329,299,341,297,351,292,358,287,363,283,366,280,363,280,357,280,352,280,345,280,337,281,327,282,319,282,312,283,306,284,302,285,no
294,287,297,290,301,293,308,297,318,299,329,298,340,296,351,292,358,287,363,283,367,279,363,279,358,279,352,279,345,279,337,280,328,281,319,282,312,282,306,284,302,285,no
294,288,297,291,302,294,309,297,319,299,330,298,341,296,351,292,359,288,364,284,367,280,364,280,358,280,353,280,346,280,338,280,329,282,320,282,312,283,307,284,302,285,no
294,288,297,291,302,294,309,297,319,299,330,299,341,297,351,293,358,288,363,284,366,281,363,280,358,281,353,281,346,281,338,282,328,283,320,284,312,284,306,285,302,286,no
293,288,296,291,301,294,308,298,318,299,329,299,341,297,351,293,358,289,363,285,366,281,362,281,357,282,352,282,346,282,338,283,328,284,319,285,312,285,306,286,302,287,no
293,288,296,291,301,294,308,298,318,300,329,300,341,298,350,294,357,289,361,285,364,281,360,281,355,282,351,282,345,282,338,283,329,284,320,285,312,285,306,286,302,286,no
295,286,298,290,302,294,309,300,319,303,330,303,341,301,351,296,357,290,360,285,363,281,359,280,354,281,350,281,344,282,337,283,329,284,320,284,313,284,307,285,303,285,no
296,286,299,290,303,295,310,300,320,304,331,304,343,302,352,297,357,290,360,285,362,281,358,280,354,281,350,282,345,282,338,284,329,285,321,285,314,285,309,285,305,285,no
297,286,300,290,303,296,310,302,320,306,331,306,343,303,351,297,356,290,359,285,360,280,356,280,352,281,349,283,344,284,337,285,329,287,321,287,315,286,310,286,306,285,no
297,286,299,290,303,295,310,301,320,306,331,306,342,303,351,297,357,290,359,285,361,281,357,280,353,281,349,281,344,282,337,283,329,285,321,285,314,284,309,284,305,284,no
297,286,300,291,303,296,310,302,320,306,331,307,343,304,351,298,357,291,359,285,361,281,357,281,353,281,349,282,344,282,337,284,329,285,321,285,315,285,309,285,306,285,no
297,287,299,291,303,296,310,302,320,306,331,307,342,304,351,298,357,291,359,286,361,282,358,282,353,282,349,282,344,283,337,284,329,285,321,285,314,285,309,285,305,285,no
296,287,299,291,303,296,310,302,319,307,331,307,342,304,351,298,357,291,360,286,361,282,358,282,353,281,349,282,344,282,337,284,328,285,320,285,314,285,309,285,305,285,no
295,287,297,291,301,296,308,302,318,306,330,306,341,303,351,297,356,290,359,285,361,281,357,281,352,281,348,282,343,282,336,284,328,285,319,285,313,285,307,285,303,285,no
295,286,297,290,301,295,308,300,318,304,329,304,341,301,351,296,357,289,361,284,363,280,359,280,354,280,349,281,344,281,336,283,328,284,319,284,313,284,307,284,303,285,no
295,286,298,290,302,294,309,300,319,303,330,303,342,301,351,295,357,288,361,283,363,279,359,279,354,279,350,279,344,280,337,281,328,283,320,283,313,283,307,284,303,284,no
295,286,298,290,303,294,310,299,320,302,331,302,342,300,351,294,357,288,361,283,363,279,360,279,355,279,350,279,345,279,337,281,329,282,321,282,313,283,308,283,304,284,no
295,287,297,290,302,294,309,299,319,301,330,301,342,299,351,294,358,288,362,284,365,280,361,280,356,279,351,279,345,280,337,281,328,282,320,282,313,283,307,284,303,285,no
294,288,297,291,302,294,309,298,319,301,330,301,342,299,351,294,358,289,362,285,365,281,361,281,356,280,351,280,345,280,338,281,329,283,320,283,313,283,307,284,303,285,no
294,289,298,292,302,295,310,299,319,301,330,300,342,298,351,294,358,289,363,285,365,281,362,281,357,281,352,281,346,281,338,282,329,284,320,284,313,285,307,286,303,286,no
294,289,297,292,302,295,309,299,319,301,330,301,342,299,351,294,359,289,363,285,366,281,362,281,357,281,352,281,346,281,338,282,329,284,320,284,313,285,307,285,302,286,no
295,287,298,290,303,294,310,298,320,300,331,300,342,298,352,294,359,289,363,285,366,281,363,281,357,281,353,281,346,281,338,282,329,283,321,284,313,284,307,285,303,285,no
295,286,298,290,302,293,310,297,319,300,330,300,341,298,351,293,358,288,363,284,366,280,363,280,357,280,352,280,346,280,338,281,329,283,320,283,313,283,307,284,303,285,no
295,287,298,290,302,293,309,297,319,300,330,300,341,298,351,293,358,288,363,284,366,280,363,280,357,280,352,280,346,280,338,281,328,283,320,283,313,283,307,284,303,285,no
295,287,298,291,303,294,310,298,320,300,331,300,342,298,352,294,359,288,363,284,366,280,362,280,357,281,353,281,346,281,338,282,329,283,320,284,313,284,307,285,303,286,no
294,288,298,291,303,294,310,298,320,300,331,300,342,298,352,294,359,289,363,285,366,280,363,280,357,281,353,281,346,281,338,283,329,284,320,284,313,284,307,285,303,286,no
294,288,297,291,302,294,310,298,319,301,331,301,342,299,352,294,359,289,364,284,367,280,363,280,358,281,353,281,346,281,338,283,329,284,320,284,313,285,307,285,302,286,no
295,287,298,291,302,294,310,298,320,301,331,301,343,299,352,294,359,289,363,284,366,280,363,280,357,281,353,281,346,282,339,283,329,284,321,284,313,285,307,285,303,286,no
296,286,299,290,303,294,310,298,320,302,331,302,342,299,352,294,359,288,363,283,366,279,362,279,357,279,352,280,346,280,338,282,329,283,321,283,313,283,308,284,304,284,no
296,286,299,289,303,293,310,298,320,302,331,302,342,299,352,294,359,288,363,283,365,279,362,279,356,279,352,279,345,279,338,281,329,282,320,282,313,283,308,283,304,284,no
296,285,299,289,303,293,309,298,319,301,330,301,342,299,352,294,359,287,363,282,365,278,362,278,356,278,352,279,345,280,337,281,328,283,320,283,313,283,308,283,304,284,no
296,286,299,289,303,293,310,298,319,301,331,301,342,299,352,294,359,287,363,283,365,279,362,279,356,279,352,279,345,279,338,281,329,282,320,283,313,283,308,283,304,284,no
295,287,298,290,302,294,310,298,319,301,331,301,342,299,352,294,359,288,363,283,366,279,362,279,357,279,352,280,346,280,338,281,329,283,320,283,313,283,307,284,303,285,no
295,288,298,291,302,294,310,299,320,301,331,301,342,299,352,294,358,288,363,284,365,280,362,279,357,280,352,280,345,280,338,281,329,283,320,283,313,284,307,285,303,285,no
295,287,298,291,302,294,309,298,319,301,330,301,341,299,351,294,358,288,363,284,366,280,362,280,357,280,352,280,345,281,337,282,328,283,320,284,312,284,307,285,303,285,no
294,288,297,291,302,294,309,298,319,301,330,301,341,299,351,294,358,288,363,283,366,279,363,279,357,280,352,280,345,280,337,282,328,283,320,283,312,284,307,285,303,285,no
295,287,298,290,302,294,309,298,318,301,329,301,341,298,350,294,358,288,362,284,366,280,362,279,357,280,352,280,345,280,337,282,328,283,319,283,312,284,307,285,303,285,no
294,287,297,290,302,294,309,298,318,300,329,300,341,298,351,293,358,288,363,283,366,279,363,279,357,280,352,280,345,280,337,281,328,283,319,283,312,284,306,284,302,285,no
294,287,297,290,301,294,309,298,318,300,329,300,341,298,351,293,358,288,363,283,366,279,363,279,357,279,352,280,345,280,337,281,328,282,319,283,312,283,306,284,302,285,no
294,288,297,291,302,294,309,298,319,300,330,300,341,298,351,293,358,288,362,284,365,280,362,279,357,280,352,280,345,281,337,282,328,283,320,284,312,284,307,285,302,286,no
294,288,297,291,301,295,308,298,318,301,329,300,341,298,351,294,358,288,363,284,366,280,363,280,357,280,352,281,345,281,337,282,327,283,319,284,312,284,306,285,302,286,no
294,288,297,292,302,295,309,299,319,301,330,301,341,298,351,294,358,289,363,284,366,280,362,280,357,281,352,281,346,282,337,283,328,284,319,285,312,285,306,286,302,287,no
294,288,297,291,302,295,309,298,318,301,329,300,341,298,351,294,358,288,363,284,366,280,363,280,357,281,352,281,346,281,337,282,328,284,319,284,312,285,307,286,302,286,no
294,288,297,291,301,294,308,298,318,301,329,301,341,298,351,294,358,288,363,284,366,280,362,280,357,280,352,281,345,281,337,282,328,283,319,284,312,284,306,285,302,286,no
294,287,297,290,302,294,309,298,319,301,330,300,342,298,351,294,358,288,362,283,364,279,361,279,356,280,351,281,345,281,338,283,329,284,320,285,313,285,307,285,303,285,no
295,286,298,290,302,294,310,298,319,301,331,301,343,299,352,294,359,288,363,283,366,279,362,279,357,279,352,280,346,281,338,283,329,284,321,284,313,284,308,285,303,285,no
293,286,296,290,300,294,307,299,317,303,329,303,340,300,350,295,356,289,360,284,362,279,359,279,354,280,349,280,343,281,336,283,327,284,318,284,311,284,305,284,301,285,no
292,286,295,290,299,294,306,300,315,303,327,303,339,301,348,295,355,289,358,283,361,279,357,279,352,280,347,281,341,282,334,283,325,285,317,285,310,285,304,285,300,285,no
290,286,293,290,297,295,304,300,313,303,325,303,337,301,347,296,353,289,357,284,360,279,356,279,351,280,346,281,340,282,332,284,323,285,315,285,308,285,303,285,299,285,no
290,286,292,290,296,295,303,300,313,303,324,303,336,301,346,295,353,289,357,284,359,279,356,279,350,280,346,281,339,283,332,284,323,286,314,286,308,286,302,285,298,285,no
290,286,293,290,297,295,304,300,313,303,324,303,336,301,346,295,353,289,357,284,359,279,356,279,350,280,346,281,340,283,332,284,323,286,315,286,308,286,303,286,299,285,no
289,287,292,291,296,295,303,300,313,303,324,303,336,301,346,295,353,289,357,284,359,279,356,279,351,281,346,282,340,283,332,285,323,286,315,287,308,286,302,286,298,286,no
290,287,293,291,297,295,304,300,314,303,325,303,337,300,347,295,353,289,357,284,360,280,356,280,351,281,347,282,341,283,333,284,324,286,315,286,308,286,303,286,298,286,no
290,288,293,292,297,296,305,300,314,302,325,302,337,300,347,295,354,289,359,284,361,280,358,280,353,281,348,282,341,283,333,284,324,286,316,286,308,286,303,287,299,287,no
291,289,294,292,299,296,306,299,315,302,327,301,338,299,348,295,355,289,359,285,362,281,358,280,353,282,349,282,342,283,334,284,325,285,317,286,310,286,304,287,300,287,no
292,289,295,292,299,296,306,299,315,302,326,301,338,299,348,295,355,289,359,285,362,281,358,281,353,282,349,283,342,283,334,284,325,285,317,286,310,286,304,287,300,287,no
292,289,295,292,299,296,306,299,315,301,326,301,338,299,347,295,355,290,359,286,362,282,358,282,353,282,349,283,342,283,334,284,325,285,317,286,310,286,304,287,300,287,no
291,289,294,292,298,296,306,299,315,301,326,301,338,299,348,295,355,290,359,285,362,281,358,281,353,282,349,283,342,283,334,284,325,285,317,286,309,286,304,287,300,288,no
292,289,295,293,299,296,306,299,316,301,327,301,338,299,348,295,355,290,359,286,362,282,359,282,354,283,349,283,342,283,334,284,325,285,317,286,310,286,304,287,300,288,no
292,290,295,293,299,296,306,300,315,301,326,301,338,299,348,295,355,290,359,286,362,282,359,282,354,283,349,283,342,283,334,284,325,286,317,286,310,287,304,288,300,288,no
292,290,295,293,300,296,307,300,316,302,327,301,339,299,348,295,355,290,360,286,362,282,359,282,354,283,349,284,343,284,335,285,326,286,318,287,311,287,305,288,301,289,no
292,290,295,293,300,297,307,300,316,302,327,302,339,299,348,295,355,290,359,286,362,282,359,282,353,283,349,284,342,284,335,285,326,286,317,287,310,287,305,288,301,289,no
292,290,295,294,299,297,306,300,316,302,327,302,339,300,348,295,356,291,360,287,363,283,359,283,354,284,349,284,343,284,335,285,326,287,317,287,310,288,305,288,301,289,no
292,290,295,293,300,297,307,300,316,302,327,302,339,300,348,296,355,291,360,286,362,282,359,282,354,283,349,284,343,284,335,285,326,286,317,287,310,287,305,288,301,289,no
292,290,295,293,300,297,307,300,316,302,327,302,339,300,348,296,355,291,360,286,362,282,359,282,354,283,349,284,343,284,335,285,326,287,318,287,311,288,305,288,301,289,no
292,291,295,294,299,297,307,301,316,303,328,302,339,300,349,296,356,291,360,287,362,283,359,283,354,284,349,284,343,285,336,286,326,287,318,288,311,289,305,289,301,290,no
292,291,295,294,299,297,306,301,315,303,326,302,338,300,348,296,355,291,360,287,362,283,359,283,354,284,349,285,342,285,335,286,325,287,317,288,310,289,304,289,300,290,no
292,291,295,294,299,298,307,301,316,303,327,303,339,301,348,297,355,291,359,287,362,283,358,283,353,284,349,285,343,286,335,287,326,288,317,288,310,289,305,289,301,290,no
292,291,295,294,299,297,307,301,316,303,327,302,339,300,348,296,355,291,359,287,362,283,358,283,353,284,349,285,343,285,335,286,326,287,318,288,310,288,305,289,300,289,no
291,290,294,293,298,297,305,301,315,304,327,304,339,301,348,297,355,291,359,287,362,283,358,283,353,284,349,284,342,285,335,286,325,287,317,288,309,288,304,288,300,289,no
291,289,294,293,299,297,306,302,316,305,328,305,340,302,349,297,356,291,359,287,361,282,358,282,353,283,349,284,343,285,335,286,326,287,318,288,310,287,305,288,300,288,no
293,289,295,293,300,298,307,303,316,306,327,307,339,304,348,299,355,293,359,288,361,283,357,283,352,285,348,286,342,287,335,289,326,290,318,290,311,289,305,289,301,289,no
294,290,297,294,300,299,307,305,317,308,328,309,339,307,348,302,354,295,358,290,360,285,356,285,351,287,347,288,342,289,335,290,326,291,318,291,311,291,306,290,302,290,no
294,291,297,295,300,300,307,306,317,310,328,310,340,308,349,302,354,295,357,290,359,285,355,286,351,287,347,288,341,289,334,290,326,291,318,291,311,291,306,290,302,290,no
295,292,297,296,301,301,307,307,317,311,328,312,340,309,349,303,355,296,357,291,359,287,355,286,351,287,347,288,342,289,335,290,326,292,318,292,312,291,307,291,303,291,no
294,293,297,297,301,302,308,308,318,312,330,313,341,310,350,304,355,297,358,292,360,287,356,287,352,288,348,289,343,290,336,291,327,292,319,292,312,292,307,292,303,292,no
294,294,297,298,301,303,308,309,318,313,330,313,342,310,351,305,356,298,359,292,361,288,357,288,353,289,349,289,344,290,337,292,328,293,320,293,313,293,307,293,303,293,no
295,294,298,298,302,303,309,309,319,312,331,313,342,310,352,304,358,297,361,292,363,287,359,288,354,289,350,289,345,290,337,292,329,293,320,293,313,293,308,293,304,293,no
296,296,299,300,303,304,311,309,321,311,333,311,345,309,354,303,360,297,364,292,366,288,362,288,357,289,353,290,347,291,340,292,331,293,322,294,315,294,309,294,305,295,no
297,298,300,301,304,305,311,309,322,312,333,312,345,309,355,304,361,299,365,294,367,290,363,290,358,291,354,292,348,292,341,294,332,295,323,296,316,296,310,296,306,297,no
298,299,301,303,305,306,313,310,323,313,335,312,346,310,356,305,362,300,366,295,369,291,365,291,360,292,355,293,349,294,342,296,333,297,324,298,317,298,311,298,307,298,no
298,301,301,304,306,308,314,311,324,314,336,313,348,311,357,306,364,301,367,297,370,292,366,293,361,294,357,295,351,296,344,298,335,299,326,300,318,300,312,300,307,300,no
299,301,303,305,307,308,314,313,324,315,336,315,348,313,357,308,364,302,367,297,369,293,366,293,361,294,356,295,351,297,343,298,334,300,326,300,318,300,313,300,308,300,no
300,300,303,304,307,307,315,312,325,314,336,314,348,312,358,307,364,301,367,297,369,293,366,293,361,294,357,295,351,296,344,297,335,299,326,299,319,299,313,299,309,299,no
300,299,303,303,307,307,315,311,325,314,337,313,348,311,358,307,365,301,369,296,371,291,367,291,362,293,358,294,351,295,344,297,335,298,326,298,318,298,313,298,308,298,no
300,298,303,302,307,306,315,310,325,313,337,313,348,311,358,306,364,300,368,295,370,291,367,291,362,292,357,293,351,294,344,295,335,297,326,297,318,297,313,297,308,297,no
300,298,303,302,308,306,315,310,325,313,337,313,349,311,358,306,364,300,368,295,370,291,366,291,361,292,357,293,351,294,344,295,335,297,326,297,319,297,313,297,309,297,no
300,299,303,303,308,306,315,310,325,313,337,313,348,310,358,306,364,300,368,296,370,291,366,291,362,293,357,294,351,295,344,296,335,297,326,298,319,298,313,298,309,298,no
300,300,303,303,307,307,315,311,325,314,337,313,348,311,358,306,364,300,368,295,370,291,367,291,362,293,357,294,351,295,344,296,335,298,326,298,318,298,313,299,308,299,no
300,300,303,303,308,307,315,311,325,313,337,313,348,311,358,306,364,301,368,296,370,292,366,292,361,293,357,294,351,295,344,297,335,298,326,298,319,298,313,299,309,299,no
300,299,303,303,307,306,315,311,325,314,337,314,348,311,358,306,364,300,368,296,370,291,366,291,361,293,357,294,351,295,344,296,335,298,326,298,319,298,313,298,309,298,no
300,298,303,302,307,306,315,311,325,314,337,314,349,312,359,306,365,300,368,294,370,290,367,290,361,291,357,293,352,294,344,296,335,298,326,298,319,298,313,297,309,297,no
300,297,303,301,308,305,315,311,325,314,337,314,349,312,359,306,365,300,368,295,370,290,367,290,361,291,357,292,351,293,344,295,335,296,327,297,319,297,313,296,309,296,no
301,297,304,301,308,306,315,311,325,315,337,315,349,313,358,307,364,300,368,295,370,290,366,290,361,291,357,292,351,294,344,295,335,296,327,297,319,296,314,296,310,296,no
302,297,305,301,309,306,316,312,326,316,337,316,349,313,358,307,364,300,367,295,369,290,365,290,361,291,356,292,351,293,344,295,335,296,327,296,320,296,315,296,311,296,no
304,298,306,302,310,307,317,313,326,317,338,317,349,314,358,308,364,301,367,296,369,291,365,291,360,292,356,292,351,293,344,295,335,296,327,296,321,296,316,296,312,296,no
303,298,306,302,310,306,317,312,326,316,338,317,349,314,358,308,364,301,367,296,368,292,365,292,360,292,356,293,351,294,344,295,336,296,328,296,321,296,315,296,311,297,no
304,298,306,302,310,306,317,312,326,316,338,317,349,314,358,308,364,301,367,296,369,292,365,292,360,292,356,293,351,293,344,295,336,296,328,296,321,296,316,296,312,296,no
303,296,306,301,309,305,317,312,326,316,338,316,350,314,359,308,365,300,368,295,370,291,366,291,361,291,357,291,352,292,345,293,336,295,328,295,321,295,315,295,311,295,no
302,296,305,300,309,304,317,310,327,314,339,314,351,311,360,305,366,298,369,293,371,289,367,289,362,289,358,290,353,291,346,292,337,293,328,294,321,294,315,294,311,294,no
301,295,304,299,309,303,317,309,327,312,339,312,351,309,360,304,367,297,370,292,372,288,368,288,363,289,359,289,353,290,346,292,337,293,328,294,321,294,315,294,310,294,no
300,295,303,299,308,303,316,307,326,310,338,310,350,308,359,303,366,296,369,291,371,287,368,287,362,288,358,288,352,289,345,291,336,292,327,293,319,293,313,293,309,293,no
300,296,303,299,308,302,315,307,325,309,337,309,349,307,358,302,365,296,369,292,371,288,367,288,362,288,358,289,352,289,344,291,335,292,327,292,319,293,313,293,309,294,no
300,297,303,300,307,303,315,307,325,310,337,309,349,307,359,302,365,297,369,292,371,288,367,288,362,289,358,290,352,290,344,292,335,293,326,294,319,294,313,295,308,295,no
300,297,303,300,308,304,315,308,325,310,337,310,349,307,358,303,365,297,368,293,371,289,367,289,362,290,358,290,352,291,344,292,335,294,326,294,319,295,313,295,309,296,no
300,297,303,300,307,304,315,308,325,310,337,310,349,307,358,303,364,297,368,293,370,289,366,289,362,290,357,291,351,292,344,293,335,294,326,295,319,295,313,295,309,296,no
300,297,303,300,308,304,315,308,325,310,337,310,349,308,358,303,365,297,369,292,371,288,367,288,362,289,358,290,352,291,344,293,335,294,326,295,319,295,313,295,309,295,no
300,297,303,300,308,303,315,307,325,310,337,310,348,307,358,303,365,297,369,293,371,288,367,288,362,289,358,290,352,291,344,292,335,294,326,294,319,294,313,295,309,295,no
300,297,303,300,308,303,315,307,325,310,337,309,348,307,358,302,365,297,369,292,371,288,367,288,362,289,358,290,352,291,344,292,335,294,326,294,319,294,313,295,309,295,no
300,297,303,300,308,303,315,307,325,309,337,309,348,307,358,302,364,297,368,293,371,289,367,289,362,289,357,290,351,291,344,292,335,293,326,294,319,294,313,295,309,295,no
300,297,303,300,308,304,315,308,326,311,337,310,349,308,359,303,365,297,369,292,371,288,368,288,363,289,358,290,352,291,345,293,335,294,326,295,319,295,313,295,309,296,no
300,297,303,300,308,304,316,308,326,310,337,310,349,308,358,303,365,297,368,293,370,289,367,289,362,290,357,291,352,292,344,293,336,295,327,295,319,295,313,296,309,296,no
300,298,303,301,308,305,316,309,326,311,338,311,349,309,359,304,365,298,368,293,370,289,367,289,362,291,358,292,352,293,345,294,336,296,327,296,319,296,313,296,309,297,no
300,297,303,301,308,304,315,308,325,311,337,311,349,308,358,304,364,298,368,294,370,290,366,289,361,291,357,292,351,293,344,294,335,296,326,296,319,296,313,296,309,296,no
300,297,303,301,308,305,315,309,325,312,337,312,349,309,358,304,365,298,368,294,370,289,367,289,361,291,357,292,351,293,344,294,335,296,326,296,319,296,313,296,309,296,no
300,296,303,300,308,304,315,309,325,312,337,312,349,310,358,304,364,298,368,293,370,289,367,289,361,290,357,291,351,292,344,294,335,295,326,296,319,296,313,296,309,296,no
301,296,304,300,308,305,316,310,326,314,338,314,350,311,359,305,365,299,369,294,370,289,367,289,362,290,357,291,352,292,344,293,336,294,327,295,320,295,314,295,310,295,no
301,296,304,300,308,304,316,309,325,313,337,313,349,310,358,305,364,298,367,293,369,289,366,289,361,290,357,291,351,291,344,293,335,294,327,294,320,294,314,295,310,295,no
301,296,304,300,308,304,315,310,325,313,337,313,349,311,358,305,364,299,367,294,369,289,365,289,360,290,356,291,351,291,343,293,335,294,326,294,319,295,314,295,310,295,no
299,296,302,300,307,304,314,310,325,313,337,313,349,310,359,304,365,298,368,293,370,288,367,288,361,289,357,290,351,291,344,293,335,294,326,295,319,295,313,295,308,295,no
299,295,302,299,306,304,314,309,324,312,336,312,349,309,358,304,365,297,368,292,370,287,366,287,361,288,357,289,351,290,343,292,334,293,325,294,318,294,312,294,308,294,no
298,294,301,298,306,302,314,307,324,310,336,310,348,307,357,302,364,296,367,291,369,287,366,287,361,288,356,289,351,290,343,291,334,292,325,293,318,293,312,293,307,293,no
298,294,301,298,306,302,314,307,324,310,336,310,348,307,358,302,364,296,368,290,370,286,366,286,361,287,357,288,351,289,343,291,334,292,325,293,317,293,311,293,307,293,no
298,295,301,299,306,302,314,307,324,310,336,310,347,307,357,302,363,296,367,291,369,287,366,287,361,288,356,289,350,290,343,291,334,293,325,293,317,293,311,294,307,294,no
298,296,301,299,306,303,313,307,323,309,335,309,347,307,357,302,363,297,367,292,369,288,365,288,360,289,356,290,350,291,343,292,334,293,325,294,317,294,311,294,307,295,no
298,296,301,300,306,303,314,307,324,310,335,310,347,307,357,303,363,297,367,292,369,288,365,288,361,289,356,290,350,291,343,292,334,294,325,294,317,295,311,295,307,295,no
298,296,301,300,306,303,313,307,323,310,335,309,347,307,356,302,363,297,367,292,369,288,365,288,360,290,356,290,350,291,342,293,333,294,324,294,317,295,311,295,307,295,no
298,296,301,299,306,303,314,307,324,310,336,310,348,307,357,303,363,297,367,292,369,288,365,288,360,289,356,290,350,291,343,293,334,294,325,295,317,295,311,295,307,295,no
298,296,302,299,306,303,314,307,323,310,335,310,347,307,356,302,363,297,367,292,369,287,365,287,360,289,356,290,350,291,342,292,333,294,325,294,317,294,311,295,307,295,no
298,295,301,299,306,303,314,307,324,310,336,310,348,307,357,302,363,296,367,291,369,286,365,286,360,288,356,289,350,290,343,291,334,292,325,293,317,293,311,294,307,294,no
298,295,301,299,306,302,313,307,323,309,335,309,347,306,356,302,363,296,367,291,369,286,365,286,360,288,356,289,350,289,342,291,333,292,324,293,317,293,311,293,307,294,no
298,295,301,299,305,302,313,307,323,309,335,309,347,306,356,302,363,296,367,291,369,286,365,286,360,288,356,289,350,289,342,291,333,292,324,293,317,293,311,293,307,294,no
297,295,301,299,305,302,313,307,323,309,335,309,346,306,356,302,362,296,366,291,368,287,365,287,360,288,355,289,349,290,342,291,333,292,324,293,316,293,310,293,306,294,no
296,294,299,298,303,302,311,306,321,309,333,309,345,306,355,301,361,295,365,290,367,286,363,286,358,287,354,288,348,289,340,291,331,292,322,292,315,293,309,293,304,293,no
295,293,298,297,303,301,310,305,320,308,332,307,344,305,354,300,360,294,364,289,366,284,362,284,357,286,353,287,347,288,340,289,330,291,322,291,314,292,308,292,304,292,no
294,290,297,294,302,299,310,303,320,306,331,306,343,304,353,298,360,292,363,287,366,282,362,282,357,284,352,285,346,285,339,287,329,288,321,289,313,289,308,289,303,289,no
294,288,297,292,302,297,309,302,319,306,331,306,342,303,352,298,358,291,361,286,363,281,360,281,355,283,351,284,345,285,338,287,329,288,320,288,313,288,307,288,303,288,no
295,288,297,292,301,297,308,302,318,306,329,306,341,304,350,298,356,292,359,286,361,282,357,282,353,283,349,284,343,284,336,286,327,287,319,287,312,287,307,287,303,287,no
294,287,296,291,300,296,307,302,317,306,329,307,341,304,350,298,355,291,358,286,360,281,356,281,351,282,348,283,342,284,335,286,326,287,318,287,311,287,306,287,302,286,no
293,287,296,292,300,297,307,302,317,306,328,307,340,304,349,298,355,292,357,286,359,282,355,282,351,283,347,284,342,285,335,287,326,288,318,288,311,288,306,287,302,287,no
294,287,296,292,300,297,307,303,317,306,329,307,340,304,349,298,355,292,358,286,359,282,356,282,351,283,347,284,342,285,335,287,327,288,318,288,312,288,306,287,302,287,no
294,287,296,291,300,296,308,302,317,306,329,306,340,304,349,298,355,291,358,286,359,282,356,282,351,283,347,283,342,284,335,286,326,287,318,287,312,287,306,286,302,286,no
294,286,296,291,301,296,308,302,318,306,330,306,341,303,350,298,356,291,359,286,361,281,357,281,352,282,348,283,343,284,336,285,327,286,319,286,312,286,307,286,302,286,no
294,287,296,291,301,296,308,302,318,305,330,305,342,303,351,297,357,290,360,285,362,281,358,281,353,281,349,282,344,282,337,284,328,285,320,285,312,285,307,285,302,285,no
294,288,297,292,301,296,309,301,319,305,330,305,342,302,351,296,357,290,360,285,362,281,359,280,354,281,350,281,344,282,337,283,328,285,320,285,312,285,307,286,303,286,no
293,289,296,292,300,296,308,300,318,303,329,303,341,301,351,296,358,290,361,286,364,282,360,282,355,282,351,283,344,283,337,284,328,285,319,286,312,286,306,286,301,287,no
293,291,296,294,300,297,308,301,318,303,330,303,341,301,351,296,357,291,361,287,364,283,360,282,355,283,351,283,345,284,337,285,328,286,319,287,311,287,306,288,301,289,no
293,292,296,295,301,298,308,301,318,303,329,303,341,301,350,297,358,292,362,288,365,284,362,284,356,284,352,284,345,284,337,285,328,286,319,287,312,287,306,288,301,289,no
293,291,297,294,301,297,309,301,319,303,330,303,341,301,351,297,358,292,362,287,365,284,362,283,357,283,352,283,345,283,337,284,328,286,319,286,312,287,306,288,301,289,no
294,290,298,293,302,296,310,301,319,303,330,303,342,301,351,296,358,291,363,286,366,282,363,282,357,282,352,282,346,282,338,284,329,285,320,285,312,286,307,287,302,288,no
295,289,298,292,303,295,310,299,320,302,330,302,341,300,350,295,358,290,362,285,366,282,362,282,357,281,352,281,345,281,337,282,329,284,320,284,313,285,307,286,302,287,no
294,289,298,292,302,295,310,299,319,301,329,301,341,299,350,294,358,289,362,285,366,281,363,281,357,281,352,281,345,281,337,282,328,283,319,284,312,285,306,286,302,287,no
294,289,297,292,302,295,310,299,319,301,330,301,341,299,350,294,358,289,362,285,366,281,363,281,357,281,352,281,345,281,337,282,328,284,320,284,312,285,306,286,302,287,no
294,290,297,293,302,296,309,299,318,301,329,301,340,299,350,294,357,289,362,285,366,281,363,281,357,281,352,281,345,282,336,283,327,284,319,285,312,285,306,286,301,287,no
294,291,297,294,302,297,309,300,318,302,329,301,340,300,349,296,357,291,362,287,366,283,363,283,357,283,352,282,345,282,336,283,327,284,319,285,311,286,306,287,301,289,no
294,292,297,294,302,297,309,300,318,302,328,302,339,300,349,295,357,291,363,287,367,284,364,283,358,283,352,283,344,283,336,284,327,285,318,286,311,287,306,288,301,289,no
294,292,297,294,302,297,309,300,318,302,329,302,340,300,350,296,358,291,363,288,366,284,363,284,357,284,352,284,345,284,337,285,328,286,319,286,312,287,306,288,302,289,no
294,293,297,297,301,301,308,305,318,307,330,306,342,304,352,299,359,294,363,289,365,285,361,285,356,287,351,288,345,289,338,290,328,292,320,292,313,292,307,292,303,292,no
295,293,297,297,301,302,308,306,318,309,330,309,343,306,352,301,359,295,363,290,365,286,361,286,356,287,351,289,346,290,338,292,329,293,320,293,313,293,308,293,304,293,no
296,293,298,297,302,302,309,307,319,309,331,309,343,307,353,301,359,295,363,290,365,286,361,285,356,288,352,289,346,290,339,292,330,293,321,294,314,293,309,293,305,293,no
295,293,298,297,302,302,309,307,320,309,332,309,344,307,353,302,360,295,363,290,365,286,361,286,356,287,352,289,347,290,339,292,331,294,322,294,314,293,309,293,304,292,no
294,293,297,297,302,302,309,307,320,310,332,310,344,308,353,302,360,296,363,290,365,285,361,285,356,287,352,289,347,290,339,292,330,293,321,294,314,293,308,293,304,292,no
294,293,297,297,301,302,309,307,320,310,332,310,344,307,354,302,360,295,363,290,365,285,361,285,356,287,352,288,347,289,340,291,331,292,322,293,314,292,308,292,303,292,no
294,293,297,297,301,302,309,307,320,310,332,310,344,307,353,302,360,295,363,290,365,285,361,285,356,286,352,287,346,288,339,290,330,291,321,292,314,292,308,292,303,292,no
293,293,296,297,301,301,309,306,319,309,331,309,343,306,353,301,359,294,363,289,365,285,361,285,356,286,352,286,346,287,339,288,330,290,321,290,313,291,307,291,303,291,no
294,292,297,296,302,300,309,305,320,308,332,308,343,305,353,300,360,293,364,288,366,284,362,284,357,285,352,286,346,287,339,288,330,290,321,290,313,290,308,291,303,291,no
294,292,297,296,302,300,309,304,320,307,331,307,343,304,353,299,360,293,364,288,366,283,362,283,357,284,352,285,346,286,338,287,329,289,321,289,313,290,307,290,303,291,no
295,293,298,296,302,300,310,304,320,307,332,307,343,304,353,299,360,293,364,288,367,284,363,283,357,284,353,285,346,286,338,287,329,289,321,289,313,290,308,290,304,291,no
294,293,297,296,302,300,310,304,320,307,332,306,344,304,353,299,360,293,364,288,367,284,363,284,358,284,353,285,347,286,339,287,330,288,321,289,313,290,307,290,303,291,no
295,292,298,296,303,299,310,304,320,306,331,306,343,303,353,298,360,292,364,288,367,283,363,283,358,284,353,285,346,285,338,287,329,288,321,289,313,289,308,290,303,291,no
294,293,297,296,302,299,310,303,320,306,332,305,343,303,353,298,360,292,364,288,366,283,363,283,358,284,353,285,347,285,339,287,330,288,321,289,313,289,307,290,302,291,no
295,292,298,295,303,298,311,302,321,304,332,304,343,302,353,297,359,292,364,287,366,283,363,283,358,284,353,284,347,284,339,286,330,287,321,288,313,288,307,289,303,290,no
295,291,298,294,303,298,310,302,320,304,331,304,343,301,353,297,360,291,364,287,367,282,364,282,358,283,353,283,347,284,339,285,329,286,321,287,313,288,307,288,303,289,no
295,291,298,294,303,297,310,301,320,304,331,304,343,301,353,296,360,291,364,286,367,282,363,282,358,283,353,283,346,284,338,285,329,286,320,287,313,287,307,288,303,289,no
293,290,297,294,301,297,309,301,319,304,331,303,343,301,352,296,359,291,363,286,366,282,362,282,357,283,353,283,346,284,338,286,329,287,320,288,313,288,307,288,302,289,no
293,290,296,294,301,298,308,302,318,304,330,304,342,301,352,296,359,291,363,286,365,281,361,281,356,283,352,284,346,284,338,286,329,287,320,288,312,288,306,289,302,289,no
293,290,296,293,301,297,308,302,318,305,330,305,342,302,352,297,358,291,362,286,364,282,360,282,355,283,351,284,345,285,338,286,328,288,320,288,312,288,306,288,302,289,no
293,289,296,293,300,298,308,303,318,306,330,306,342,304,351,298,358,292,361,287,363,282,359,282,355,284,350,285,345,286,337,287,328,289,319,289,312,289,306,289,302,289,no
292,288,295,292,300,297,307,302,318,305,330,305,342,303,351,297,357,291,360,286,362,281,359,281,354,283,350,284,344,285,337,287,328,288,319,288,312,288,306,288,301,287,no
293,288,296,292,300,297,307,302,317,305,329,305,341,303,351,297,357,291,360,286,362,281,358,281,353,283,349,284,344,285,337,287,328,288,319,288,312,288,306,288,302,287,no
293,289,296,293,300,297,308,303,318,306,330,306,342,303,351,298,357,292,360,287,362,282,358,282,353,283,349,284,344,286,337,287,328,288,319,289,312,288,306,288,302,288,no
293,290,296,294,301,298,308,303,318,306,330,306,342,303,351,298,357,292,361,288,363,283,359,283,354,284,350,285,344,285,337,287,328,288,319,288,312,288,306,289,302,289,no
293,290,296,294,301,298,308,302,318,305,330,305,342,303,351,298,357,292,361,287,363,283,359,283,354,284,350,284,344,285,337,286,328,287,319,287,312,288,306,288,302,289,no
292,290,295,294,300,298,308,302,318,305,330,304,342,302,351,297,357,291,361,287,363,283,359,283,354,284,350,284,344,285,337,286,328,287,319,288,312,288,306,288,301,289,no
292,290,296,293,300,297,308,301,318,304,330,304,342,301,351,297,357,291,361,286,363,282,359,282,354,283,350,283,344,284,337,285,328,286,320,287,312,287,306,288,301,288,no
292,290,295,294,300,298,307,302,318,305,330,304,342,302,351,297,358,291,361,287,363,283,359,283,354,283,350,284,344,284,337,285,328,287,319,287,311,288,306,288,301,289,no
293,290,296,294,301,297,309,302,319,304,331,304,342,301,351,297,357,291,360,286,362,282,359,282,354,283,350,284,345,284,338,285,329,287,320,287,312,288,306,288,302,289,no
293,291,296,295,301,298,308,302,319,304,330,304,342,302,351,297,358,292,361,288,363,284,360,283,355,284,351,285,345,285,338,286,329,287,320,288,312,288,306,289,302,290,no
294,292,297,295,301,299,308,303,317,305,328,305,340,302,350,298,357,293,361,288,364,284,360,284,355,285,350,285,344,286,336,286,327,288,318,288,311,289,306,289,302,290,no
293,291,296,295,301,298,308,302,318,304,329,303,341,301,350,297,357,292,361,288,364,284,360,284,355,285,351,285,345,286,337,287,328,288,319,288,312,289,306,289,302,290,no
293,289,296,293,301,297,308,301,318,303,329,303,341,301,350,297,357,291,361,287,364,283,361,283,356,284,351,285,345,285,337,286,328,287,320,288,312,288,306,288,302,288,no
293,289,296,293,301,297,308,301,318,303,329,303,341,301,350,297,357,291,360,287,363,283,359,283,354,284,350,284,345,285,337,286,328,287,319,287,312,287,306,288,302,288,no
292,291,296,294,300,298,308,301,318,304,330,303,341,301,351,297,357,292,361,288,363,283,360,283,355,285,351,285,345,286,337,287,328,288,319,289,312,289,306,289,301,289,no
292,292,295,296,300,299,307,303,317,305,329,305,341,303,350,299,357,294,361,289,364,285,360,285,355,286,351,287,345,287,337,288,328,289,319,290,311,290,305,291,301,291,no
293,293,297,297,301,300,309,304,319,306,330,306,341,304,351,299,357,294,361,290,363,286,359,286,355,287,351,288,345,289,338,290,329,291,320,292,312,292,307,292,302,292,no
296,292,299,295,303,299,311,304,320,306,332,306,344,304,353,299,360,294,363,289,365,285,362,285,357,286,353,287,347,288,339,289,330,290,322,291,314,291,309,291,305,291,no
295,292,298,295,303,299,311,303,321,306,332,306,344,304,353,299,360,294,363,289,365,285,362,285,357,286,353,286,347,287,340,288,331,290,322,290,314,290,309,290,304,291,no
297,290,300,294,304,298,311,303,321,306,333,306,345,304,354,299,361,293,364,288,366,283,363,283,358,285,353,286,348,287,340,288,331,290,323,290,315,290,310,290,306,290,no
297,289,300,293,305,297,312,302,322,305,334,306,346,303,355,298,361,292,365,288,367,283,363,283,358,284,354,285,349,286,342,287,333,288,324,289,316,288,310,288,306,288,no
298,290,301,294,305,299,312,305,322,308,333,309,345,306,354,301,360,294,364,289,366,284,362,284,357,286,353,287,348,288,340,290,332,291,323,291,316,290,311,290,307,290,no
298,293,301,297,304,301,311,306,320,310,331,311,342,309,351,304,358,298,361,293,363,289,360,288,355,290,351,290,345,291,338,292,329,294,321,294,315,293,310,293,306,293,no
297,296,299,299,302,304,308,309,317,313,329,314,340,312,350,307,356,300,359,296,361,292,358,291,353,292,348,293,343,294,336,295,327,296,319,296,313,295,308,295,305,295,no
294,297,297,301,301,305,307,311,316,315,327,315,338,313,347,309,353,302,357,298,359,293,355,293,350,294,346,295,341,296,334,297,326,298,318,298,311,297,306,297,302,297,no
293,298,295,302,299,306,305,311,314,315,325,315,336,313,345,309,352,303,355,298,357,294,354,294,349,295,345,296,339,297,332,298,324,299,316,299,310,298,305,298,301,298,no
290,297,293,301,297,306,304,311,313,315,324,316,335,314,343,309,350,303,353,298,355,293,352,293,347,294,343,295,337,295,331,297,323,297,315,297,308,297,302,297,298,296,no
288,296,290,300,294,305,301,311,311,316,322,316,334,314,343,309,349,302,353,297,355,292,351,292,346,293,342,294,337,295,330,296,321,297,313,297,306,297,301,296,297,296,no
289,296,291,300,295,305,301,311,311,315,322,316,334,314,343,309,350,302,353,297,355,292,352,292,346,293,342,293,337,294,330,296,321,297,313,297,306,296,301,296,297,295,no
289,298,291,302,295,307,302,313,311,317,322,317,333,315,342,310,349,304,352,299,354,294,350,294,346,295,342,296,336,296,330,298,321,299,313,298,306,298,301,298,297,298,no
288,302,291,305,294,310,301,315,310,319,321,320,332,318,342,313,348,307,352,302,354,298,351,298,346,298,341,298,335,298,328,299,320,300,312,300,305,300,300,300,297,300,no
289,306,291,309,294,313,300,319,309,323,320,324,332,323,341,318,348,311,352,307,354,303,351,303,345,302,341,302,335,302,328,303,319,304,312,304,305,303,300,303,297,304,no
288,307,290,311,293,315,299,321,307,326,318,327,329,325,338,321,346,315,350,310,353,306,349,306,344,306,340,306,334,307,326,308,318,308,310,308,304,307,299,306,295,306,no
287,307,289,311,292,316,298,322,306,327,317,328,328,327,338,322,345,316,349,311,352,307,349,307,343,307,339,307,333,308,326,309,317,309,309,308,303,307,298,307,295,306,no
287,305,289,309,291,314,297,320,305,325,316,327,327,326,337,321,344,316,349,311,352,307,348,306,343,306,338,307,332,307,325,308,316,308,309,307,303,306,298,305,295,305,no
288,303,290,307,292,312,298,318,306,323,316,325,328,324,337,320,344,314,349,309,352,306,348,305,343,305,338,305,332,305,325,306,317,306,309,305,303,304,299,303,296,303,no
287,302,289,306,292,312,298,318,306,323,317,325,328,325,338,320,345,315,349,310,352,305,349,305,343,305,339,305,333,306,326,306,318,306,310,305,304,304,299,303,295,302,no
287,305,289,309,292,314,298,321,307,326,317,327,328,326,338,322,344,316,349,312,351,307,348,307,343,307,339,307,333,307,326,307,318,308,310,307,304,306,299,305,295,304,no
287,304,289,309,292,314,298,320,306,324,317,326,328,325,337,321,344,316,349,312,352,307,348,307,343,307,339,307,333,307,326,308,318,308,310,307,303,306,298,305,295,304,no
286,307,288,311,291,315,296,321,304,326,315,327,326,327,335,323,342,318,347,313,349,309,346,309,341,309,337,309,331,309,324,310,316,310,308,309,302,308,297,307,293,306,no
285,307,287,311,290,316,296,321,305,326,315,327,326,327,335,323,342,318,347,313,349,309,346,309,341,309,337,309,331,309,324,310,315,310,308,309,301,308,297,307,293,306,no
285,306,287,310,290,315,295,322,303,326,313,328,325,327,335,323,342,317,347,312,350,308,346,307,341,308,336,309,330,309,323,310,314,310,307,309,301,308,296,307,293,306,no
287,305,288,309,291,314,296,321,304,325,315,327,327,326,337,321,344,315,349,310,352,305,348,305,343,306,338,306,332,307,324,308,315,308,308,308,302,307,298,306,294,305,no
288,304,289,308,291,314,296,321,304,326,315,328,327,326,338,322,345,315,350,310,353,305,349,305,343,306,338,307,332,308,324,308,315,309,308,308,303,307,299,305,296,304,no
287,304,289,308,291,314,296,321,304,326,315,328,327,327,337,322,345,315,350,310,352,306,349,305,343,306,338,307,332,307,324,308,315,308,308,307,302,306,298,305,295,304,no
288,304,289,309,292,314,297,320,304,325,315,327,327,325,338,321,346,315,351,310,355,305,351,305,345,306,340,306,333,307,325,307,315,308,308,307,302,306,299,305,296,305,no
289,306,290,310,292,315,297,322,305,326,315,328,326,327,337,323,344,317,349,313,353,309,349,308,343,308,339,308,332,309,324,309,316,309,308,308,303,307,299,306,296,306,no
288,308,289,312,292,316,297,322,305,327,315,328,326,328,336,324,344,319,349,315,353,311,349,310,344,311,339,311,332,310,324,311,315,311,308,310,302,309,298,308,295,307,no
288,309,290,313,292,318,297,325,305,329,315,331,326,330,336,326,344,321,349,316,352,312,349,311,343,311,338,311,332,311,324,312,315,312,308,311,302,310,298,309,295,308,no
287,308,289,313,292,318,297,324,305,328,315,330,326,330,336,326,344,321,349,317,352,313,349,312,343,313,338,313,332,313,324,313,316,313,308,311,302,310,297,309,294,308,no
286,306,288,311,291,316,297,323,305,327,315,329,326,329,336,326,343,321,348,316,351,312,347,311,342,311,338,312,332,312,324,312,316,312,309,311,302,309,298,308,294,307,no
287,305,288,310,291,315,296,322,304,326,315,328,326,328,336,324,343,319,348,314,351,309,348,309,343,310,338,310,332,310,324,311,316,310,308,309,302,308,298,307,295,305,no
289,304,291,309,294,315,300,321,308,326,319,328,330,327,339,323,346,318,350,313,353,308,349,308,344,308,340,309,334,309,328,310,319,310,311,309,305,307,300,306,297,305,no
291,304,292,309,295,315,301,321,310,325,321,327,332,326,342,322,350,316,354,310,357,305,353,304,348,306,343,307,337,308,329,309,321,309,313,308,307,307,302,306,299,305,no
293,303,295,307,298,312,304,318,313,322,324,323,336,322,346,317,353,310,358,305,361,300,358,299,352,301,347,302,340,303,332,305,323,306,315,305,309,305,304,304,301,303,no
295,302,297,306,300,311,306,317,315,321,326,322,338,321,348,316,355,310,360,304,362,299,359,299,353,301,348,302,342,303,334,304,326,305,318,305,311,304,307,303,304,302,no
297,301,299,305,302,310,308,316,317,320,328,321,341,319,350,314,358,308,362,302,365,297,361,297,355,299,351,300,344,301,337,302,328,303,320,303,313,302,308,302,305,301,no
298,299,300,303,303,308,310,314,319,319,331,319,343,318,352,312,359,306,363,300,366,296,362,296,357,297,352,298,346,299,339,301,330,301,322,301,315,300,310,300,306,299,no
299,297,301,301,304,306,311,312,321,316,332,317,344,315,354,310,361,303,364,298,367,294,363,294,358,294,353,295,348,296,340,297,332,298,323,298,316,297,311,297,307,296,no
300,294,302,298,306,302,313,308,322,312,334,313,345,311,355,306,362,300,366,295,368,291,364,291,359,292,355,292,349,292,342,293,333,294,324,294,317,294,312,293,308,293,no
300,290,303,294,307,298,314,304,324,308,336,308,348,306,357,302,364,296,368,291,370,287,367,286,362,287,357,287,351,288,344,289,335,289,326,289,319,289,313,289,309,289,no
301,288,303,292,307,297,314,302,323,305,334,306,347,304,357,300,364,294,368,289,371,285,368,285,362,285,357,286,351,286,343,287,334,288,325,288,319,287,313,287,309,287,no
301,288,304,291,308,295,315,300,325,303,336,303,348,302,358,297,365,292,369,288,372,284,368,283,363,284,358,284,352,284,345,285,335,285,327,285,320,285,314,286,310,286,no
301,286,304,289,308,293,316,297,326,299,337,300,349,298,359,295,366,290,370,286,373,282,369,281,364,281,360,281,353,281,346,281,337,282,328,282,320,282,314,283,309,284,no
301,286,304,289,308,292,315,297,325,299,336,300,347,298,357,295,364,290,369,286,372,282,369,282,363,282,359,282,352,282,344,282,335,283,326,283,319,283,313,283,309,284,no
301,284,304,287,308,291,316,295,325,297,336,297,348,296,358,292,365,288,369,284,372,280,369,279,364,280,359,280,353,280,345,280,336,281,327,281,319,281,314,282,309,283,no
299,285,303,287,307,290,315,294,324,296,335,296,347,295,357,291,364,286,369,282,373,279,369,278,364,278,359,278,352,278,344,279,334,280,326,280,318,280,312,281,308,282,no
300,284,303,286,307,290,314,294,324,296,335,296,347,295,357,291,364,286,369,282,372,278,368,278,363,278,358,277,352,277,344,278,334,279,326,279,318,279,312,280,308,281,no
299,283,302,286,307,289,314,292,324,294,335,294,346,293,356,289,364,285,369,281,372,278,368,277,363,277,358,277,351,277,343,277,334,278,325,278,318,279,312,280,307,281,no
299,283,302,285,307,288,314,292,323,294,334,294,345,293,355,289,363,285,368,281,372,277,368,277,363,277,358,276,351,276,343,277,333,278,325,278,317,278,311,279,307,280,no
299,282,302,285,307,288,314,292,323,295,334,295,345,293,355,289,363,284,368,281,371,277,368,277,363,276,357,276,350,276,342,276,333,277,324,277,317,278,311,279,307,280,no
298,283,302,286,306,288,314,292,323,294,333,293,345,292,355,289,362,284,367,281,371,278,368,277,363,277,357,276,351,276,342,276,333,277,324,277,317,278,311,279,306,281,no
297,286,301,289,306,291,313,295,323,297,334,297,346,295,355,292,362,287,367,284,370,280,366,280,361,280,356,280,350,280,342,280,333,281,324,282,316,282,310,283,306,284,no
297,289,300,291,305,294,313,297,322,299,334,299,345,297,355,294,362,289,367,286,370,283,366,282,361,282,356,282,350,282,342,282,332,283,324,284,316,284,310,285,305,287,no
298,292,301,294,305,297,313,300,322,302,333,302,345,300,354,296,362,292,366,288,370,285,366,285,361,285,356,284,349,284,341,285,332,286,323,286,316,287,310,288,306,289,no
297,294,300,297,305,299,313,303,323,306,334,306,346,304,355,300,362,294,366,291,368,287,365,287,360,287,355,287,349,287,341,288,333,289,324,289,316,290,310,291,306,292,no
298,295,301,298,306,302,313,306,323,309,335,309,346,307,356,303,362,297,366,292,368,289,365,288,360,289,355,289,349,289,342,290,333,291,325,292,317,292,311,292,307,293,no
299,295,302,299,306,303,313,308,323,311,335,311,347,309,356,304,362,298,366,293,368,289,365,289,360,289,355,290,350,290,342,292,334,293,325,293,318,293,312,293,307,294,no
298,295,301,299,306,303,313,309,323,312,335,312,347,310,356,305,363,299,366,294,368,290,364,290,359,290,355,290,350,291,342,292,334,293,325,293,318,293,312,293,307,293,no
298,294,301,299,305,304,313,310,323,313,335,314,347,312,356,306,363,300,366,294,369,290,365,290,360,291,356,291,350,292,342,293,333,294,325,294,317,294,311,294,307,294,no
298,294,301,299,305,304,312,309,323,313,335,313,346,311,356,306,362,299,366,294,368,290,365,290,360,291,355,291,350,292,342,293,333,294,324,294,317,294,311,294,307,294,no
298,295,301,299,305,304,312,309,322,313,334,313,346,311,356,306,362,299,366,294,368,290,364,290,359,291,355,291,349,292,342,293,333,294,324,294,317,294,311,294,307,294,no
297,296,300,300,304,304,312,309,322,312,334,312,346,310,355,305,362,299,365,294,368,290,364,290,359,290,354,290,349,291,341,292,332,294,323,294,316,294,310,294,305,294,no
296,297,300,300,304,304,312,308,322,311,334,311,346,309,355,304,362,298,366,294,368,290,365,290,360,290,355,291,349,291,342,292,333,294,324,294,316,294,310,295,305,296,no
297,298,300,301,304,304,312,308,322,310,334,310,346,308,356,304,362,299,366,295,369,291,365,291,360,291,355,291,349,291,342,292,333,294,324,294,316,294,310,295,305,296,no
296,298,300,301,304,304,312,308,322,310,334,310,346,308,356,304,362,299,366,295,369,291,365,291,360,291,355,291,349,292,342,293,333,294,324,294,316,295,310,295,305,296,no
297,298,300,301,304,304,312,308,322,310,334,310,346,308,355,304,362,299,366,295,369,291,365,291,360,291,355,291,349,292,341,293,332,294,323,294,316,294,310,295,305,296,no
296,298,300,301,304,304,312,308,322,311,334,310,345,308,355,304,361,299,365,295,368,291,364,291,359,291,355,291,349,292,341,293,332,294,323,294,316,295,310,295,305,296,no
295,298,299,301,304,304,311,308,322,310,334,310,345,308,355,304,362,299,366,295,369,291,365,291,360,292,355,292,349,293,341,294,332,295,323,295,315,296,309,296,304,297,no
295,298,299,301,304,305,312,308,322,311,333,311,345,309,355,304,361,299,365,295,368,291,364,291,359,291,355,292,348,292,341,294,332,295,323,295,315,296,309,296,304,297,no
296,298,299,302,304,305,311,308,322,311,333,311,345,309,355,304,362,299,366,295,368,291,365,291,359,292,355,292,349,293,341,294,332,295,323,295,315,296,309,296,304,297,no
296,298,299,302,304,305,311,309,322,311,333,311,345,309,355,304,362,299,366,295,368,291,364,291,359,292,355,292,348,293,341,294,332,295,323,295,315,296,309,296,305,297,no
296,298,299,301,304,305,312,308,322,311,333,311,345,309,355,304,361,299,365,295,368,291,364,291,359,291,354,292,348,292,341,294,332,295,323,295,315,295,309,296,304,297,no
296,297,299,300,304,304,312,308,322,310,333,310,345,308,355,304,362,298,366,294,368,290,365,290,359,291,355,291,348,291,341,293,331,294,323,294,315,294,309,295,305,295,no
296,297,299,301,304,304,311,308,322,311,334,311,345,309,355,305,362,299,366,294,369,290,365,290,360,291,355,291,349,292,341,293,332,294,323,295,315,295,309,295,305,296,no
296,296,299,299,303,303,311,308,321,311,333,311,345,309,355,304,362,298,366,293,368,288,364,288,359,289,354,289,348,290,340,291,331,293,322,293,315,293,309,294,304,294,no
294,294,297,298,302,302,310,307,320,310,332,310,344,308,354,303,361,296,365,291,367,287,364,287,358,287,353,288,347,288,339,290,330,291,321,291,314,291,308,292,303,292,no
293,291,296,295,301,299,309,305,319,308,331,308,343,306,353,301,359,294,363,289,365,285,361,285,356,285,352,285,346,286,338,287,329,288,320,288,313,288,307,289,302,289,no
292,290,295,294,299,299,306,305,316,308,328,309,340,306,350,300,356,293,359,287,361,283,358,283,353,283,348,283,342,284,335,285,326,287,318,287,311,287,305,288,301,288,no
290,288,293,292,297,298,304,304,314,308,326,309,338,306,348,300,355,292,358,287,361,282,357,282,352,283,347,283,341,284,334,286,324,287,316,287,309,287,303,287,299,287,no
289,287,292,291,296,296,303,303,313,307,325,307,337,304,347,298,353,291,357,286,359,281,355,281,350,282,346,283,340,283,332,285,323,286,315,286,308,286,302,286,298,286,no
289,287,292,291,296,296,303,302,313,306,325,306,337,304,347,298,353,291,356,286,358,281,355,281,350,282,346,282,340,282,333,284,324,285,315,285,308,285,302,285,298,285,no
289,286,291,290,296,296,303,302,313,305,325,305,337,303,347,297,353,290,356,285,358,281,355,280,350,281,346,282,340,282,333,284,324,285,315,285,308,285,302,285,298,285,no
289,286,292,290,296,295,304,301,314,304,326,304,338,302,347,296,354,289,357,284,359,279,356,279,351,280,346,281,341,282,333,283,324,285,316,285,308,285,303,285,298,285,no
289,285,292,289,296,294,304,299,314,302,326,302,338,300,347,294,354,288,358,283,360,279,357,279,352,279,347,280,341,281,333,282,324,283,316,284,308,284,303,284,298,284,no
290,286,293,290,297,294,304,299,314,302,325,302,337,300,347,294,354,288,358,283,361,278,357,278,352,279,347,279,340,280,333,281,324,282,315,283,308,283,303,284,299,284,no
290,287,293,290,298,294,305,298,315,301,327,301,339,298,348,294,355,288,359,284,362,280,358,280,353,280,348,280,342,280,334,281,325,282,316,283,309,283,303,284,299,285,no
290,288,293,291,297,294,304,298,314,300,326,300,337,298,347,294,354,288,359,284,362,281,358,280,353,280,348,280,342,281,334,281,325,283,316,283,308,284,302,285,298,286,no
288,289,292,292,297,295,304,299,314,301,325,300,337,298,346,294,354,289,359,285,362,281,358,281,353,281,348,281,341,281,333,282,324,284,315,284,307,285,301,286,297,287,no
288,290,292,293,296,295,304,299,314,301,325,301,336,299,346,295,354,290,358,286,361,282,358,282,353,282,348,282,341,282,333,283,324,285,315,285,307,286,301,287,297,288,no
288,290,291,293,296,296,304,299,313,301,324,301,336,299,346,295,353,290,358,286,362,282,358,282,353,282,348,282,341,282,333,283,323,285,314,285,307,286,301,287,296,288,no
288,290,292,293,296,296,304,299,313,301,325,301,336,299,346,295,353,290,358,286,361,282,358,282,352,282,347,282,341,282,333,283,323,285,314,285,307,286,301,287,296,288,no
288,290,291,293,296,296,304,299,313,301,324,301,336,299,346,295,353,290,358,286,361,282,358,282,352,282,347,282,341,282,332,283,323,284,314,285,307,285,301,286,296,288,no
288,290,292,293,297,296,304,300,314,302,325,302,337,299,346,295,354,290,359,286,362,282,358,282,353,282,348,282,341,282,333,283,324,285,315,285,307,286,301,287,297,288,no
288,290,292,293,297,296,304,300,314,302,325,302,337,300,346,295,354,290,358,286,361,282,358,282,353,282,348,282,341,283,333,284,324,285,315,285,307,286,301,287,297,288,no
288,290,292,293,296,296,304,300,314,302,325,302,336,300,346,295,353,290,358,286,361,282,358,282,352,282,347,282,341,283,333,284,324,285,315,285,307,286,301,287,297,288,no
289,288,292,291,296,295,304,299,314,302,325,302,337,300,347,295,354,290,358,285,360,281,357,281,352,281,347,281,340,282,333,283,324,284,315,285,307,285,302,285,297,286,no
290,286,293,290,297,294,304,299,313,303,325,303,336,300,346,295,353,289,357,284,359,280,356,280,350,281,346,281,340,282,332,283,323,284,315,285,308,285,302,285,298,285,no
289,286,292,290,296,294,303,300,312,304,324,304,336,301,345,296,352,289,355,284,357,279,354,279,349,280,344,281,339,282,331,283,322,284,314,285,307,284,302,284,298,284,no
289,285,292,289,296,294,303,300,313,304,325,304,337,302,346,296,352,289,355,284,357,279,353,279,348,280,344,281,339,282,332,284,323,285,315,285,307,285,302,285,298,284,no
289,286,292,290,296,295,303,301,313,304,324,305,336,302,345,297,352,290,355,285,357,281,353,281,349,281,344,282,339,283,331,284,323,285,314,286,307,285,302,285,298,285,no
289,288,292,292,296,296,304,301,314,305,326,305,338,302,347,297,353,291,357,286,359,281,355,281,350,282,346,283,340,283,333,284,324,286,315,286,308,286,302,286,298,286,no
290,287,293,291,297,296,304,301,314,304,326,305,338,302,347,297,353,290,357,285,359,281,355,281,350,282,346,282,340,283,333,284,324,286,315,286,308,286,303,286,299,286,no
289,289,292,292,297,296,305,301,316,304,328,304,340,301,349,297,355,291,359,286,361,282,357,282,352,283,348,283,342,284,335,285,326,286,317,287,309,287,303,287,298,287,no
289,289,292,293,297,297,305,301,315,304,327,304,339,302,349,297,355,291,359,287,361,282,357,282,353,283,348,284,342,284,335,285,326,286,317,287,309,287,303,287,298,288,no
306,319,309,323,314,328,322,333,333,336,345,336,357,334,367,329,374,322,379,317,381,313,378,313,372,314,368,316,361,317,354,319,344,321,335,321,327,320,320,320,315,319,water
305,317,308,322,314,327,322,333,332,336,344,336,356,334,366,329,374,322,378,317,381,312,378,313,372,314,367,315,361,317,352,318,343,320,333,320,325,319,319,319,314,318,water
304,316,308,321,314,325,323,331,334,334,346,334,358,332,367,327,375,321,379,315,382,310,378,311,373,312,368,313,362,315,354,316,344,318,334,318,326,318,318,317,313,317,water
304,315,308,319,313,324,321,330,331,333,343,333,356,331,366,326,373,320,378,314,381,309,378,310,372,311,367,312,360,314,352,315,342,317,333,317,324,316,318,316,313,315,water
303,315,307,319,313,324,322,330,332,333,345,333,357,331,367,326,374,320,378,314,381,309,378,310,372,311,367,312,361,313,353,315,343,316,334,316,325,316,318,315,313,315,water
304,314,307,319,313,324,321,329,331,333,343,333,355,331,365,326,373,320,378,314,380,309,377,309,371,311,366,312,360,313,352,315,342,316,332,316,324,316,318,315,313,315,water
303,314,307,319,313,324,321,329,332,333,344,333,356,331,366,326,373,319,378,314,380,309,377,310,371,311,367,312,360,313,352,315,343,316,333,316,324,316,317,315,312,315,water
303,314,306,319,312,324,321,329,331,333,344,333,355,331,365,326,372,320,377,314,379,309,376,310,370,311,366,312,360,313,352,315,342,316,333,316,324,316,317,315,312,315,water
302,315,306,319,312,324,320,330,331,333,343,333,355,331,365,326,372,320,376,314,379,309,375,310,370,311,365,312,359,313,351,315,341,316,332,316,323,316,316,315,311,315,water
302,315,305,319,311,324,319,329,330,332,342,332,354,330,364,325,371,319,376,314,379,309,375,309,370,310,365,311,359,313,350,314,341,316,331,316,323,316,316,315,311,315,water
301,315,305,319,310,323,319,329,329,331,342,332,354,329,364,325,371,318,375,313,378,309,375,309,369,310,365,311,358,312,350,314,341,315,331,315,322,315,315,315,310,315,water
301,315,305,319,310,323,318,329,329,332,341,332,353,330,363,325,371,318,375,313,378,308,375,309,369,309,364,310,357,311,349,313,340,314,330,314,322,314,315,314,310,314,water
302,314,305,318,310,323,318,328,328,331,340,331,352,329,362,324,370,317,375,312,378,308,374,308,369,309,364,310,357,311,349,313,339,314,330,314,321,314,315,314,310,314,water
301,313,305,317,310,321,318,326,328,329,340,329,352,327,362,322,369,316,374,311,377,307,373,307,368,308,363,309,356,310,348,312,339,313,329,313,321,313,315,313,310,313,water
302,313,305,317,310,321,319,326,329,328,341,328,352,326,362,322,369,316,374,311,377,307,373,307,368,307,363,308,357,309,349,311,340,312,330,312,322,312,316,312,311,313,water
301,313,305,317,310,321,319,326,329,329,341,329,353,327,363,322,370,316,374,311,377,307,373,307,368,307,363,308,357,309,349,311,340,312,331,313,322,313,315,313,310,313,water
302,313,305,317,310,321,319,325,329,328,341,328,353,326,362,321,369,315,373,310,376,306,373,306,367,307,363,308,357,309,349,310,340,312,331,312,322,312,316,312,311,312,water
302,313,306,317,311,321,319,326,329,329,341,329,352,327,362,322,369,316,374,311,377,307,373,307,368,307,363,308,356,309,348,311,339,312,330,313,322,312,316,312,311,313,water
302,313,305,317,310,321,318,326,329,329,341,329,352,327,362,322,369,316,374,311,377,306,373,307,368,307,363,308,356,309,349,311,339,312,330,312,322,312,315,312,311,312,water
302,313,306,317,311,321,319,326,329,329,341,329,353,327,362,322,370,316,374,311,377,306,373,307,368,307,363,308,357,309,349,311,339,312,330,312,322,312,316,312,311,312,water
302,313,305,316,310,320,318,325,328,328,340,328,351,326,361,321,368,315,373,310,376,306,372,306,367,307,362,307,355,308,347,310,338,311,329,312,321,311,315,312,310,312,water
302,312,305,315,310,319,318,324,328,326,339,326,351,324,361,319,368,313,372,309,375,305,372,305,366,305,361,306,355,307,347,308,338,310,329,310,321,310,315,310,310,311,water
302,311,306,314,310,318,318,322,328,325,339,325,351,323,360,319,368,313,372,308,375,304,371,304,366,304,361,305,355,306,347,307,338,308,329,309,321,309,315,309,311,309,water
303,310,306,313,311,317,318,321,327,324,338,324,350,322,359,318,367,312,371,307,374,303,371,303,365,304,360,304,354,305,346,306,337,308,328,308,321,308,315,308,311,309,water
302,309,305,313,310,316,317,321,327,323,338,323,350,321,359,317,367,311,371,307,375,303,371,303,365,303,360,304,354,304,346,306,337,307,328,307,321,307,315,308,310,308,water
302,309,306,312,310,315,318,320,327,323,338,323,349,321,359,316,366,311,370,306,374,302,370,302,365,302,360,302,353,303,345,304,336,306,328,306,320,306,314,307,310,307,water
302,308,305,312,310,316,317,321,327,325,338,325,349,323,359,318,366,311,371,306,374,301,371,302,365,302,360,302,353,303,345,305,336,306,328,306,320,306,314,306,310,307,water
301,307,305,311,309,316,317,321,327,325,338,325,350,323,360,317,366,310,371,305,374,300,370,300,365,301,360,301,353,302,345,304,336,306,328,306,320,306,314,306,310,306,water
301,307,305,311,309,316,317,322,327,325,339,325,350,323,360,317,366,310,370,305,373,300,370,300,364,301,359,302,353,303,345,304,337,306,328,306,320,306,314,306,310,306,water
300,307,303,313,309,319,317,325,328,329,340,330,352,327,362,321,368,313,371,307,373,300,369,300,365,304,361,307,355,309,348,312,339,313,329,313,321,313,314,311,309,310,water
299,307,303,313,308,319,317,325,328,329,340,329,353,326,362,321,368,313,371,306,373,300,369,300,364,304,360,307,355,309,348,311,339,313,329,313,321,312,314,311,309,309,water
299,307,303,313,308,319,316,324,327,328,339,328,351,325,361,319,367,312,371,305,373,299,369,299,364,303,360,305,354,308,347,310,338,311,328,312,320,311,314,310,309,309,water
299,307,303,312,308,318,316,323,326,327,339,327,351,325,360,319,366,311,369,305,371,299,367,299,362,302,358,304,352,306,345,308,336,310,327,310,320,309,313,309,309,308,water
301,306,304,311,308,316,315,323,325,327,336,328,348,325,357,319,362,311,365,305,367,299,364,299,359,301,355,303,350,305,343,307,334,308,326,308,319,308,313,307,309,306,water
302,305,305,310,309,315,316,323,325,327,335,328,346,325,354,319,360,310,362,304,364,299,360,299,356,300,352,301,347,303,340,304,332,306,325,306,319,305,314,305,310,304,water
304,304,306,308,309,314,315,321,324,326,334,327,344,324,352,318,357,309,359,303,361,299,357,299,353,299,349,299,345,300,339,301,331,303,324,303,319,302,315,302,311,302,water
305,304,306,309,309,314,314,322,323,327,333,328,343,325,351,318,356,310,358,303,359,299,356,299,352,299,348,299,343,300,337,302,330,303,324,303,318,302,314,302,312,302,water
303,304,305,308,308,313,313,321,322,326,332,327,343,324,351,317,356,309,358,303,359,298,356,298,352,298,348,299,343,300,337,302,330,303,323,303,317,302,313,302,310,302,water
303,304,305,308,308,314,313,321,322,326,332,327,343,325,351,318,356,310,358,304,359,299,355,299,351,299,347,299,343,300,337,302,330,303,323,303,318,303,314,302,310,302,water
300,305,302,311,305,317,312,323,322,327,333,327,345,324,354,318,360,311,363,304,364,298,361,298,356,302,352,304,347,306,340,308,332,309,324,309,317,309,312,308,308,307,water
298,304,300,310,304,316,312,323,322,326,334,326,346,324,356,317,361,310,364,303,366,297,362,297,357,301,353,303,348,305,341,307,332,309,323,309,316,309,311,308,307,306,water
297,301,299,307,304,313,311,319,321,323,334,323,346,320,355,314,362,306,365,300,366,294,362,294,357,297,353,299,348,301,341,303,332,305,323,305,316,304,310,303,306,302,water
295,299,298,304,302,309,310,314,320,317,332,317,345,315,354,309,361,302,364,296,366,290,362,291,357,293,353,295,347,297,340,299,331,300,322,300,314,300,309,300,304,299,water
295,297,298,302,302,307,310,312,320,316,331,316,343,313,353,308,360,301,363,295,366,289,362,289,357,292,352,293,346,295,339,297,329,298,321,299,313,298,308,298,304,297,water
295,297,298,302,302,306,310,312,319,315,331,315,343,313,353,307,359,300,363,295,365,289,362,290,357,292,352,293,346,295,339,297,329,298,321,299,314,298,308,298,304,297,water
295,298,298,302,302,307,310,312,320,315,332,315,344,313,353,307,360,300,364,295,366,289,362,290,357,292,353,293,347,295,339,297,330,299,321,299,314,299,308,298,303,298,water
294,298,298,303,302,307,310,312,320,315,332,315,344,313,353,307,360,301,364,295,366,290,362,290,357,292,353,294,347,296,339,298,330,300,321,300,314,300,308,299,303,299,water
295,298,298,303,302,307,310,312,320,315,332,315,344,313,353,307,360,300,364,295,366,290,362,290,357,292,352,293,346,295,339,297,329,298,321,299,313,298,308,298,304,298,water
295,297,298,301,302,306,309,310,319,313,331,313,343,311,353,306,359,300,363,294,365,289,362,289,357,291,352,293,346,294,338,296,329,297,320,297,313,297,308,297,303,297,water
294,297,297,301,302,305,309,310,319,313,330,313,343,310,352,305,359,299,364,293,366,288,362,288,357,291,352,292,346,293,338,295,329,296,320,297,313,297,307,297,303,296,water
294,296,298,300,302,304,309,309,319,312,330,312,342,309,352,304,359,298,364,293,366,288,363,288,357,290,353,291,346,293,338,294,329,295,320,296,313,296,307,296,303,296,water
295,296,298,300,302,304,310,309,319,311,331,311,343,309,352,304,359,298,363,293,366,288,362,288,357,289,352,291,346,292,338,293,329,295,320,295,313,295,308,295,303,295,water
298,296,300,300,304,304,311,309,320,312,331,312,343,310,352,304,359,298,363,293,365,289,362,289,356,290,352,290,346,291,338,292,329,294,321,294,314,294,309,294,305,295,water
299,297,302,301,305,305,312,311,321,315,332,315,344,312,353,307,359,300,362,295,364,290,360,290,355,291,351,291,345,292,338,293,330,295,322,295,316,294,311,295,307,295,water
300,298,303,302,306,307,313,313,322,317,333,318,344,315,352,309,358,302,360,296,362,292,358,292,354,292,350,292,345,293,338,294,331,296,323,296,317,296,312,296,308,296,water
302,298,304,303,307,308,313,315,322,320,333,321,343,318,352,311,356,303,359,297,360,292,356,292,352,292,348,292,343,293,337,295,330,296,323,296,317,296,313,296,310,297,water
303,298,305,303,307,308,313,316,322,321,332,322,343,319,351,312,356,303,358,297,359,293,356,293,351,293,348,293,343,294,337,296,330,297,323,297,318,297,314,296,310,297,water
304,299,306,303,309,310,314,317,323,322,334,323,345,320,353,313,357,304,359,298,360,293,356,293,352,293,349,294,344,296,339,297,331,299,324,299,319,298,315,298,312,297,water
301,302,302,308,306,314,312,320,322,323,334,323,346,320,355,314,361,307,364,301,365,295,361,295,357,298,353,301,348,303,342,305,333,307,324,307,318,307,313,306,309,304,water
300,301,302,307,305,313,313,319,323,323,335,322,347,319,356,313,362,306,365,299,366,293,362,293,358,297,354,299,349,301,342,303,333,304,324,305,318,305,312,304,308,303,water
298,299,300,305,304,310,312,316,322,320,334,320,347,317,356,311,362,304,365,297,367,292,363,292,358,295,354,297,349,298,341,300,332,301,324,302,316,302,311,301,307,300,water
297,297,299,302,304,307,311,312,321,315,333,315,345,313,355,307,361,300,364,294,366,289,362,289,357,291,353,293,348,294,340,296,331,297,323,298,316,298,310,297,306,297,water
297,295,300,300,304,304,312,309,322,313,334,313,346,310,355,305,361,298,365,293,367,287,363,288,359,290,354,291,349,293,341,294,332,296,323,296,316,296,310,295,305,295,water
296,295,299,300,304,304,312,309,322,313,334,313,346,310,355,305,362,298,365,292,367,287,364,287,359,289,354,291,348,292,341,294,331,296,323,296,315,296,309,295,305,295,water
297,295,300,299,304,304,312,309,322,312,333,312,345,310,355,304,361,297,365,292,367,287,363,287,358,289,354,290,348,292,341,294,332,295,323,296,316,295,310,295,306,295,water
297,295,300,299,305,304,312,309,322,312,334,312,346,309,355,304,362,297,366,291,368,286,365,286,359,288,355,290,349,291,341,293,332,295,323,295,316,295,310,295,306,295,water
297,295,300,299,304,303,312,308,322,311,333,311,345,309,355,304,361,297,365,292,367,287,363,287,358,289,354,290,348,292,341,293,331,295,323,295,315,295,310,295,305,295,water
297,295,300,299,304,303,312,308,322,311,333,311,345,309,355,303,361,297,365,291,368,286,364,286,359,288,354,290,348,291,340,293,331,295,323,295,315,295,310,295,305,295,water
296,294,299,299,303,303,310,308,320,311,332,311,344,308,353,303,360,297,364,292,366,286,363,286,358,289,353,290,347,291,339,293,330,294,321,295,314,295,309,294,304,294,water
296,293,299,297,304,301,311,306,320,309,332,309,344,306,353,302,360,296,365,290,367,285,364,285,358,287,354,288,347,290,339,291,330,292,321,293,314,293,309,293,304,292,water
296,291,299,294,303,298,310,303,319,306,330,306,342,304,352,300,359,294,364,289,367,285,363,285,358,285,353,286,346,286,338,287,329,288,320,288,313,289,307,289,304,289,water
296,291,299,294,303,297,311,302,320,304,330,304,342,302,351,298,358,292,363,288,366,284,363,284,358,283,353,283,346,284,338,285,329,286,320,287,313,287,307,288,303,289,water
295,290,298,293,303,297,310,301,319,303,330,303,341,301,351,297,358,291,363,287,366,283,363,283,357,283,352,283,345,283,337,284,328,286,320,286,313,286,307,287,303,288,water
295,292,298,295,303,298,310,303,319,306,330,306,342,304,352,299,359,293,363,288,366,284,362,284,356,284,351,284,345,284,337,286,328,287,320,287,313,288,307,289,303,290,water
296,293,298,296,302,300,309,305,319,308,330,308,341,306,351,301,358,295,362,290,364,286,361,286,355,286,350,285,344,285,336,286,327,287,319,288,312,288,307,289,303,290,water
296,293,299,297,303,301,309,306,318,309,329,309,340,307,350,302,356,296,360,291,362,288,359,287,354,287,349,286,343,286,335,287,327,288,319,288,312,289,307,290,304,291,water
298,293,300,297,303,301,309,307,318,311,329,312,340,309,349,304,355,297,358,292,360,288,356,288,351,287,348,287,342,287,335,288,327,289,320,289,313,289,308,290,305,291,water
298,293,300,297,303,301,310,307,319,311,330,312,341,310,349,304,355,297,358,292,360,288,356,288,352,287,348,287,342,287,335,288,327,289,320,289,313,289,309,290,305,291,water
298,293,300,297,304,301,310,307,319,311,330,312,341,310,349,304,355,297,358,292,359,288,356,288,351,287,348,287,342,287,336,288,328,289,320,289,314,289,309,290,305,291,water
299,293,301,297,305,301,311,307,320,311,331,312,342,309,350,304,355,297,358,292,359,289,356,288,351,288,348,288,343,288,337,289,329,290,321,290,315,290,310,291,306,291,water
300,295,302,299,305,304,311,311,320,315,331,316,342,313,350,307,355,300,358,294,359,290,356,289,351,290,347,291,343,291,336,293,328,294,321,294,315,294,311,294,308,294,water
297,298,299,302,303,307,310,312,319,316,331,316,342,313,351,308,357,302,360,296,362,291,358,291,354,293,350,295,345,296,338,298,329,299,321,299,314,299,309,299,306,298,water
297,298,300,303,303,308,310,314,320,317,332,317,344,315,353,309,359,302,362,296,363,291,359,291,355,293,351,295,345,296,338,298,330,299,321,299,315,299,310,299,306,298,water
296,297,298,302,302,307,309,313,319,316,331,316,344,314,353,308,360,301,363,296,365,290,361,290,356,293,352,294,346,296,339,297,329,298,321,299,314,299,308,298,304,298,water
295,296,297,300,302,305,309,310,319,313,331,313,344,310,353,305,360,298,364,293,366,288,362,288,357,290,353,292,346,293,339,295,329,296,320,297,313,296,308,296,304,296,water
295,294,298,298,303,302,311,307,321,310,333,310,345,307,355,302,361,296,365,291,367,286,363,286,358,288,354,289,348,290,340,292,331,293,322,293,314,293,308,293,304,293,water
296,293,299,297,303,301,311,306,321,310,332,310,344,307,354,302,360,296,364,291,366,286,363,286,358,288,353,289,347,290,340,291,331,293,322,293,315,293,309,293,305,292,water
295,294,298,298,303,302,310,307,320,310,332,309,344,307,354,302,361,296,365,290,367,286,363,286,358,288,354,289,347,290,340,292,330,293,321,294,314,294,308,293,304,293,water
296,295,299,298,304,302,311,306,320,309,332,309,344,307,354,302,360,296,364,291,367,287,363,287,358,289,353,290,347,291,340,292,330,294,322,294,314,294,309,294,305,294,water
296,295,300,298,304,302,311,307,321,310,332,309,344,307,354,302,361,296,365,291,367,287,363,287,358,288,354,290,348,291,340,292,331,294,322,294,315,294,309,294,305,294,water
297,295,300,298,304,302,311,307,321,309,332,309,344,307,354,302,360,296,364,291,367,287,363,287,358,289,354,290,347,291,340,292,331,294,322,294,315,294,309,294,305,294,water
296,294,299,298,303,302,311,306,320,309,332,309,343,307,353,302,360,296,365,291,367,287,364,287,358,288,354,289,347,290,339,292,330,293,321,293,314,293,308,293,304,293,water
296,293,299,296,303,300,310,305,319,307,330,307,342,305,352,301,360,295,364,291,367,286,363,286,358,287,353,288,346,289,338,290,329,291,320,291,313,291,308,292,304,292,water
296,293,299,297,303,300,310,305,320,308,331,308,343,305,353,301,360,295,364,290,367,286,363,286,358,287,353,288,347,289,339,290,329,291,321,292,313,292,308,292,304,292,water
295,293,299,297,303,300,310,305,320,307,331,307,343,305,353,301,360,295,365,290,367,286,364,286,358,287,354,288,347,289,339,290,329,291,321,291,313,291,308,292,304,292,water
296,294,299,297,303,301,310,305,320,308,332,308,343,305,353,301,360,295,364,290,367,286,363,286,358,287,353,287,347,288,339,289,330,291,321,291,314,291,308,292,304,292,water
296,293,298,297,303,301,310,305,320,308,331,308,343,305,353,301,360,295,364,290,367,286,363,286,358,287,353,287,347,288,339,289,330,290,321,291,314,291,308,291,304,292,water
301,294,303,298,307,302,313,308,322,312,333,312,344,310,353,305,359,298,362,294,364,289,361,289,356,289,352,290,346,290,339,291,331,292,323,292,317,292,312,292,308,293,water
302,296,304,300,308,305,314,311,323,315,334,315,345,313,353,307,359,300,362,294,363,290,360,290,355,290,351,290,346,291,339,292,332,294,324,294,318,294,313,294,310,294,water
301,297,303,301,306,306,313,313,322,318,333,319,344,316,353,309,358,301,360,296,362,291,358,291,353,291,350,292,345,292,338,294,331,295,323,295,317,295,312,295,309,295,water
301,299,303,304,306,310,312,316,321,319,332,320,344,317,353,312,358,304,361,299,362,293,358,293,354,296,350,297,345,299,339,300,331,301,323,302,317,301,313,300,309,299,water
298,301,300,306,304,312,311,317,321,321,333,321,345,318,354,312,360,305,363,299,365,293,361,293,356,296,352,298,347,300,340,302,331,303,323,303,316,303,311,303,307,302,water
297,300,299,305,303,310,311,316,321,319,333,320,345,317,354,311,361,304,364,298,365,293,361,293,357,295,353,297,347,299,340,300,331,302,322,302,315,302,310,301,306,301,water
296,298,299,303,303,308,310,313,320,316,332,316,344,313,354,308,361,301,364,295,366,290,362,290,357,292,353,294,347,295,339,297,330,299,321,299,314,299,309,299,305,298,water
296,297,299,302,303,306,310,311,320,314,332,314,344,311,354,306,360,300,364,295,366,290,362,290,357,292,353,293,347,295,339,296,330,297,321,298,314,298,309,297,305,297,water
295,296,298,301,302,305,310,310,320,313,332,313,344,310,354,305,361,299,364,293,367,289,363,289,358,290,353,292,347,293,339,294,330,296,321,296,314,296,308,296,304,296,water
296,295,299,299,303,303,310,308,320,311,332,311,344,309,353,304,360,298,364,293,366,288,363,288,358,290,353,291,347,292,339,294,330,295,321,295,314,295,309,295,304,295,water
295,296,298,300,302,304,310,308,319,311,331,311,343,309,353,304,360,298,364,293,367,288,363,288,358,290,353,291,347,292,339,293,330,295,321,295,314,295,308,295,304,295,water
295,295,298,299,303,303,310,308,320,310,331,310,343,308,353,303,360,298,364,293,366,288,363,288,357,290,353,291,347,292,339,293,330,294,321,295,314,295,308,295,304,295,water
295,296,298,299,302,303,310,308,319,310,331,310,343,308,353,303,359,298,364,293,366,288,362,288,357,290,353,291,346,292,339,293,329,295,321,295,313,295,308,295,304,295,water
294,296,297,300,301,303,309,307,319,310,330,310,342,308,352,303,359,298,363,293,366,289,362,289,357,290,352,291,346,292,338,293,329,295,320,295,313,295,307,295,303,295,water
294,295,297,299,302,303,309,307,319,310,330,310,342,308,352,303,359,297,364,292,366,288,363,288,357,289,353,290,346,291,338,293,329,294,320,294,313,295,307,295,303,295,water
294,294,297,298,302,302,309,306,319,309,330,309,342,306,352,302,359,296,363,291,366,286,362,286,357,288,352,289,346,289,338,291,328,292,320,293,312,293,307,293,303,293,water
294,292,297,296,301,300,309,304,318,307,330,307,342,304,351,300,358,294,362,289,365,284,361,284,356,286,352,287,345,288,338,289,328,291,320,291,312,291,307,291,303,291,water
293,291,296,295,301,299,308,303,318,306,330,306,341,304,351,299,358,293,362,288,364,284,360,283,355,285,351,286,345,287,337,288,328,289,319,290,312,290,306,290,302,290,water
293,292,295,296,300,300,307,304,317,306,329,306,341,304,351,299,358,293,362,288,364,284,361,283,355,285,351,286,345,287,337,288,327,290,318,290,311,291,306,291,302,291,water
291,293,294,297,299,301,307,305,317,307,329,307,341,304,351,300,358,294,361,289,364,284,360,284,355,286,351,287,345,288,337,290,328,291,319,292,311,292,305,292,301,292,water
291,293,294,297,299,300,306,305,316,308,328,307,340,305,349,300,356,294,359,290,361,285,357,285,353,287,349,288,343,289,336,290,327,292,318,292,310,292,305,292,300,292,water
293,292,296,295,300,300,307,305,316,309,328,309,339,307,349,302,355,295,359,290,361,285,357,285,352,286,348,286,342,287,335,288,326,289,317,289,310,289,305,290,301,290,water
294,291,297,295,300,300,307,306,316,310,327,310,338,308,347,301,353,294,356,289,358,285,354,284,349,284,345,284,339,284,332,286,324,287,317,287,310,287,306,288,302,288,water
295,290,297,294,300,299,307,306,316,310,327,311,338,308,347,301,352,294,354,288,356,284,352,284,348,284,344,284,339,285,332,286,324,288,317,288,311,288,306,288,302,288,water
294,292,297,296,301,301,307,308,316,312,327,313,338,310,347,303,352,296,355,290,357,285,354,285,349,286,345,286,340,287,333,289,325,290,317,290,311,290,306,290,302,290,water
294,292,297,296,300,301,307,308,316,312,327,312,338,310,347,303,352,296,355,290,357,285,353,285,349,286,345,286,339,287,333,288,325,290,317,290,311,290,306,290,302,290,water
292,294,295,299,299,304,306,310,316,313,327,313,339,311,348,305,354,298,357,292,359,286,355,286,350,289,346,291,341,292,334,294,326,295,317,296,311,295,305,295,301,294,water
291,294,293,300,297,305,305,310,315,313,327,313,340,310,349,305,355,298,358,292,360,287,356,287,351,289,347,291,341,293,334,295,325,296,317,297,310,296,304,296,300,295,water
291,293,294,297,298,302,306,307,316,309,327,309,339,306,349,301,355,295,358,290,359,285,356,285,351,287,347,288,341,290,334,291,326,293,317,293,310,293,304,293,300,292,water
290,290,293,294,298,299,305,303,315,306,327,306,339,303,348,298,354,292,358,287,360,282,356,282,352,284,347,285,342,286,334,288,325,290,317,290,309,290,303,290,299,290,water
290,289,293,293,297,297,305,301,315,304,327,303,338,301,347,296,354,290,358,285,360,280,357,280,352,282,347,283,342,285,334,286,325,287,316,288,309,288,303,288,298,288,water
289,289,292,293,297,297,305,301,315,304,326,304,338,301,348,296,354,290,358,285,361,281,357,281,352,282,348,283,341,284,334,285,325,287,316,287,308,287,303,288,298,288,water
290,289,293,293,297,297,304,301,314,304,326,303,338,301,348,296,355,290,359,285,361,281,357,281,352,283,348,284,342,285,334,286,325,288,316,288,308,288,303,288,299,288,water
289,290,292,294,297,297,304,301,314,304,326,303,338,301,347,296,354,291,358,286,361,281,357,281,352,283,348,284,341,285,334,287,325,288,315,289,308,289,302,289,298,289,water
290,291,293,294,297,298,305,301,315,303,326,302,338,300,347,296,354,291,358,287,360,283,356,283,352,284,347,285,341,286,334,287,325,288,316,289,309,290,303,290,299,290,water
289,291,292,295,297,298,305,301,314,303,326,302,338,300,347,296,354,291,358,287,360,283,356,283,352,284,347,285,342,286,334,287,325,289,316,289,308,290,303,290,298,290,water
288,289,291,293,296,296,303,300,313,302,325,302,337,299,346,295,353,290,358,285,360,281,357,281,352,283,347,284,341,284,333,286,324,287,315,288,307,288,301,288,297,288,water
289,289,292,293,297,297,304,301,314,303,326,302,337,300,347,295,354,290,358,285,360,281,357,280,352,282,347,283,341,284,333,285,324,287,315,288,308,288,302,288,298,288,water
290,287,293,291,297,295,305,299,314,301,325,301,337,299,347,294,353,288,358,283,360,279,357,279,352,280,347,281,341,282,333,284,324,285,315,286,308,286,302,286,298,286,water
291,286,293,290,297,294,304,298,314,301,325,301,337,298,346,293,353,287,357,283,360,278,356,278,351,279,346,280,340,280,332,282,323,283,315,283,308,284,302,284,299,285,water
292,286,295,289,298,293,305,299,315,302,326,302,337,300,346,295,352,288,356,283,358,279,354,279,349,279,345,279,339,279,331,280,323,281,315,282,308,282,303,283,300,284,water
292,286,294,290,298,294,305,300,314,304,325,304,336,301,345,296,350,289,353,284,355,280,351,280,346,280,342,280,337,281,330,282,322,283,315,283,308,283,303,284,300,284,water
293,288,295,292,299,297,305,303,313,307,324,307,335,304,344,298,349,291,352,286,353,282,350,282,345,282,341,282,336,282,330,284,322,285,314,285,308,285,304,286,301,286,water
293,289,295,293,298,298,304,304,313,308,323,309,334,306,343,300,349,292,351,287,353,283,350,283,345,283,341,283,336,284,329,285,321,286,314,286,308,286,304,287,300,287,water
292,290,295,294,298,299,304,305,313,309,323,310,334,307,343,301,348,294,351,288,353,284,350,284,345,284,341,284,336,285,329,286,321,288,314,288,308,288,303,288,300,288,water
291,291,293,297,297,302,304,308,314,312,325,312,337,309,346,303,352,296,355,290,356,284,352,284,348,287,344,289,338,291,332,293,323,294,315,294,308,294,303,293,300,292,water
288,292,291,298,295,303,303,309,313,312,325,312,337,309,346,304,352,297,355,290,357,284,353,284,348,287,344,290,338,291,331,293,322,294,314,295,307,295,302,294,297,293,water
288,290,291,295,295,300,302,305,312,308,324,307,336,305,345,299,352,292,355,287,356,281,352,281,348,284,344,286,338,287,331,289,322,290,314,291,307,291,301,290,297,290,water
287,287,290,291,295,295,302,299,312,302,324,302,336,300,345,294,351,288,355,283,357,279,353,279,349,281,345,282,339,283,331,285,322,286,313,286,306,286,300,286,296,286,water
287,287,290,291,294,295,302,300,312,302,323,302,335,299,345,294,351,288,355,283,357,279,354,279,349,281,344,282,338,283,331,284,322,286,313,287,306,287,300,287,296,287,water
286,287,290,291,294,295,302,299,311,302,323,301,335,299,344,294,351,288,355,283,357,279,353,279,348,280,344,282,338,283,330,284,321,286,312,286,305,286,300,287,295,287,water
286,287,289,291,294,295,301,299,311,301,323,301,334,298,344,293,350,288,354,283,356,279,352,279,348,280,343,281,338,282,330,284,321,285,312,286,305,286,299,286,295,286,water
285,287,288,291,293,294,300,298,310,300,322,300,333,297,343,293,350,288,354,283,356,279,352,279,348,280,343,281,337,282,329,283,320,285,311,286,304,286,298,286,294,286,water
284,288,287,291,292,295,300,298,309,300,321,299,333,297,342,292,349,287,353,283,356,279,352,279,347,280,343,281,337,282,329,283,319,285,310,285,303,286,297,286,293,287,water
284,288,287,292,292,295,299,298,309,300,321,299,333,297,342,292,349,287,354,283,356,279,352,279,348,281,343,281,337,282,329,283,319,285,310,285,303,286,297,287,292,287,water
284,288,287,292,292,295,299,298,309,300,321,299,333,297,342,292,349,287,353,283,356,279,352,279,347,281,343,281,337,282,329,283,319,285,310,285,303,286,297,287,292,287,water
284,287,287,291,291,294,299,298,308,299,319,299,331,296,341,292,348,287,353,283,356,278,352,278,347,280,342,281,336,281,327,283,318,284,309,285,302,285,297,286,292,286,water
284,287,287,291,292,294,299,297,309,299,320,298,332,296,342,292,349,286,353,282,356,278,352,278,347,280,343,280,336,281,328,282,319,283,310,284,303,285,297,286,293,286,water
283,287,287,291,292,294,299,297,308,299,320,298,332,296,341,291,349,286,353,282,356,278,352,278,347,279,342,280,336,281,328,282,318,284,309,284,302,285,297,286,292,286,water
284,286,287,290,291,294,299,297,308,299,319,299,331,296,341,292,348,286,353,282,355,278,352,278,347,279,342,280,335,281,327,282,318,283,309,284,302,285,297,285,293,285,water
288,285,291,289,294,293,300,298,309,301,320,301,331,299,340,293,347,287,351,282,353,278,350,278,345,278,340,278,334,279,326,280,318,282,310,282,304,282,299,283,296,283,water
290,286,292,290,296,294,302,300,311,304,321,304,332,301,341,295,346,288,349,283,350,279,347,279,342,279,338,279,333,280,326,281,318,283,311,283,305,283,301,283,297,284,water
290,286,292,291,295,296,302,302,310,306,321,307,332,304,341,297,346,289,348,283,350,279,346,279,341,279,338,280,332,281,326,283,318,285,311,285,305,285,301,285,297,285,water
291,288,293,292,296,297,302,304,311,309,321,309,332,306,340,299,345,290,348,285,349,280,345,280,341,281,337,281,332,283,326,284,318,286,311,286,306,286,302,286,298,286,water
289,290,291,294,295,299,301,304,310,308,320,308,332,305,340,299,345,292,348,286,350,282,346,282,342,283,338,284,333,285,326,286,318,287,311,288,305,288,300,288,297,288,water
289,291,291,296,295,301,302,306,311,310,322,309,334,307,343,301,349,294,352,288,354,282,350,282,345,285,341,287,336,289,329,291,320,293,312,293,306,293,301,292,297,292,water
287,291,289,296,292,300,299,305,309,308,321,308,333,305,342,299,349,292,352,286,354,281,350,281,345,283,340,285,335,286,327,288,318,290,310,290,304,291,299,291,295,290,water
286,288,288,292,292,296,299,301,309,303,320,303,333,300,342,295,349,288,353,283,356,278,352,278,347,280,342,281,336,283,328,284,318,286,310,286,303,287,298,287,295,287,water
285,286,288,290,292,294,300,298,310,300,322,300,334,297,344,292,351,286,354,281,357,276,353,276,348,278,343,279,337,280,329,282,320,284,311,284,303,285,298,285,293,285,water
285,286,288,290,292,294,300,298,310,301,321,300,333,297,343,292,350,286,354,281,357,276,353,276,348,278,344,280,337,281,329,283,320,285,311,285,303,285,298,285,294,285,water
284,286,288,289,292,293,300,297,309,299,321,298,333,296,343,291,350,285,354,281,357,276,353,276,348,278,344,279,337,280,329,282,319,283,311,284,303,284,298,285,293,285,water
285,286,288,289,293,293,300,296,310,298,321,297,333,295,343,290,350,285,354,281,356,276,353,276,348,278,343,279,337,280,329,281,320,282,311,283,304,284,298,284,294,285,water
285,286,288,290,292,293,299,296,309,297,320,297,332,294,342,290,350,285,354,281,357,277,353,277,348,279,344,279,337,280,329,281,319,283,310,284,303,284,297,285,293,285,water
285,287,288,290,293,293,300,296,309,298,321,297,333,295,343,290,350,285,354,281,356,277,353,277,348,279,343,280,337,280,329,281,319,283,311,284,304,284,298,285,294,286,water
285,287,288,290,292,293,300,296,309,298,321,297,333,295,343,290,350,286,354,281,356,278,353,277,348,279,343,280,337,280,329,281,319,283,311,284,303,284,298,285,294,286,water
285,286,288,289,293,293,300,296,310,298,321,297,333,295,343,290,349,285,353,281,356,277,352,277,348,278,343,279,337,280,329,281,320,282,311,283,304,284,298,285,294,285,water
286,285,289,288,293,292,301,296,311,298,322,298,334,295,344,290,350,285,354,280,356,276,353,276,348,278,344,278,338,279,330,281,321,282,312,283,304,283,299,284,294,284,water
285,284,289,288,293,291,301,295,310,297,322,297,334,294,343,289,350,284,354,280,356,275,352,275,348,277,343,278,337,279,330,280,320,282,312,283,304,283,299,283,294,283,water
286,284,289,288,294,292,301,296,311,298,322,297,334,294,343,290,350,284,353,280,356,276,352,275,348,277,343,278,337,279,330,280,320,281,312,282,305,283,299,283,295,284,water
287,285,290,289,295,292,302,296,311,298,322,297,333,295,343,290,349,285,353,281,356,277,352,277,348,278,343,279,337,279,330,280,320,282,312,282,305,283,300,284,296,284,water
287,286,290,290,294,293,301,296,311,298,322,297,334,295,343,290,350,285,354,281,356,277,353,277,348,278,344,279,337,280,330,281,320,282,312,283,305,284,300,285,296,285,water
287,287,290,290,294,294,301,298,311,300,322,299,334,297,344,292,350,286,354,282,356,278,352,278,348,279,343,280,337,281,330,282,321,284,312,284,305,285,300,285,296,286,water
289,286,291,290,296,294,303,299,312,301,323,301,335,298,344,293,350,287,354,282,355,278,352,278,347,279,343,280,337,281,330,282,321,283,313,284,306,284,301,285,297,285,water
291,285,293,289,297,294,304,299,313,302,323,302,334,300,343,294,349,288,352,283,354,278,351,278,346,279,342,280,337,281,329,282,321,283,313,283,307,283,302,284,298,284,water
294,284,296,288,299,293,305,299,313,304,324,304,334,301,342,295,346,287,348,282,349,278,345,278,341,278,338,278,333,279,327,280,320,281,314,281,308,281,304,282,301,282,water
292,286,294,290,296,296,302,303,311,308,321,309,332,306,340,299,345,291,347,285,348,280,344,280,340,281,336,282,332,283,326,285,318,286,311,286,306,286,302,285,299,285,water
292,286,294,291,297,296,303,303,311,308,322,309,332,306,340,299,345,291,347,285,347,280,344,280,340,281,336,282,332,283,326,285,319,287,312,287,307,286,303,286,300,285,water
291,288,293,293,296,298,302,305,311,309,321,310,332,307,340,301,345,293,348,287,349,282,345,282,341,284,338,286,333,287,326,289,319,290,312,290,306,290,302,289,299,288,water
288,292,290,297,294,302,301,307,311,310,323,310,334,307,344,301,350,294,353,288,355,283,351,283,346,286,342,288,336,290,329,292,320,293,312,294,305,294,300,293,296,292,water
286,290,289,295,293,300,300,305,311,308,323,308,335,305,345,299,351,292,354,286,355,281,351,281,347,284,343,286,337,288,330,290,321,292,312,292,305,292,299,291,295,290,water
285,287,288,291,292,296,300,301,311,304,323,303,335,300,345,295,351,288,355,282,356,277,352,277,347,279,343,281,337,282,330,284,321,286,312,287,304,286,299,286,295,286,water
285,284,288,289,293,293,301,297,312,299,324,299,336,296,345,291,351,285,355,280,356,275,353,275,348,277,344,278,338,279,331,281,322,283,313,283,305,283,299,284,294,284,water
286,284,289,288,294,292,301,296,311,298,323,298,335,295,345,290,351,284,355,279,357,275,354,275,349,277,345,278,339,279,331,281,321,282,312,283,305,283,299,283,295,283,water
287,285,290,288,294,291,302,295,311,297,323,296,335,293,344,288,351,283,355,278,358,274,354,274,349,276,344,276,338,277,330,279,321,280,312,281,305,282,300,283,296,283,water
287,286,290,289,295,292,303,295,312,296,324,295,335,293,345,289,351,284,355,280,358,276,354,276,350,277,345,278,339,278,331,280,322,281,313,282,306,283,300,284,296,284,water
288,287,291,290,295,293,303,296,313,297,324,296,335,294,345,290,351,285,355,281,358,277,354,277,349,278,345,279,339,280,331,281,322,282,313,283,306,284,301,285,296,286,water
287,287,291,290,295,293,303,296,313,297,324,296,335,294,345,289,351,285,355,281,358,277,354,277,350,278,345,279,339,279,331,280,322,282,314,283,306,284,300,285,296,285,water
287,285,291,289,295,292,303,296,312,297,324,297,336,294,345,290,351,284,355,280,358,276,354,276,349,278,345,279,339,279,332,281,322,282,314,283,306,283,301,284,296,284,water
287,285,290,288,295,292,303,295,313,297,324,296,336,294,345,289,352,284,356,279,359,275,355,275,350,276,346,277,340,278,332,280,323,281,314,282,306,283,300,283,296,283,water
287,284,290,287,295,291,302,294,312,296,323,295,335,293,344,288,351,283,356,279,359,275,355,275,350,276,346,277,339,278,331,279,322,280,313,281,305,282,300,282,295,283,water
287,285,291,288,295,291,302,294,312,295,323,295,334,292,344,288,351,283,356,279,359,275,356,275,351,276,346,277,339,277,330,279,321,280,312,281,305,282,300,283,296,283,water
287,285,290,288,295,291,302,294,312,295,323,294,335,292,345,287,352,283,357,279,360,275,356,275,351,276,346,276,339,277,331,278,322,279,313,281,306,281,300,283,296,283,water
288,286,291,289,296,292,304,294,313,296,324,295,336,292,346,288,353,284,357,280,360,277,356,277,351,278,346,278,340,278,332,279,323,281,314,282,307,283,301,284,297,285,water
288,288,291,290,296,293,303,296,313,297,325,296,336,294,345,290,352,285,356,281,359,278,355,278,350,279,346,279,340,280,332,281,323,283,314,283,307,284,301,285,296,286,water
289,288,292,291,296,294,304,296,314,298,325,297,336,294,346,290,352,286,356,282,359,278,355,278,350,279,346,280,340,280,332,281,323,283,315,284,307,284,302,285,297,286,water
289,287,292,290,296,294,303,297,313,299,324,298,335,295,345,291,352,286,356,282,358,278,355,278,350,279,345,280,339,280,332,281,322,283,314,284,307,284,302,285,297,286,water
290,286,293,290,297,293,304,298,313,300,324,300,335,297,344,292,351,286,355,282,357,278,354,278,349,279,344,279,338,280,331,281,322,282,314,283,307,283,302,284,298,284,water
293,286,295,289,299,294,305,300,314,303,324,303,335,301,344,295,349,288,351,282,353,278,349,278,345,278,341,279,336,279,329,281,322,282,314,283,308,283,304,283,300,284,water
294,286,296,289,299,294,305,301,314,305,324,305,335,303,343,296,348,289,351,283,352,279,348,279,344,279,340,279,335,280,329,281,321,283,314,283,308,283,304,283,301,283,water
292,287,295,291,298,296,304,302,314,306,324,306,335,303,343,297,348,289,351,284,352,279,349,279,344,280,341,281,336,282,329,284,321,286,314,286,308,286,303,286,300,286,water
292,290,294,294,298,299,304,305,313,309,324,310,335,306,344,300,349,292,351,287,352,282,349,282,344,283,340,283,336,284,329,286,321,287,314,288,308,288,303,288,300,288,water
290,291,292,297,296,302,303,308,312,311,324,311,336,308,345,302,350,295,353,289,354,283,351,283,346,287,342,289,337,291,330,292,322,294,314,294,307,294,302,293,299,292,water
288,291,291,297,295,302,303,307,313,310,325,310,337,307,346,301,352,294,354,288,355,282,352,282,347,285,343,287,338,289,331,291,322,293,314,294,307,293,301,293,297,292,water
287,291,289,295,294,300,301,305,311,307,323,306,335,303,345,298,351,291,355,285,356,280,352,280,347,283,343,284,337,286,330,288,320,290,312,291,305,291,300,291,296,291,water
287,290,289,295,294,300,301,305,311,307,323,307,335,304,345,298,351,291,355,285,357,280,353,280,348,283,344,285,338,287,330,289,321,290,312,291,305,291,300,291,296,291,water
285,290,288,294,293,299,300,303,311,306,323,305,335,302,344,296,351,289,354,284,356,279,353,279,348,282,343,283,337,285,330,287,321,289,312,290,305,290,299,290,295,290,water
286,290,289,295,294,299,301,303,311,305,323,304,335,301,344,295,350,289,354,284,356,279,352,280,347,282,343,283,337,285,330,286,321,288,312,289,305,290,300,290,295,290,water
286,292,289,296,293,300,301,304,311,305,323,304,335,301,344,296,350,289,354,284,356,280,352,280,347,282,343,284,337,285,330,287,321,289,312,290,305,291,299,292,295,292,water
285,293,288,297,293,301,300,304,310,305,322,304,333,301,343,296,349,291,353,286,355,281,351,281,347,284,342,285,336,286,329,288,320,290,311,291,304,292,298,293,294,293,water
285,292,288,296,292,300,300,303,309,305,321,304,333,301,342,296,349,290,352,286,354,281,351,281,346,284,342,285,336,286,328,288,319,290,310,291,303,291,298,292,294,292,water
284,292,287,295,291,299,298,303,307,304,319,303,331,301,340,296,347,290,351,285,353,280,350,280,345,282,340,284,334,285,326,287,317,288,308,289,301,290,296,291,292,291,water
283,291,285,295,290,298,297,302,307,304,319,303,331,300,341,295,347,289,351,284,353,280,349,280,345,282,340,283,334,285,326,286,317,288,308,289,301,290,296,290,291,290,water
283,291,286,295,290,298,297,302,306,303,317,303,329,300,339,295,346,289,351,284,353,280,349,280,344,282,339,283,333,284,325,286,315,288,307,289,300,289,295,290,291,290,water
283,292,286,295,290,298,296,302,306,303,317,302,329,299,339,295,346,289,350,284,353,280,349,280,344,282,339,283,333,284,324,286,315,288,307,289,300,290,295,290,291,290,water
283,292,286,295,290,298,296,302,306,303,317,302,329,299,338,295,345,289,349,285,352,281,348,281,343,283,339,284,332,285,324,286,315,288,306,289,300,290,295,290,291,291,water
282,292,285,295,289,299,296,302,305,304,316,303,328,300,338,295,345,290,349,285,351,281,347,281,343,283,338,284,331,285,323,287,314,288,306,289,299,290,294,291,291,291,water
282,292,284,295,288,299,295,303,304,305,315,304,327,301,337,296,344,290,347,285,350,281,346,281,341,283,337,284,330,284,322,286,313,288,305,289,299,289,294,290,290,290,water
282,290,284,294,288,298,295,303,304,305,316,305,327,302,337,296,343,289,347,284,349,279,345,280,340,281,336,283,330,284,322,286,313,288,305,288,299,288,294,289,290,289,water
283,289,285,293,288,297,295,302,304,305,314,305,326,302,335,296,342,289,346,284,348,280,345,280,339,281,335,282,328,283,321,285,312,287,304,288,298,288,294,288,290,288,water
283,290,285,294,289,298,295,303,304,306,315,305,326,302,335,297,341,290,345,285,347,280,344,280,339,281,334,282,328,283,321,284,312,286,305,287,298,287,294,288,291,288,water
283,291,285,295,289,300,295,305,304,308,315,308,326,304,336,298,342,291,345,285,347,281,343,281,338,282,334,283,328,285,320,287,312,289,304,289,298,289,294,290,291,290,water
283,292,285,296,289,300,295,306,304,309,315,308,326,305,335,299,341,292,344,286,346,281,343,281,338,283,333,284,327,285,320,287,312,289,304,289,298,290,294,290,291,290,water
282,293,285,297,289,302,296,307,305,310,317,309,328,306,337,300,343,293,346,287,348,283,344,283,339,285,335,286,330,288,322,289,314,291,306,292,299,292,294,292,290,292,water
281,296,284,301,287,306,295,311,305,314,316,313,329,309,338,303,344,296,347,290,349,284,345,284,340,288,336,290,330,292,323,294,314,296,305,297,299,297,294,297,290,296,water
281,294,284,299,288,304,295,309,305,312,316,311,329,308,338,302,344,294,347,288,349,282,345,283,340,286,336,288,330,289,322,292,313,294,305,295,299,295,294,295,290,294,water
281,292,284,297,288,301,295,306,305,308,317,307,329,304,338,298,345,291,348,286,349,281,346,281,341,284,337,285,331,287,323,289,314,291,306,292,299,292,294,292,290,292,water
280,291,283,295,287,299,295,303,304,306,316,305,328,301,338,296,344,289,348,284,350,279,346,279,341,281,337,283,331,285,323,287,314,289,305,290,298,290,293,290,289,290,water
280,291,283,295,287,299,294,303,303,305,314,304,326,301,336,295,343,289,347,284,350,279,346,280,341,282,336,283,330,284,321,286,312,288,304,289,297,290,292,290,289,290,water
280,291,283,295,287,298,293,302,302,304,313,303,325,300,335,295,343,289,347,284,350,280,346,280,341,282,336,283,329,284,320,286,311,288,303,289,296,289,292,290,288,290,water
280,292,283,295,287,299,293,303,302,305,313,304,325,301,335,295,343,289,348,284,350,280,347,280,341,282,336,283,329,284,321,286,311,288,303,289,297,289,292,290,289,290,water
280,292,283,295,286,299,293,303,302,304,313,303,325,300,335,295,342,289,347,284,350,280,346,280,341,282,336,283,329,284,320,286,311,288,303,289,296,290,292,290,288,291,water
280,292,282,295,286,299,293,303,302,305,313,304,325,301,335,295,343,289,347,284,350,280,346,280,341,282,336,283,329,284,321,286,311,288,303,289,297,290,292,290,288,290,water
280,291,282,295,286,298,293,302,302,304,312,303,325,300,335,295,342,289,347,284,350,280,346,280,341,281,336,282,329,284,320,285,311,287,302,288,296,289,291,289,288,290,water
279,291,282,294,286,298,292,302,301,304,312,303,324,300,334,295,342,289,347,284,350,279,347,279,341,281,336,282,328,283,320,285,310,287,302,287,295,288,291,289,287,289,water
280,291,282,294,286,298,293,301,301,304,312,303,324,300,334,294,342,288,347,284,350,279,346,279,341,281,335,282,328,283,320,285,310,286,302,287,296,288,291,288,288,289,water
279,291,282,294,286,298,292,301,301,303,312,303,324,300,334,294,342,288,347,284,350,279,347,279,341,281,336,282,328,283,320,285,310,286,302,287,295,288,291,289,287,289,water
280,291,282,294,286,298,292,301,301,303,312,302,324,299,334,294,342,288,347,283,350,279,346,279,341,281,335,282,328,283,319,284,310,286,302,287,296,288,291,289,287,289,water
279,291,282,294,286,297,292,301,301,303,312,302,323,299,334,294,342,288,347,283,350,279,347,279,341,280,335,281,328,282,319,284,309,286,302,287,295,288,291,288,287,289,water
280,291,283,294,287,297,293,301,302,303,312,302,324,299,334,294,341,288,346,283,349,279,346,278,340,279,335,280,328,281,319,283,310,285,302,286,296,286,291,287,288,288,water
281,290,283,293,287,297,293,301,302,304,313,303,324,300,334,295,341,288,346,283,348,279,345,279,339,280,334,280,327,281,319,283,310,285,302,286,296,286,291,287,288,288,water
281,290,284,293,287,297,294,302,302,305,313,304,325,301,334,296,341,289,344,284,347,280,343,280,338,281,333,282,327,282,319,284,310,286,303,287,296,287,292,287,289,288,water
283,290,285,294,289,298,295,303,304,306,315,306,326,303,335,297,341,290,344,285,346,281,342,281,337,281,333,282,327,283,320,285,311,286,304,287,298,287,294,288,290,288,water
284,291,286,295,289,299,296,305,305,308,315,308,326,305,335,298,340,291,343,285,345,281,342,281,337,281,332,282,327,283,320,285,312,287,304,288,298,288,294,288,291,289,water
284,292,286,296,290,301,296,307,305,311,316,311,327,308,336,301,341,293,344,287,345,282,342,282,337,283,332,283,327,284,320,286,312,288,305,289,299,289,295,289,291,290,water
284,294,286,298,290,303,296,308,306,312,317,312,328,308,337,302,342,295,345,289,346,284,343,284,338,287,335,289,329,291,323,293,314,295,306,296,300,295,296,295,292,294,water
282,295,285,301,289,305,297,310,307,313,318,312,330,309,340,303,345,296,348,290,350,284,346,284,341,288,337,290,332,292,325,294,316,296,307,297,300,297,295,297,291,296,water
283,293,285,298,289,302,296,307,306,310,318,309,330,306,340,301,346,294,349,288,350,283,346,283,341,286,337,287,332,289,324,291,315,293,307,294,300,294,295,294,291,293,water
281,292,283,296,288,300,295,304,305,306,317,305,329,302,338,297,345,290,349,285,351,280,347,280,342,282,337,283,331,285,323,287,314,288,306,289,299,290,293,290,289,290,water
280,290,283,294,288,298,295,302,305,304,316,303,328,300,338,295,344,289,348,283,351,279,347,279,342,281,337,282,331,284,323,285,314,287,305,288,298,289,293,289,289,289,water
280,290,283,293,288,297,295,301,304,303,315,303,327,300,337,294,344,288,348,283,351,278,348,278,342,280,337,281,331,283,322,284,313,286,304,287,297,288,292,288,288,288,water
281,290,284,294,288,297,295,301,304,303,315,302,327,299,337,294,344,288,348,283,351,278,347,278,342,280,337,282,331,283,322,285,313,287,305,288,298,288,293,289,289,289,water
281,291,284,294,287,298,294,302,303,304,314,303,326,300,336,294,344,288,348,283,351,278,347,279,342,281,337,282,330,284,322,286,312,288,304,289,298,289,293,289,289,290,water
280,291,283,295,287,298,294,302,303,304,315,303,327,299,337,294,344,288,348,283,351,279,347,279,342,281,337,283,330,284,322,286,313,288,304,289,298,290,293,290,289,290,water
281,291,283,295,287,298,294,302,303,304,314,303,326,300,336,294,343,288,348,284,351,279,347,279,342,281,337,283,330,284,322,286,312,288,304,289,297,289,292,290,289,290,water
280,290,283,294,288,297,295,301,304,303,315,302,327,299,336,294,343,288,347,283,350,278,346,278,341,280,337,282,330,283,322,284,313,286,304,287,298,288,292,288,289,289,water
280,290,283,294,288,297,294,301,304,303,314,302,326,299,336,294,343,288,347,283,350,278,347,279,342,280,337,282,330,283,322,284,312,286,304,287,297,288,292,289,288,289,water
281,289,284,293,288,296,295,300,304,302,315,302,326,299,336,293,342,287,346,282,349,278,345,278,341,280,336,281,330,282,322,284,312,286,304,286,297,287,292,288,289,288,water
281,289,284,293,288,296,295,300,304,302,315,301,327,298,337,293,343,287,348,282,350,277,347,277,342,279,337,280,330,281,322,283,313,285,304,286,297,286,292,287,289,288,water
283,288,286,291,290,295,297,299,306,301,317,300,328,297,337,292,344,286,348,281,350,277,346,277,341,278,337,279,330,280,323,281,314,283,306,284,299,285,294,285,291,286,water
286,288,288,291,292,295,298,300,307,303,318,303,329,300,338,294,343,288,347,283,348,278,345,278,340,279,336,279,330,280,323,282,315,283,307,284,301,284,296,285,293,286,water
289,288,291,292,294,296,300,301,308,304,319,304,329,301,337,295,342,288,345,283,347,279,343,279,339,280,335,281,330,282,323,283,316,285,309,285,303,286,299,286,296,286,water
289,289,291,293,294,298,300,304,309,308,320,308,331,304,339,297,344,289,345,283,346,278,343,279,338,279,335,280,330,282,324,283,316,285,309,286,304,286,300,286,297,287,water
288,290,291,294,294,298,300,304,310,308,320,308,331,304,339,297,344,289,346,283,347,279,343,279,339,280,335,281,330,282,324,284,316,286,309,287,303,287,299,287,296,288,water
289,290,292,295,295,300,301,306,310,310,321,310,332,306,341,299,345,291,347,285,348,280,345,280,340,282,337,283,332,284,325,286,317,288,310,288,305,289,300,289,297,289,water
287,293,290,298,294,303,302,308,312,311,323,310,335,307,343,301,348,294,351,288,352,282,348,282,344,285,340,288,335,289,329,291,320,293,312,294,305,294,300,294,296,293,water
285,293,288,298,292,302,300,307,310,309,321,309,333,305,343,299,348,293,351,287,352,282,348,282,344,285,340,287,335,288,328,290,319,292,310,293,303,294,298,293,294,293,water
286,291,288,295,293,299,300,304,310,307,321,306,333,303,342,297,348,290,351,285,353,280,349,280,344,282,340,283,335,285,327,286,318,288,310,289,303,289,298,290,294,290,water
284,290,287,293,292,297,299,301,309,303,321,302,333,299,342,294,348,287,351,282,352,277,349,277,344,279,340,280,334,282,327,284,318,286,310,287,303,287,297,288,293,288,water
284,289,287,292,292,296,299,300,309,302,321,301,332,298,341,293,348,286,351,281,353,277,349,277,344,278,340,279,334,281,327,282,318,284,309,285,302,286,297,287,292,287,water
283,289,287,292,291,296,299,299,309,301,320,300,332,298,341,292,347,286,351,282,353,277,350,277,345,279,341,280,335,281,327,282,318,284,309,285,302,286,296,287,292,287,water
284,290,287,293,291,297,298,300,308,302,320,300,332,297,341,292,347,287,351,282,353,278,349,278,345,280,341,281,335,282,327,284,318,286,309,287,302,288,296,289,292,289,water
284,291,287,294,291,298,299,301,308,302,319,301,331,298,340,293,346,288,350,283,352,279,349,279,344,281,340,282,334,283,326,284,317,286,309,287,302,288,296,289,292,290,water
283,291,286,295,290,298,298,301,308,302,319,301,331,298,340,293,347,288,350,283,353,279,349,279,344,281,340,282,334,283,326,285,317,287,308,288,301,289,295,289,291,290,water
282,290,285,294,290,297,297,301,307,303,319,302,331,299,340,293,346,288,350,283,352,279,348,279,344,281,339,282,334,283,326,285,317,287,308,288,301,289,295,289,291,289,water
282,290,285,294,290,297,297,301,307,303,319,302,330,298,340,293,346,288,350,283,352,279,348,279,344,281,339,282,333,283,326,285,317,287,308,288,300,288,295,289,291,289,water
282,290,285,293,289,297,297,301,307,302,318,301,330,298,339,293,346,287,349,283,351,278,348,279,343,281,339,282,333,283,326,285,316,287,307,288,300,288,295,289,290,289,water
282,290,285,294,289,297,297,301,306,302,317,301,329,298,339,293,345,287,349,283,351,279,348,279,343,281,339,282,333,283,325,285,316,287,307,288,300,288,295,289,291,289,water
282,291,285,294,289,298,296,301,306,302,317,301,329,298,339,293,345,287,349,283,351,279,347,279,343,281,338,282,332,283,324,284,315,286,306,288,299,288,294,289,290,290,water
282,291,285,295,289,298,296,302,305,303,317,302,329,299,338,294,344,288,348,284,350,279,347,279,342,281,338,282,331,284,324,285,314,287,306,288,299,289,294,290,290,290,water
281,291,284,295,288,299,295,303,305,305,316,304,328,300,338,295,344,289,347,284,349,280,346,280,341,282,337,283,331,284,323,286,314,288,305,289,299,289,294,290,290,290,water
281,291,283,295,288,299,295,303,305,305,316,304,328,301,337,295,343,289,346,284,348,280,344,280,340,282,336,283,330,284,323,286,314,288,305,289,298,289,293,290,289,290,water
281,291,284,295,288,299,295,303,305,305,317,304,329,301,338,296,344,289,347,284,348,280,344,280,340,282,336,283,330,284,323,286,314,288,306,289,299,289,294,290,290,290,water
283,291,285,295,289,299,295,303,304,306,315,306,326,303,335,297,340,290,344,285,345,281,342,281,337,282,333,282,327,283,320,285,312,286,304,287,298,288,293,288,290,289,water
285,291,287,295,290,299,296,304,304,308,315,308,325,305,333,298,339,291,341,286,343,282,339,282,334,282,330,282,325,282,318,284,311,286,304,286,298,287,294,288,292,288,water
287,291,289,294,291,299,297,306,305,310,315,310,325,307,333,300,337,293,339,287,340,283,337,283,332,283,329,284,324,284,318,286,311,287,304,288,299,288,296,288,294,288,water
288,290,289,295,291,301,296,308,305,313,315,313,325,309,333,302,338,294,340,288,340,283,337,283,332,284,329,284,324,285,318,287,311,289,304,289,300,289,297,289,294,289,water
287,292,288,297,291,302,296,310,305,314,315,315,325,311,333,304,338,295,340,289,341,284,337,284,333,284,329,285,324,285,318,287,310,288,304,289,299,289,296,289,294,290,water
285,293,287,298,290,303,296,309,305,313,316,313,327,309,336,303,341,295,343,289,344,284,341,284,336,286,332,288,327,290,321,291,312,293,305,294,300,294,296,293,293,293,water
281,295,283,300,287,305,295,311,305,313,316,312,328,309,338,302,343,295,346,289,347,283,343,284,339,287,335,289,329,291,322,293,313,295,305,296,298,296,293,296,289,295,water
279,293,282,297,286,302,293,306,303,308,315,308,327,304,336,298,343,291,346,286,348,281,344,281,339,283,334,284,328,286,321,288,312,290,304,291,297,292,292,292,288,292,water
278,291,280,295,284,299,292,303,301,305,312,304,324,300,334,295,341,289,346,283,348,278,345,278,339,281,334,282,328,284,320,286,310,288,302,289,295,289,290,290,286,290,water
278,290,281,294,285,297,293,302,302,304,313,303,325,300,334,294,341,288,345,283,347,278,344,278,339,280,334,281,328,282,320,284,310,286,302,287,295,288,290,288,286,288,water
277,290,280,294,284,298,291,302,300,304,311,303,323,300,333,294,340,288,345,283,348,278,344,278,339,280,334,282,327,283,318,285,309,287,301,288,294,288,289,289,285,289,water
278,291,280,295,284,298,290,302,299,304,310,303,322,300,332,294,340,288,345,283,348,279,344,279,339,281,334,282,327,284,318,286,308,288,300,289,294,289,289,290,286,290,water
278,291,280,295,284,299,290,302,299,304,310,303,322,300,332,295,340,289,344,284,347,279,344,279,338,281,333,283,326,284,318,286,308,288,300,289,294,290,289,290,286,290,water
277,291,279,295,283,299,290,302,299,304,310,303,322,300,332,295,340,289,344,284,347,279,344,279,338,281,333,282,326,284,317,286,308,287,300,289,293,289,288,290,285,290,water
276,291,279,294,283,298,289,302,299,303,309,302,321,299,331,294,339,288,343,283,346,279,343,279,337,280,332,282,325,283,317,285,307,286,299,288,293,288,288,289,284,289,water
275,290,278,294,282,297,289,301,298,303,308,302,320,299,330,294,338,288,343,283,346,278,342,278,337,280,331,281,324,282,316,284,306,285,298,287,291,287,286,288,283,289,water
274,290,277,294,281,297,289,301,298,302,309,301,321,298,331,293,338,287,343,282,346,277,342,277,337,279,332,280,325,282,316,283,307,285,298,286,292,287,287,288,283,288,water
275,290,277,293,281,297,288,300,298,302,309,301,321,298,331,293,338,287,342,282,345,277,341,277,336,279,331,280,325,282,316,283,307,285,298,286,291,287,286,288,283,288,water
275,291,277,294,281,297,288,301,297,303,308,301,320,298,330,293,338,287,343,282,345,278,342,278,336,280,331,281,324,282,315,284,306,286,298,287,291,288,286,289,283,289,water
275,291,277,294,281,298,287,302,296,303,307,302,319,299,329,293,337,287,342,283,345,278,341,278,336,280,330,281,323,283,315,285,305,287,297,288,291,289,286,289,283,289,water
275,291,277,294,281,298,288,302,297,304,308,303,320,300,330,294,337,288,341,283,343,278,340,278,334,280,330,281,323,283,315,285,306,287,298,288,291,288,287,289,283,289,water
277,290,279,293,283,298,289,302,298,304,309,304,321,301,330,295,336,289,340,283,342,279,338,279,333,281,329,282,323,283,315,284,307,286,299,287,293,287,288,288,285,288,water
277,289,279,293,283,297,290,302,299,304,310,304,321,301,330,295,336,289,340,283,342,279,338,279,333,281,329,282,323,283,316,285,307,286,299,287,293,288,288,288,285,288,water
280,290,282,294,285,298,291,303,300,306,310,306,321,303,330,297,336,290,340,284,342,280,338,280,333,280,328,281,322,282,315,283,307,285,299,286,294,286,290,287,287,287,water
282,290,284,293,287,297,293,303,301,306,312,306,322,303,330,297,335,290,338,285,339,281,335,281,331,281,327,281,322,282,315,283,308,285,301,285,296,286,292,286,289,287,water
283,289,285,293,288,298,294,304,302,308,312,308,323,305,331,298,335,291,338,286,339,281,335,281,331,282,327,282,322,282,316,284,308,285,301,286,296,286,292,286,290,287,water
284,289,286,293,289,298,295,304,303,308,313,308,323,305,331,298,335,291,337,285,338,281,335,281,331,281,327,281,322,281,316,282,309,284,302,285,297,285,294,286,291,287,water
282,292,285,296,288,301,295,306,304,309,315,308,326,305,335,299,340,292,342,286,343,281,340,281,335,283,332,285,327,286,320,288,312,290,304,291,298,291,294,291,290,291,water
282,292,284,297,288,301,295,306,304,309,315,308,326,305,334,299,339,292,342,286,343,281,339,281,335,284,331,285,326,287,320,288,312,290,304,291,298,291,294,291,290,291,water
281,292,283,296,287,300,295,305,304,308,316,307,328,304,337,298,342,290,345,285,347,280,343,280,338,282,334,284,329,286,322,288,313,290,305,291,298,291,293,291,289,291,water
280,289,283,293,287,297,294,301,304,303,315,302,327,299,337,294,343,287,347,282,350,277,346,277,340,279,336,280,330,282,322,284,313,286,304,287,298,287,293,288,289,288,water
280,286,283,290,288,293,295,297,305,300,316,299,327,296,337,291,343,285,347,280,349,275,346,275,341,277,336,278,330,280,322,281,313,283,305,284,298,284,292,285,288,285,water
281,286,284,290,289,293,296,297,305,299,316,298,327,295,336,290,343,284,348,279,351,274,347,274,342,276,337,277,331,278,323,280,314,282,305,283,298,283,293,284,289,285,water
280,287,284,290,288,293,296,296,305,298,316,297,327,294,337,289,344,284,349,279,352,275,349,274,343,276,338,277,331,278,323,280,314,282,305,283,298,283,293,284,289,285,water
282,286,285,289,290,292,298,296,307,297,318,296,330,293,339,288,345,283,350,279,352,274,349,274,344,276,340,277,333,278,326,279,316,281,308,282,300,283,294,284,290,284,water
283,285,286,288,290,292,298,295,307,296,318,295,330,293,339,288,346,282,351,278,353,274,350,274,345,275,340,276,334,277,326,278,316,280,308,281,301,282,295,283,291,283,water
284,284,287,287,292,291,299,294,309,295,320,294,331,291,341,287,348,281,352,277,355,273,352,273,347,274,342,275,335,276,327,277,318,279,309,280,302,281,297,282,292,282,water
284,284,287,287,292,290,299,294,309,295,320,294,331,291,341,287,348,282,352,277,355,274,351,273,346,275,342,275,335,276,327,277,318,279,309,280,302,281,296,281,292,282,water
285,284,288,287,292,290,299,293,308,294,319,294,331,291,340,286,348,281,352,277,355,273,352,273,347,274,342,275,335,276,327,277,317,279,309,280,302,280,297,281,293,282,water
284,284,287,287,292,289,299,292,308,294,319,293,331,291,340,286,348,281,352,277,356,274,352,274,347,275,342,275,336,276,327,277,318,278,309,279,302,280,296,281,292,282,water
284,284,287,287,292,289,299,292,308,294,319,293,331,290,341,286,348,281,353,277,356,274,353,274,348,275,343,275,336,275,327,277,318,278,309,279,302,280,296,281,292,282,water
284,284,287,287,292,290,299,293,309,294,320,293,332,291,342,286,349,281,353,277,356,273,353,273,348,274,343,275,336,275,328,277,319,278,310,279,302,280,297,281,293,282,water
284,283,287,286,292,289,299,292,309,294,320,293,331,290,341,286,349,281,353,277,357,273,353,273,348,274,343,274,336,275,328,276,319,278,310,279,302,279,297,280,293,281,water
285,283,288,286,293,289,300,292,309,294,320,293,331,291,341,286,348,281,353,277,356,273,353,273,347,273,342,274,336,274,328,276,319,277,310,278,303,279,297,280,293,281,water
288,282,291,285,295,289,301,293,310,296,320,295,331,293,341,288,347,282,351,277,353,273,350,273,345,274,340,274,334,275,327,276,318,278,311,278,304,278,299,279,296,280,water
294,283,296,287,298,291,304,297,313,301,323,301,334,298,341,292,346,285,347,280,348,276,345,276,340,275,337,275,333,275,327,276,320,278,313,278,308,279,304,279,301,280,water
293,284,295,287,298,292,304,297,312,300,322,300,331,298,339,293,343,286,346,282,347,278,344,278,340,278,336,277,332,278,326,278,319,280,312,280,307,280,303,281,299,282,water
294,283,296,288,298,293,304,299,313,303,323,304,334,300,341,294,345,286,347,281,347,277,344,277,340,277,337,277,333,278,327,279,320,281,313,281,308,281,304,281,301,282,water
291,285,294,291,297,296,304,302,313,306,324,306,335,303,343,296,348,289,350,283,351,277,347,277,343,281,340,283,336,285,330,287,322,289,314,289,308,288,304,288,300,286,water
290,288,292,293,297,298,304,303,314,306,326,305,338,302,346,296,351,289,353,284,354,278,350,278,346,281,343,283,338,285,332,287,323,288,315,289,308,290,303,289,299,289,water
288,286,290,291,295,295,303,299,313,301,325,301,337,298,346,292,352,286,355,281,357,276,353,276,348,278,344,280,339,281,331,283,322,285,314,286,306,286,301,286,297,286,water
288,284,291,287,296,291,304,295,314,298,325,297,337,294,346,289,352,283,356,278,357,273,353,273,349,275,345,276,339,277,332,279,323,280,314,281,307,281,301,282,297,282,water
288,281,292,285,297,289,304,293,314,295,326,295,337,292,346,287,352,281,356,276,358,272,354,271,349,273,345,273,340,274,332,276,324,277,315,278,307,278,301,279,297,279,water
287,282,291,285,296,288,304,292,314,293,325,293,336,290,345,285,352,280,356,275,359,271,355,271,350,272,346,273,340,274,332,275,323,277,314,278,307,279,301,280,296,280,water
288,281,291,285,296,288,303,291,313,293,324,292,336,290,346,285,353,280,357,275,360,271,356,271,352,273,347,273,340,274,332,276,323,277,314,278,306,279,301,280,296,280,water
288,282,291,285,296,288,304,291,314,293,325,292,336,289,346,285,353,280,357,275,360,271,357,271,352,273,347,273,341,274,333,275,323,277,314,278,307,279,301,280,296,280,water
289,281,292,284,297,287,304,290,313,292,324,291,336,289,346,285,353,280,357,276,360,272,357,272,352,273,347,274,341,274,333,275,323,277,314,278,307,279,301,279,297,280,water
290,281,293,285,297,288,305,291,314,293,326,292,337,289,347,285,353,280,357,276,360,271,357,271,352,273,347,274,341,274,334,275,324,277,315,278,308,279,302,279,298,280,water
289,281,292,284,297,287,304,290,314,292,325,291,336,289,346,285,353,280,357,276,360,272,357,272,352,273,347,274,341,274,333,275,323,277,315,277,307,278,302,279,297,280,water
289,281,292,285,296,287,304,290,313,292,324,291,336,288,346,284,353,280,357,276,361,272,357,272,352,273,347,274,341,274,333,275,323,276,314,277,307,278,301,279,297,280,water
288,281,292,284,296,287,304,289,313,291,324,290,336,288,346,284,353,279,358,276,361,272,357,272,352,273,348,273,341,273,333,274,323,276,314,277,307,277,301,279,297,279,water
289,281,292,284,297,286,304,289,314,290,325,289,336,287,346,283,353,279,358,275,361,272,358,271,353,272,348,272,341,273,333,274,324,275,315,276,307,277,301,278,297,279,water
288,281,291,284,296,286,303,289,313,290,324,289,335,287,345,283,353,279,358,275,361,272,358,271,353,272,348,272,341,273,332,273,323,275,314,276,307,277,301,278,297,279,water
289,280,292,283,297,286,304,289,313,291,324,290,336,288,346,283,353,278,358,274,361,271,358,270,353,271,347,271,341,271,332,273,323,274,314,275,307,276,302,277,297,278,water
291,279,294,282,298,285,305,289,314,291,325,291,336,289,345,284,352,279,356,275,359,271,356,271,351,271,346,271,340,271,332,272,324,273,315,273,308,274,303,275,299,276,water
296,280,298,283,302,287,309,293,318,296,328,297,338,294,346,288,351,282,353,277,354,273,350,273,346,272,343,272,338,272,333,273,325,274,318,275,311,275,306,276,303,277,water
296,280,298,283,302,287,308,292,317,296,328,296,338,293,346,288,350,282,353,277,354,274,351,273,346,273,343,272,338,272,332,273,325,274,317,275,311,275,306,276,303,277,water
297,282,299,285,302,289,308,295,317,299,327,299,338,296,345,290,349,284,351,279,352,275,349,275,345,274,342,274,337,274,332,274,325,276,318,276,311,277,307,278,304,279,water
296,282,298,286,301,290,307,297,316,301,327,301,337,298,345,292,350,285,351,279,352,275,349,275,344,275,341,275,337,275,331,276,324,278,317,278,311,278,306,279,303,279,water
296,283,298,288,301,292,307,299,316,303,327,303,338,300,345,294,350,286,351,280,352,276,348,276,344,276,341,276,337,277,331,278,324,280,317,280,311,281,307,281,303,282,water
295,285,297,290,301,295,307,301,317,305,328,305,339,302,347,296,352,288,353,282,354,277,350,277,346,280,343,282,339,284,334,286,326,288,318,288,312,288,307,287,303,286,water
291,286,293,291,298,296,306,301,316,303,328,303,340,300,349,294,354,288,357,282,357,276,353,276,349,279,346,281,341,283,335,285,326,286,317,287,310,287,304,287,300,286,water
289,284,292,288,297,292,305,296,315,298,327,298,339,295,348,290,354,283,357,278,359,273,355,273,350,275,346,277,341,278,334,280,325,281,316,282,309,283,303,283,298,283,water
289,281,292,285,297,289,304,293,314,295,326,295,337,292,347,287,353,281,357,276,359,271,355,271,350,273,346,274,340,275,333,277,324,279,315,279,308,280,302,280,298,280,water
288,281,291,285,296,288,304,291,314,293,326,293,337,290,346,285,353,280,357,275,360,271,356,270,351,272,347,273,341,274,333,275,324,277,315,277,307,278,301,279,296,280,water
287,281,291,284,296,287,304,290,314,292,325,291,336,288,346,284,353,279,357,274,360,270,357,270,352,271,347,272,340,272,332,273,323,275,314,276,306,277,301,278,296,279,water
286,280,290,284,295,286,303,289,312,291,323,290,335,287,345,283,352,278,357,274,360,270,357,270,352,271,347,272,340,272,332,273,322,275,313,276,305,277,300,278,295,279,water
287,280,290,283,295,286,303,289,313,290,324,289,335,287,345,283,352,278,357,274,360,270,356,270,351,271,347,272,340,272,332,274,322,275,313,276,306,277,300,278,295,279,water
287,280,290,283,295,286,303,289,312,290,323,289,335,287,344,283,352,278,356,274,359,270,356,270,351,271,346,271,340,272,331,273,322,275,313,276,305,276,300,277,295,278,water
287,280,290,283,295,285,302,288,312,290,323,289,334,286,344,282,351,278,356,274,359,270,356,270,351,271,346,271,339,272,331,273,321,274,312,275,305,276,299,277,295,278,water
286,280,289,283,294,285,302,288,311,289,322,289,333,286,343,282,351,277,356,273,359,269,356,269,351,270,346,271,339,271,330,272,321,274,312,275,304,276,299,277,294,278,water
286,279,289,282,294,284,301,287,311,288,322,287,333,285,343,281,351,276,356,272,359,269,356,268,350,269,345,269,339,270,330,271,321,272,312,273,304,274,298,276,294,277,water
286,278,289,281,294,283,301,286,310,287,321,286,333,284,343,280,350,275,355,271,359,268,355,268,350,269,345,269,338,269,330,270,320,272,311,273,304,274,298,275,294,276,water
285,277,289,280,294,282,301,285,311,286,322,285,334,283,343,279,351,274,355,271,358,267,355,267,350,268,345,268,339,268,330,269,321,270,312,272,304,273,298,274,294,275,water
285,277,288,280,293,282,300,284,310,285,321,284,332,282,342,278,350,274,355,270,358,267,355,267,350,267,345,268,338,268,329,269,320,270,311,271,303,272,298,274,294,275,water
285,277,288,279,293,282,300,284,310,285,322,284,333,282,343,278,351,273,355,270,358,267,355,266,350,267,345,267,338,267,330,268,320,270,311,271,304,272,298,273,294,274,water
287,274,290,277,294,279,301,283,310,285,321,285,332,283,342,278,348,273,352,269,355,266,352,265,347,265,342,265,336,265,328,266,320,267,311,268,304,268,298,270,294,271,water
291,273,293,276,296,280,302,285,311,288,321,288,332,285,340,281,346,275,349,271,351,267,347,267,343,266,339,266,334,265,327,266,319,267,312,268,305,268,301,269,297,270,water
293,274,295,277,298,281,304,286,312,290,322,290,332,287,340,282,345,276,348,272,349,268,346,268,342,267,338,267,333,267,327,267,320,268,313,269,307,269,302,270,299,271,water
293,275,295,279,298,283,304,289,313,292,323,292,333,289,341,283,345,277,347,272,348,268,345,268,341,268,337,268,333,268,327,270,320,271,313,272,308,272,303,273,300,273,water
293,275,295,279,298,285,304,291,312,296,323,296,333,293,340,286,344,278,346,272,346,268,342,268,339,269,336,270,332,272,327,274,320,275,313,276,308,275,303,275,300,274,water
290,278,293,283,296,289,303,295,312,298,324,299,335,295,343,289,347,281,349,275,349,270,346,270,342,274,339,276,335,278,329,280,321,282,314,282,307,281,303,280,299,279,water
287,280,290,285,294,290,302,295,312,298,324,297,335,294,344,289,349,282,351,276,352,271,348,271,344,274,341,275,336,277,330,278,321,280,312,281,306,281,300,281,296,280,water
286,279,288,283,292,288,300,292,309,295,321,294,333,291,343,285,349,279,353,273,355,268,351,268,346,271,342,272,336,274,328,275,319,277,310,278,303,278,298,279,294,278,water
284,278,288,281,293,285,300,288,310,290,322,289,334,286,343,281,350,276,354,271,356,267,353,267,348,269,343,269,337,270,329,271,320,273,311,274,304,275,298,276,293,276,water
285,276,288,280,294,283,302,287,312,288,323,287,334,285,344,280,350,275,354,271,356,266,353,266,348,268,344,268,338,269,330,270,321,272,312,273,304,274,298,274,294,275,water
284,277,287,280,293,283,300,286,310,287,321,286,333,284,342,280,350,275,354,271,357,267,354,266,349,268,344,269,337,269,329,270,320,272,311,273,303,274,297,275,293,275,water
285,277,288,280,293,283,300,286,310,288,321,287,333,284,342,280,350,275,354,271,357,267,353,267,349,269,344,270,338,270,329,271,320,273,311,274,304,275,298,276,293,276,water
285,277,288,281,293,283,300,286,310,287,321,286,333,284,342,280,350,275,354,271,357,267,353,267,349,269,344,270,338,270,329,272,320,273,311,274,304,275,298,276,294,276,water
284,278,288,281,293,284,301,287,310,288,322,287,333,284,342,280,350,275,354,271,357,267,353,267,349,269,344,270,338,270,330,272,320,273,311,274,304,275,298,276,293,276,water
284,278,288,281,293,284,301,286,310,287,322,286,333,284,343,280,350,275,355,271,358,267,354,267,350,269,345,269,338,270,330,271,320,273,311,274,304,275,297,276,293,276,water
284,278,288,281,293,283,300,286,310,287,322,286,333,283,343,279,350,275,355,271,358,267,354,267,349,268,345,269,338,270,330,271,320,272,311,274,303,275,297,276,293,276,water
285,277,288,280,293,282,301,285,311,286,322,285,333,283,343,279,350,274,355,271,358,267,354,267,349,268,344,268,338,268,330,269,320,271,311,272,304,273,298,274,294,275,water
285,277,288,280,293,282,301,285,310,286,321,285,333,283,342,279,350,274,355,271,358,267,354,267,349,268,344,268,338,268,330,269,320,271,311,272,304,273,298,274,293,275,water
285,278,288,280,293,283,301,285,310,286,322,285,333,283,343,279,350,274,355,271,358,267,355,267,350,268,345,269,338,269,330,270,320,272,311,273,304,274,298,275,294,276,water
285,278,288,281,293,283,300,285,310,286,321,285,332,283,342,279,350,275,355,271,358,268,355,267,350,269,345,269,338,269,330,270,320,272,311,273,304,274,298,275,294,276,water
285,278,289,281,293,283,301,285,311,286,322,285,333,283,343,279,351,275,355,271,359,268,355,267,350,269,345,269,338,269,330,270,321,272,312,273,304,274,298,275,294,276,water
287,277,290,280,295,283,302,286,311,288,322,287,333,284,343,280,350,275,354,271,357,267,354,267,349,268,344,268,338,269,330,270,321,271,312,272,305,273,299,274,295,275,water
291,276,294,280,298,283,305,288,314,291,325,291,335,289,343,284,348,278,351,273,352,270,349,269,345,269,341,269,336,270,330,271,322,272,314,272,308,272,303,273,299,274,water
293,279,296,282,299,286,306,292,315,296,326,296,336,293,344,287,348,280,350,275,351,271,348,271,344,271,341,271,336,272,330,273,323,275,315,275,309,275,304,276,301,276,water
293,280,296,284,299,289,306,295,315,299,326,299,337,296,345,290,349,283,351,277,352,273,348,273,344,273,341,274,337,275,331,277,324,278,316,278,310,278,305,279,301,279,water
289,284,292,289,297,293,305,298,315,300,327,300,339,297,347,292,353,285,355,280,357,275,353,275,348,278,345,279,340,281,333,283,325,284,316,285,309,285,303,285,299,284,water
290,283,293,288,297,293,304,298,314,301,326,300,338,297,346,292,352,285,354,280,356,274,352,274,347,277,344,279,339,280,332,282,324,284,316,285,309,285,303,284,299,283,water
289,283,292,287,296,291,304,295,313,297,325,296,337,294,346,289,353,283,357,278,359,273,355,273,350,275,346,276,340,277,332,279,323,280,315,281,308,282,302,282,298,282,water
289,282,291,286,296,290,304,295,314,297,326,296,338,294,347,289,353,283,357,278,359,273,355,273,350,275,346,276,340,277,333,279,324,280,315,281,308,281,302,281,298,281,water
289,280,292,284,297,287,305,291,314,293,326,293,337,290,347,286,354,280,358,276,360,271,356,271,351,272,347,273,341,274,333,275,324,277,315,278,308,278,302,278,298,279,water
289,280,292,283,297,287,304,291,314,293,325,292,337,290,346,285,353,279,357,275,359,270,356,270,351,272,347,272,341,273,333,275,324,276,315,277,308,277,302,278,297,278,water
288,280,291,283,296,287,304,290,314,292,325,292,336,289,346,285,353,279,357,275,360,271,356,270,351,272,347,273,341,274,333,275,324,276,314,277,307,278,301,278,296,279,water
288,280,292,284,297,287,304,290,314,292,326,291,337,289,346,285,353,279,358,275,360,271,357,271,352,273,348,274,341,274,334,275,324,277,315,278,308,279,302,279,297,279,water
289,280,292,284,296,287,304,291,313,292,325,291,336,289,346,285,354,280,358,275,361,271,358,271,353,273,348,274,341,275,333,276,324,277,315,278,307,279,302,279,297,279,water
288,280,291,284,296,287,304,290,313,291,324,290,336,288,346,284,353,279,358,275,361,271,357,271,352,273,348,274,341,274,333,275,323,277,314,278,307,278,301,279,297,279,water
288,280,291,283,296,286,303,289,313,291,324,290,336,288,346,284,353,279,358,275,361,271,358,271,353,272,348,273,341,274,333,275,323,276,314,277,307,278,301,279,297,279,water
287,280,290,283,295,286,302,289,312,291,323,290,335,288,345,284,352,279,357,275,360,271,357,271,352,272,347,273,340,274,332,275,322,276,313,277,306,278,300,278,296,279,water
288,280,291,283,296,286,303,290,313,291,324,290,335,288,345,284,352,279,357,275,360,271,356,270,352,272,347,273,340,274,332,275,323,276,314,277,306,278,301,279,296,279,water
287,280,290,284,294,287,302,290,311,291,323,290,335,288,345,284,353,279,358,275,361,271,357,271,352,273,347,273,340,274,331,275,322,277,313,278,305,279,300,279,296,280,water
287,281,290,285,294,288,302,291,311,292,323,291,335,288,345,284,352,280,357,276,360,272,356,271,351,273,346,274,340,275,331,276,322,277,313,278,305,279,300,280,296,280,water
287,281,290,285,295,289,302,292,312,294,324,293,336,290,345,286,352,280,357,275,359,271,355,271,350,273,346,274,339,275,332,276,322,278,313,279,306,280,300,280,296,281,water
286,281,289,285,294,289,302,292,311,294,323,293,335,290,345,286,352,280,356,276,359,271,355,271,350,273,346,274,339,275,331,277,322,278,313,279,305,280,300,281,295,281,water
287,281,290,285,295,289,302,293,312,295,324,294,336,291,345,286,352,280,356,276,358,271,354,271,349,273,345,274,339,275,331,277,322,278,313,279,306,280,300,280,296,280,water
289,280,291,284,295,288,303,293,313,295,324,295,336,292,345,287,351,281,354,276,356,272,352,272,348,274,344,275,339,276,331,277,323,279,314,279,307,280,302,280,297,279,water
291,280,294,284,298,288,305,293,314,296,325,296,335,293,344,288,349,282,352,277,354,273,350,273,346,274,342,275,338,276,331,277,323,278,315,279,308,279,303,279,300,279,water
292,280,295,284,298,288,305,293,314,297,325,297,336,294,344,289,350,282,352,278,354,274,350,274,346,274,342,274,337,274,330,275,323,276,315,276,308,277,303,277,300,278,water
295,280,297,284,300,288,307,294,316,298,326,298,337,296,345,290,349,283,351,278,352,274,349,274,345,273,341,273,337,273,331,274,323,275,316,276,310,276,305,277,302,277,water
296,280,298,284,301,288,307,295,316,299,326,299,337,296,344,290,348,283,350,278,351,274,348,274,344,274,340,274,336,274,331,275,323,276,316,277,310,277,306,277,303,278,water
295,281,297,285,300,290,307,296,316,301,326,301,337,298,344,292,348,285,350,279,351,275,347,275,343,275,340,276,336,277,331,278,324,279,317,280,311,280,306,280,303,280,water
291,283,294,288,298,293,305,298,315,302,326,302,338,299,347,293,352,287,355,281,356,275,352,275,348,278,344,280,339,281,333,283,324,284,316,285,309,284,304,284,300,283,water
290,285,293,289,297,294,304,299,314,302,326,302,338,299,347,293,352,287,355,281,356,276,352,276,348,279,344,281,340,282,333,284,324,285,316,286,309,286,303,286,299,285,water
289,283,292,287,297,291,304,295,314,297,326,297,338,294,347,290,353,284,357,279,359,274,355,274,350,276,346,277,340,278,333,279,324,281,315,282,308,282,302,282,298,282,water
289,279,292,283,296,286,304,290,314,293,326,292,338,290,347,285,354,280,357,275,359,271,355,271,351,272,346,272,341,273,333,274,324,276,315,276,308,276,302,277,298,278,water
288,278,292,281,297,284,305,288,314,290,326,289,337,287,346,283,352,278,356,274,359,270,355,270,351,271,346,271,340,271,333,272,324,274,315,274,308,275,302,276,297,276,water
288,278,292,282,297,285,304,288,314,289,325,289,336,287,345,283,352,278,357,273,360,269,356,269,351,270,347,271,340,271,333,272,323,273,315,274,307,275,301,276,297,276,water
287,279,291,282,296,285,303,288,313,289,324,288,335,286,344,282,352,278,356,274,360,270,356,269,351,270,346,271,340,271,332,272,323,274,314,275,306,275,300,276,296,277,water
287,279,290,282,295,285,303,287,313,289,324,288,335,286,345,282,352,277,357,274,360,270,356,269,351,271,347,272,340,272,332,273,323,275,314,276,306,276,300,277,295,278,water
287,279,290,282,295,285,302,287,312,289,323,288,335,286,344,282,352,277,356,274,359,270,356,269,351,271,347,272,340,272,332,273,322,275,313,276,306,276,300,277,295,277,water
287,279,290,282,295,284,302,287,311,289,322,288,334,286,344,282,352,277,357,274,360,270,356,269,351,271,346,272,340,272,331,273,321,274,313,275,305,276,299,277,295,277,water
286,279,289,282,294,284,301,287,311,288,322,288,334,285,344,282,351,277,356,273,360,270,356,269,351,271,346,271,339,272,331,273,321,274,312,275,305,276,299,277,295,277,water
286,278,289,281,293,284,301,287,310,288,321,287,333,285,343,281,351,277,356,273,359,269,356,269,351,270,346,271,339,271,330,272,320,273,311,274,304,275,298,276,294,277,water
285,278,289,281,294,283,301,286,311,288,322,287,333,285,343,281,351,276,355,272,359,269,355,268,350,269,345,270,339,270,330,271,321,272,312,273,304,274,298,275,294,276,water
285,278,289,281,294,283,301,286,311,288,322,287,333,284,343,280,350,276,355,272,358,268,355,268,350,269,345,269,338,270,330,271,321,272,312,273,304,274,298,275,294,276,water
285,277,289,280,293,283,300,285,310,287,321,286,332,284,342,280,350,276,355,272,358,268,354,268,350,269,345,270,338,270,329,271,320,272,311,273,303,274,298,275,294,276,water
285,277,289,280,293,283,301,286,310,287,322,286,333,284,343,280,350,276,355,272,358,269,354,268,350,270,345,270,338,271,330,272,321,273,312,274,304,275,298,276,294,276,water
286,277,289,280,294,283,301,286,311,287,323,286,334,284,344,280,351,276,355,272,358,268,354,268,350,270,345,270,339,271,331,272,322,273,313,274,305,275,299,276,295,276,water
286,278,289,281,293,284,301,286,311,288,322,287,334,284,344,280,351,276,355,272,358,268,354,268,350,270,345,270,339,271,331,272,321,273,312,274,305,275,299,276,295,277,water
286,277,289,280,293,283,301,286,311,288,322,287,334,285,343,281,350,276,355,272,357,268,354,268,349,269,344,270,338,270,330,271,321,273,312,274,305,275,299,275,295,276,water
287,276,290,279,295,283,302,286,312,289,323,288,334,286,343,281,349,276,353,272,356,267,352,267,347,268,343,269,337,270,330,271,321,272,313,273,305,273,300,274,296,274,water
290,275,293,279,296,283,303,287,313,290,324,290,335,288,344,283,350,277,353,272,355,268,352,268,347,268,343,268,337,269,330,270,322,271,314,272,307,272,302,273,298,273,water
290,277,293,280,297,284,304,289,314,292,325,292,335,290,344,285,349,279,353,274,354,270,351,270,346,270,342,270,337,270,330,271,322,272,314,273,307,273,302,274,298,274,water
290,281,293,286,297,291,304,296,314,298,326,298,338,295,347,290,352,283,355,277,357,272,353,272,348,275,345,277,339,278,333,280,324,281,315,282,308,282,303,282,299,281,water
289,281,292,285,296,290,303,295,313,297,325,297,337,294,346,289,351,282,354,277,355,272,351,272,347,274,343,276,339,277,332,279,323,280,315,281,308,281,302,281,298,281,water
288,282,291,286,295,290,303,294,313,297,325,296,336,293,345,288,351,282,355,277,357,273,353,273,348,275,344,276,339,277,332,279,323,281,314,281,307,281,301,281,297,281,water
289,280,292,284,297,287,304,291,313,293,325,292,336,290,345,285,352,280,356,275,358,271,354,270,349,272,345,273,339,274,332,276,323,277,314,278,307,278,302,279,297,279,water
288,279,292,282,297,285,305,289,314,291,325,290,336,288,345,284,352,279,356,274,358,270,355,270,350,271,346,272,340,272,333,274,324,275,315,276,308,276,302,277,297,277,water
287,279,291,282,296,286,303,289,313,291,324,290,335,287,345,283,352,278,357,274,360,269,357,269,352,271,347,272,340,272,332,274,323,275,314,276,306,277,301,277,296,278,water
287,279,291,282,296,285,304,288,314,290,325,289,336,287,345,283,352,278,356,274,359,270,356,270,351,271,347,272,340,273,333,274,324,275,315,276,307,277,301,277,296,278,water
288,279,291,283,296,286,304,289,313,290,325,289,336,287,346,283,353,278,358,274,361,270,357,270,352,272,348,272,341,273,333,274,324,275,315,276,307,277,301,278,297,278,water
288,280,292,283,296,286,304,289,314,290,325,289,336,287,346,283,353,279,358,275,361,271,358,270,353,272,348,273,341,274,333,275,324,276,315,277,307,278,301,278,297,279,water
288,279,291,283,296,286,304,288,313,290,324,289,336,287,346,283,353,278,358,274,362,270,358,270,353,272,348,272,341,273,333,274,324,275,315,276,307,277,301,278,297,278,water
287,278,291,280,296,283,303,285,313,287,324,286,335,284,345,280,353,275,358,272,362,268,359,268,353,268,348,268,341,267,332,268,323,270,314,270,306,271,300,273,295,275,water
287,276,291,279,296,281,303,283,313,284,323,284,334,282,345,278,353,274,358,271,362,267,359,267,353,267,348,266,340,266,331,267,322,268,313,269,305,270,299,272,295,273,water
286,277,290,279,295,281,303,284,313,285,324,284,335,282,345,278,353,274,358,271,362,267,359,267,353,267,348,266,340,266,332,267,322,268,313,269,305,270,299,272,294,274,water
287,277,291,279,296,282,303,284,313,286,324,285,335,283,345,279,353,275,358,271,361,268,358,268,352,267,347,266,340,266,332,267,322,268,313,269,306,270,300,272,295,274,water
288,278,292,280,297,282,305,285,314,287,325,286,336,284,346,280,353,275,358,272,361,269,358,268,353,268,347,267,341,267,333,268,324,269,315,270,307,271,301,273,297,274,water
289,277,292,280,297,282,305,285,314,287,325,286,336,284,346,280,353,275,358,272,361,269,358,269,352,268,347,267,340,267,332,267,323,269,315,270,307,270,301,272,297,274,water
288,279,291,282,297,284,304,287,314,289,325,289,337,286,346,282,353,277,358,274,361,271,358,270,352,270,347,269,340,269,332,270,323,271,315,272,307,273,301,275,296,276,water
290,281,293,284,297,288,304,292,314,295,325,295,337,292,346,287,353,280,357,276,360,271,356,271,351,272,346,272,340,273,332,275,323,276,315,277,308,277,303,278,299,279,water
291,284,293,288,297,293,304,297,314,300,326,300,338,297,348,291,355,284,359,279,360,274,356,274,352,277,347,279,341,281,334,283,324,285,315,286,308,285,303,285,299,284,water
292,283,295,287,299,292,306,297,316,300,328,300,339,297,347,292,353,285,356,280,357,275,353,275,349,277,345,279,341,280,334,282,326,283,317,284,310,284,305,283,301,283,water
295,284,297,288,301,292,307,298,316,302,327,302,338,299,347,293,352,286,354,281,355,277,352,277,347,277,344,277,339,277,332,278,325,280,317,280,311,281,306,281,303,282,water
295,286,297,289,301,294,307,300,316,304,327,304,338,302,346,296,352,288,355,283,356,279,352,279,348,279,344,279,339,280,333,281,325,283,317,283,311,283,307,283,303,284,water
294,288,296,292,300,297,307,303,316,307,327,307,338,304,347,299,352,292,355,286,357,281,354,281,349,282,345,282,340,283,333,284,325,285,317,286,311,286,306,286,302,287,water
292,290,295,294,299,299,306,304,317,306,329,306,341,303,350,298,356,291,359,286,361,281,357,281,352,283,348,285,343,286,336,288,327,290,319,290,311,290,306,290,301,289,water
292,289,295,294,299,299,307,304,317,307,329,307,341,304,351,299,357,292,360,287,361,282,357,282,352,284,349,285,343,286,336,288,328,289,319,290,311,290,306,289,302,289,water
292,288,295,292,300,297,308,301,318,304,330,304,342,302,351,297,357,290,360,285,362,280,358,280,353,282,350,284,344,285,337,286,329,288,320,288,312,288,306,288,301,288,water
292,288,295,292,300,296,309,301,319,303,332,303,344,301,353,296,359,290,362,285,364,281,360,281,355,282,351,283,346,284,339,286,330,287,321,288,313,288,306,288,302,288,water
293,290,296,293,301,297,308,301,318,303,330,303,342,301,352,296,358,291,362,286,364,281,360,281,355,283,351,284,345,285,338,287,329,288,320,289,312,289,306,289,302,289,water
293,292,296,295,301,299,308,303,318,306,330,305,342,303,351,299,358,293,362,288,364,284,360,284,356,286,351,287,345,288,338,289,328,291,320,291,312,291,306,291,302,291,water
293,294,296,297,301,301,309,305,319,307,331,307,342,304,352,300,358,294,362,289,365,285,361,285,356,286,351,288,346,289,338,291,329,292,320,293,312,293,307,293,302,293,water
293,294,296,298,301,301,308,305,318,308,330,307,342,305,352,300,358,295,362,290,365,286,361,286,356,288,352,289,346,290,338,291,329,293,320,293,312,293,306,293,302,293,water
293,294,296,298,301,301,309,305,319,307,331,307,342,305,352,301,359,295,363,291,366,286,362,286,357,288,352,289,346,290,338,291,329,292,320,293,313,293,307,293,302,293,water
294,293,297,297,301,300,309,305,319,307,330,307,342,305,352,301,359,295,363,290,366,286,362,286,357,287,352,288,346,289,338,290,329,292,320,292,312,292,307,292,302,292,water
293,293,297,297,301,300,309,305,319,308,331,308,343,305,353,301,359,295,363,290,366,285,362,285,357,287,352,287,346,288,338,290,329,291,320,291,312,291,306,292,302,292,water
293,295,296,299,301,302,308,306,318,308,329,308,341,306,351,302,359,296,363,292,366,288,363,288,357,289,352,290,346,291,337,292,328,293,319,294,312,294,306,294,301,294,water
293,296,296,299,301,302,308,306,318,308,329,308,341,306,351,302,358,296,363,292,366,288,362,288,357,289,352,290,345,291,337,292,328,293,319,294,312,294,306,294,301,295,water
292,298,296,301,301,305,308,308,318,311,330,310,342,308,352,304,358,298,363,294,365,290,362,290,357,291,352,292,346,293,338,295,329,296,320,296,312,297,306,297,301,297,water
293,300,296,304,301,307,308,311,318,313,330,313,341,311,351,306,358,301,363,296,365,291,362,291,357,293,352,294,346,296,338,297,328,298,319,299,312,299,306,299,301,299,water
293,301,296,305,301,309,308,314,318,317,330,317,342,314,351,309,358,303,362,298,365,293,361,294,356,295,351,296,345,297,338,298,329,300,320,300,312,300,306,300,302,301,water
295,303,297,307,302,312,309,317,319,321,330,321,342,318,351,313,358,306,361,301,364,297,360,297,355,297,350,298,344,298,337,300,328,301,320,301,313,301,307,301,303,302,water
297,307,300,311,303,316,310,323,319,327,330,327,341,325,350,319,356,311,359,306,361,301,357,301,353,301,348,301,343,302,336,303,328,305,320,305,314,305,309,305,305,305,water
299,311,302,316,305,322,311,329,320,335,330,336,340,333,348,326,353,317,356,311,357,306,354,306,350,306,346,307,341,308,335,310,327,311,320,311,315,310,310,310,307,310,water
298,316,301,320,305,326,311,333,319,338,329,338,339,336,348,329,353,321,356,315,358,310,355,310,350,311,346,312,341,313,335,315,327,317,320,316,314,316,309,315,306,315,water
298,316,300,321,304,327,311,335,320,340,330,341,341,338,349,332,353,324,356,317,357,312,353,312,349,313,346,315,342,316,336,318,328,319,321,319,315,318,310,317,306,316,water
296,317,298,323,302,329,309,336,319,340,330,340,342,337,351,331,357,323,360,317,361,311,358,311,353,314,349,316,344,318,337,320,329,321,321,321,314,321,308,320,304,318,water
293,315,296,321,300,326,308,332,318,336,329,336,342,333,351,327,358,319,362,313,364,307,361,307,356,310,351,312,345,314,337,316,328,317,319,318,312,318,306,317,302,316,water
292,314,295,319,300,324,307,330,317,333,330,333,342,330,352,324,359,317,363,310,366,305,362,305,357,308,352,310,346,312,338,314,328,316,319,316,312,316,306,315,302,314,water
293,312,296,317,301,322,309,327,319,331,331,331,344,328,354,322,361,315,365,309,368,303,364,303,358,306,354,308,347,310,339,312,330,314,321,314,313,314,307,313,302,313,water
293,312,296,317,301,322,309,327,319,331,331,331,344,328,354,322,361,315,365,309,368,303,364,303,358,306,353,308,347,310,339,312,330,314,320,314,313,313,307,313,302,312,water
294,313,297,317,302,322,310,327,320,330,333,330,345,328,355,322,362,315,366,309,368,303,365,304,359,306,354,308,348,310,341,312,331,314,322,314,314,314,308,313,303,313,water
295,314,298,318,302,323,310,329,320,332,332,332,344,329,354,323,361,316,366,310,368,305,365,305,359,307,354,309,348,311,340,314,331,315,322,316,314,315,308,314,304,314,water
295,315,298,320,303,324,311,329,321,332,333,332,345,329,355,323,362,317,366,311,369,306,366,306,360,308,355,310,349,312,341,314,332,316,323,316,315,316,309,315,304,315,water
296,315,299,320,304,325,311,330,322,333,334,332,346,330,356,324,363,317,367,311,370,306,366,306,360,308,356,310,350,312,342,314,333,316,324,316,316,316,310,315,305,315,water
296,316,299,320,304,325,312,330,322,333,335,333,347,330,356,324,364,317,368,311,371,306,367,306,362,308,357,310,350,311,343,314,333,316,324,316,316,316,310,316,305,315,water
296,315,299,320,304,325,312,330,322,333,335,333,347,330,357,324,364,317,369,311,371,306,368,306,362,308,357,309,351,311,343,313,333,315,324,315,316,315,310,315,305,315,water
296,315,300,319,305,324,313,330,323,333,335,332,348,330,358,324,365,317,369,311,372,306,368,306,363,307,358,309,352,311,344,313,334,315,325,315,317,315,311,315,306,314,water
297,315,300,320,305,324,313,330,323,333,336,332,348,330,358,324,366,317,370,311,373,306,369,306,363,307,358,309,352,311,344,313,334,315,325,315,317,315,311,315,306,314,water
297,315,300,320,305,325,313,330,324,333,336,332,349,330,359,324,366,317,370,311,373,306,369,306,363,307,359,309,352,310,344,313,335,314,325,315,317,315,311,315,306,314,water
296,316,300,320,305,325,313,330,324,333,336,332,348,330,358,324,365,317,370,311,372,306,369,306,363,308,358,309,352,311,344,313,335,315,326,315,317,315,311,315,306,315,water
297,316,300,321,305,325,313,330,324,333,336,333,348,330,358,325,365,317,370,312,373,307,369,307,363,308,358,309,352,311,344,313,335,315,325,316,318,315,311,315,306,315,water
298,316,301,321,305,326,314,332,324,335,337,335,349,332,358,327,364,319,368,314,370,309,366,309,361,310,357,311,351,312,344,314,335,315,326,316,318,316,312,315,307,315,water
299,317,302,321,306,327,314,333,325,338,337,338,349,335,358,328,364,320,367,314,368,309,365,309,360,310,356,311,350,313,343,315,335,316,326,316,318,316,312,316,308,316,water
300,316,303,321,307,327,315,334,325,339,337,339,348,336,357,329,363,320,366,314,367,308,364,308,359,309,355,310,350,312,343,314,335,316,326,316,319,316,313,315,309,315,water
298,315,301,320,305,327,313,334,323,339,335,340,347,337,357,330,363,321,366,315,367,309,364,309,358,311,354,312,349,314,342,316,333,317,325,317,317,316,312,316,307,315,water
297,313,300,320,304,326,312,333,323,337,336,338,349,335,358,328,364,320,367,313,369,306,365,306,360,310,356,313,351,316,343,318,334,320,325,320,317,319,311,317,306,315,water
293,309,296,315,301,321,310,327,320,331,333,330,346,328,356,322,363,315,367,308,369,302,365,302,359,306,355,308,349,310,341,313,332,314,322,314,314,314,308,313,303,311,water
292,310,295,316,300,322,308,328,319,331,332,331,345,329,356,323,363,315,367,308,369,301,365,302,360,306,355,309,349,311,340,313,331,315,321,315,313,315,307,313,302,312,water
291,309,294,314,299,320,307,325,318,329,331,329,343,326,354,321,361,313,365,306,367,300,364,300,358,304,353,306,347,309,339,311,329,312,320,313,312,312,305,311,300,310,water
290,307,293,313,298,318,306,324,316,328,329,328,342,325,352,319,359,312,364,305,366,299,363,299,357,303,352,305,346,307,337,309,327,311,318,311,310,311,304,310,300,309,water
290,307,293,312,298,317,306,323,316,326,328,326,341,323,351,318,359,310,363,304,366,298,362,298,357,302,352,304,345,306,337,308,327,310,318,310,310,310,304,309,299,308,water
289,307,293,312,297,317,305,323,315,326,328,326,340,323,351,317,358,310,362,303,365,297,362,298,356,300,351,303,344,305,336,307,326,309,317,309,309,309,303,308,299,307,water
289,305,292,310,296,315,304,321,314,324,326,324,338,322,348,316,355,309,360,303,363,297,359,297,354,300,349,301,342,303,334,305,325,307,315,307,308,307,302,306,298,306,water
287,305,290,310,295,314,302,320,312,323,324,323,337,321,347,315,355,308,359,302,363,296,359,297,353,299,348,300,341,302,332,304,323,305,314,306,306,306,300,305,296,305,water
288,305,291,310,296,314,303,320,313,323,325,323,338,321,348,315,355,308,360,302,363,296,359,297,353,298,348,300,341,301,333,303,324,305,315,305,307,305,301,305,297,305,water
287,305,290,309,295,313,302,319,312,322,324,322,337,320,347,314,355,307,360,302,363,296,359,297,353,298,348,299,341,300,332,302,322,303,314,304,306,304,300,304,296,304,water
287,304,290,308,295,313,302,317,312,320,324,320,336,318,346,312,354,306,358,301,361,296,357,297,352,297,347,298,340,299,332,300,323,302,314,302,306,303,300,303,296,303,water
286,303,290,307,294,311,302,316,312,319,324,319,336,316,346,311,353,305,358,300,361,295,357,295,352,296,347,297,340,298,332,299,323,301,314,301,306,302,300,302,295,302,water
286,302,289,307,293,311,301,316,311,319,322,319,335,317,345,311,353,305,358,299,361,294,357,294,351,296,346,297,339,298,331,300,321,301,312,301,304,301,298,302,294,302,water
285,302,288,306,293,311,301,316,311,319,323,318,335,316,345,311,353,304,357,299,360,294,356,294,351,295,346,297,339,298,331,299,321,301,312,301,305,301,299,302,294,301,water
285,301,288,306,293,310,300,315,310,318,322,318,334,315,344,310,352,304,357,298,360,293,356,293,351,295,345,296,338,298,330,299,320,301,311,301,304,301,298,301,294,301,water
285,301,288,305,292,310,300,314,310,317,322,317,334,315,344,310,352,303,357,298,360,292,356,293,350,295,345,296,338,297,330,299,320,300,311,301,304,301,298,301,293,301,water
285,301,288,306,293,310,300,314,310,317,322,317,334,314,344,309,352,303,356,298,359,293,355,293,350,295,345,296,338,297,330,299,321,300,312,301,304,301,298,301,294,301,water
286,300,289,305,294,309,301,315,311,318,323,318,335,315,345,310,352,303,356,297,359,292,355,292,350,293,345,294,338,296,330,297,321,299,312,299,305,299,299,299,295,299,water
287,302,290,306,295,311,302,317,313,320,324,320,336,317,346,311,352,303,356,297,358,292,355,292,350,294,345,296,339,297,332,299,322,301,314,301,306,301,301,301,296,301,water
287,303,291,308,295,313,303,318,313,321,325,321,337,318,346,312,353,305,356,299,359,293,355,293,350,296,346,298,340,300,332,302,323,304,314,305,307,305,301,304,297,303,water
286,304,289,309,294,314,301,320,312,323,324,323,337,320,346,314,353,306,357,300,359,293,355,294,350,297,345,300,339,302,332,304,322,306,313,306,306,306,300,306,296,305,water
286,304,289,309,294,314,302,319,312,322,325,322,337,319,347,313,354,306,358,300,360,294,356,294,351,298,346,300,340,302,332,304,323,306,313,307,306,306,300,306,295,305,water
286,303,289,308,294,313,301,319,312,322,324,322,336,319,346,313,353,306,357,299,359,293,355,294,350,297,346,299,340,302,332,304,322,305,313,306,306,306,300,305,295,304,water
286,302,289,308,294,313,302,318,312,321,324,321,336,318,346,312,353,305,357,299,359,293,355,293,350,296,346,299,339,301,332,303,322,305,313,305,306,305,300,305,295,304,water
286,302,289,308,294,313,302,318,312,321,324,321,337,318,346,312,353,305,357,298,360,292,356,293,351,296,346,298,340,300,332,303,322,305,313,305,306,305,300,304,295,303,water
286,302,289,307,294,312,302,317,312,320,324,320,336,317,346,311,353,304,357,298,359,292,356,293,350,296,346,298,340,300,332,302,322,304,313,304,306,304,300,303,295,303,water
286,302,290,307,294,312,302,317,313,320,325,320,337,317,347,311,354,304,358,298,360,292,356,293,351,296,347,298,340,300,333,302,323,303,314,304,306,304,300,303,296,303,water
287,302,290,306,295,311,302,316,312,319,324,319,337,316,346,311,353,304,357,298,360,292,356,293,351,296,346,298,340,300,332,301,323,303,314,304,306,303,300,303,296,302,water
287,302,290,306,295,311,303,316,313,319,325,319,337,316,346,311,353,304,357,298,360,293,356,293,351,296,346,297,340,299,332,301,323,303,314,303,306,303,300,302,296,302,water
287,301,290,306,295,310,303,315,313,318,324,318,336,316,346,310,353,303,357,298,360,292,356,293,351,295,346,297,340,298,332,300,323,302,314,302,306,302,300,302,296,301,water
287,301,290,305,295,309,303,314,313,317,324,316,336,314,346,309,353,303,358,298,360,293,357,293,351,295,347,296,340,297,332,299,323,301,314,301,306,301,300,301,296,301,water
289,301,292,305,296,309,304,313,314,316,326,316,338,314,348,309,355,303,359,297,362,292,358,292,353,294,348,295,341,297,333,298,324,300,315,300,307,300,302,300,297,300,water
288,301,291,305,296,309,303,313,313,316,325,316,337,314,348,309,355,302,359,297,362,292,358,292,353,294,348,295,341,297,333,298,323,300,314,300,307,300,301,300,297,300,water
290,300,293,304,297,308,305,313,315,316,327,316,339,314,349,308,356,302,361,296,363,291,360,291,354,293,349,295,342,296,334,298,325,300,316,300,308,300,302,300,298,299,water
289,299,293,303,297,308,305,313,316,317,328,317,341,314,351,308,358,301,362,296,364,291,361,291,355,293,350,294,344,295,335,297,326,299,317,299,309,299,303,299,299,299,water
292,298,295,303,299,308,307,314,317,318,329,319,342,316,352,309,358,302,362,296,365,291,361,291,355,292,350,293,344,295,336,297,327,299,318,299,311,298,305,298,301,297,water
296,298,299,303,303,308,310,315,319,320,331,320,344,317,353,310,360,302,363,296,365,291,361,291,356,292,351,293,345,294,338,296,329,298,320,298,314,297,308,297,305,297,water
298,299,301,304,304,309,312,316,321,321,333,321,345,318,354,311,360,303,364,297,366,292,362,292,357,293,352,293,346,294,339,296,330,298,322,298,315,298,310,297,306,298,water
299,300,302,305,306,310,313,317,323,321,335,322,347,319,357,312,363,304,366,298,368,293,364,293,359,294,354,295,349,297,341,299,332,300,324,300,317,300,312,299,308,299,water
298,302,301,307,306,313,314,319,324,322,336,323,349,320,358,313,364,306,367,299,369,293,365,293,360,297,356,299,351,301,344,304,335,305,326,305,318,305,312,304,308,303,water
298,302,301,308,305,313,313,319,323,322,336,322,348,320,358,314,365,306,368,300,370,294,366,294,361,297,357,299,351,301,343,303,334,305,325,305,318,305,312,304,308,303,water
297,301,300,307,305,312,313,318,323,321,336,321,349,318,359,313,366,306,369,299,371,293,366,293,361,297,357,299,351,301,344,303,334,305,325,305,317,305,311,304,307,303,water
297,300,300,305,305,310,313,316,323,319,335,319,348,317,357,311,364,304,367,298,369,292,365,292,360,295,356,297,350,299,343,301,334,302,325,303,317,302,311,302,306,301,water
297,299,300,304,305,309,313,314,323,318,335,318,347,315,357,310,364,303,368,297,370,291,367,292,361,294,357,296,351,298,343,300,333,301,324,301,317,301,310,300,306,300,water
296,300,300,304,305,309,313,314,323,317,336,317,348,315,358,309,364,303,368,297,371,291,367,291,362,294,357,296,351,298,343,299,334,301,325,301,317,301,311,300,306,300,water
297,300,300,304,305,309,313,314,323,317,335,317,347,315,357,309,364,303,368,297,370,291,367,291,361,294,357,296,351,297,343,299,333,301,324,301,317,301,311,300,306,300,water
297,299,300,304,305,309,313,314,323,317,335,317,347,314,357,309,364,302,368,297,370,291,367,291,361,294,357,295,351,297,343,299,334,300,324,301,317,300,311,300,306,300,water
296,299,300,304,304,308,312,313,323,316,335,316,348,314,358,309,364,302,368,296,371,291,367,291,362,294,357,295,351,297,343,299,334,300,325,301,317,300,310,300,306,300,water
297,300,300,304,305,308,313,313,323,317,335,316,348,314,357,309,364,302,368,296,370,291,367,291,362,294,357,295,351,297,343,299,334,300,325,301,317,300,311,300,306,300,water
296,300,299,304,304,308,312,313,323,316,335,316,347,314,357,308,364,302,368,296,370,291,366,291,361,293,357,295,351,297,343,299,333,300,324,300,316,300,310,300,305,300,water
296,299,299,304,304,308,312,313,322,316,334,316,346,314,356,308,363,302,367,296,370,291,366,291,361,293,356,295,350,297,342,298,333,300,324,300,316,300,310,300,305,299,water
295,299,299,303,303,307,311,312,321,315,333,315,345,313,355,307,362,301,366,296,369,291,365,291,360,293,355,294,349,296,341,297,331,299,322,299,315,299,309,299,304,299,water
294,299,298,303,302,307,310,312,320,314,332,314,344,312,354,307,361,301,366,295,368,290,365,290,359,293,354,294,348,295,340,297,330,299,321,299,314,299,308,299,303,298,water
294,299,297,303,302,307,309,311,319,314,331,314,343,312,353,307,360,301,365,295,368,290,364,290,359,293,354,294,347,295,339,297,330,299,321,299,313,299,307,299,303,298,water
294,298,298,302,302,306,309,311,319,314,331,314,343,312,353,307,360,301,365,295,368,290,364,290,358,292,353,294,347,295,339,297,329,298,320,298,313,298,307,298,303,298,water
294,297,297,301,302,306,309,311,319,314,331,314,343,312,353,306,361,300,365,294,368,289,364,289,359,291,354,293,347,294,339,296,329,298,320,298,313,298,307,297,303,297,water
294,296,297,301,302,305,309,311,319,314,331,314,343,312,353,307,360,300,365,294,367,289,364,289,358,291,353,293,347,295,339,296,329,298,320,298,313,298,307,297,303,296,water
293,296,296,301,301,306,308,312,319,315,331,315,344,313,354,307,361,300,366,294,368,289,365,289,359,291,354,292,347,294,339,296,329,297,320,297,313,297,306,296,302,296,water
294,298,297,303,302,308,309,314,320,318,332,319,344,316,354,309,361,302,364,296,367,291,363,292,357,292,353,293,347,294,339,296,330,297,321,298,313,297,308,297,303,297,water
295,298,298,302,302,308,309,314,320,319,332,319,344,316,354,310,361,302,365,296,368,291,364,291,359,292,354,293,347,295,339,297,330,299,321,299,313,298,308,298,304,297,water
296,300,299,306,303,311,311,317,321,321,333,322,346,319,355,312,362,304,366,297,368,291,364,292,359,295,355,297,349,299,341,302,331,303,323,303,315,303,309,302,305,301,water
296,301,299,306,304,312,311,318,322,321,335,322,347,319,357,313,363,306,367,299,369,293,365,293,360,296,355,299,350,301,342,303,333,305,323,305,316,304,310,303,305,302,water
295,300,299,306,303,311,311,317,322,321,334,322,347,319,357,313,364,305,367,299,369,293,365,293,360,296,356,299,350,301,342,303,333,305,323,305,316,304,310,303,305,302,water
294,299,298,305,303,310,311,316,322,319,334,319,347,317,357,311,363,304,367,298,369,291,365,292,360,295,356,298,350,300,342,302,332,303,323,304,315,303,309,302,304,301,water
295,299,298,304,303,309,311,314,321,318,333,318,345,315,355,310,362,303,366,296,369,290,365,291,360,294,355,296,349,298,341,300,331,302,322,302,314,302,308,301,304,300,water
294,299,298,303,302,308,310,313,320,317,332,317,345,315,355,309,362,302,366,296,369,290,365,291,359,293,355,295,348,297,340,299,331,301,322,301,314,301,308,300,303,299,water
295,299,298,303,303,308,310,313,320,316,332,316,344,314,354,308,361,302,366,296,369,290,365,290,359,293,355,295,348,297,340,299,330,300,321,300,314,300,308,300,304,299,water
295,298,298,303,303,307,310,312,320,315,332,315,344,313,354,308,361,301,365,296,368,290,365,290,359,293,354,295,348,296,340,298,330,299,321,300,314,299,308,299,303,299,water
295,298,298,302,303,307,310,312,320,315,332,315,344,313,354,307,361,301,366,295,368,290,365,290,359,292,354,294,348,296,340,297,330,299,321,299,314,299,308,299,303,298,water
295,298,298,302,302,306,309,311,319,314,331,314,343,312,353,307,360,300,365,295,368,290,364,290,358,292,353,294,347,295,338,297,329,299,320,299,313,298,307,298,303,298,water
294,298,297,302,302,306,309,311,319,314,331,314,343,312,353,307,361,301,365,295,368,290,364,290,359,292,354,294,347,295,339,297,329,298,320,299,313,298,307,298,302,298,water
294,298,298,302,302,306,309,311,319,314,331,314,343,312,353,307,360,300,365,295,368,290,364,290,358,292,353,294,347,295,339,297,329,298,320,298,313,298,307,298,303,297,water
294,298,297,302,302,306,309,310,319,313,331,313,343,311,353,306,360,300,365,295,368,290,364,290,359,292,354,293,347,295,339,297,329,298,320,298,313,298,307,298,303,298,water
294,298,298,302,302,305,309,310,319,313,331,313,343,311,353,306,360,300,365,295,368,290,364,291,358,292,353,294,347,295,338,296,329,298,320,298,313,298,307,298,303,297,water
294,298,297,302,301,306,309,310,319,313,330,313,343,311,353,306,360,300,365,295,368,290,364,290,358,292,353,294,347,295,338,297,329,298,320,298,312,298,307,298,302,298,water
295,298,298,302,302,306,309,311,319,314,330,314,343,311,353,307,360,300,365,295,367,290,364,290,358,293,353,294,347,295,339,297,329,298,320,298,313,298,307,298,303,298,water
294,297,297,301,302,306,309,311,319,314,332,314,344,311,354,306,361,299,366,294,368,289,364,289,359,291,354,293,348,294,340,296,330,297,321,298,314,298,308,297,303,297,water
294,297,297,302,302,306,310,311,320,314,332,314,345,311,355,306,361,300,365,294,368,289,364,289,359,292,354,293,348,295,340,296,330,298,321,298,314,298,308,298,303,297,water
295,297,298,301,303,306,310,311,321,314,333,314,345,311,355,306,362,299,366,294,369,288,365,289,359,291,355,293,348,294,341,296,331,297,322,298,315,298,309,298,305,297,water
296,297,299,302,304,306,311,311,322,314,334,314,346,311,356,306,362,300,366,294,368,289,364,289,359,291,355,293,349,294,341,296,332,297,323,298,315,298,309,298,305,297,water
296,297,299,301,303,306,311,311,321,314,333,314,345,311,355,306,362,300,366,294,368,289,364,289,359,291,354,293,348,294,341,296,331,297,322,298,315,298,309,297,305,297,water
297,297,300,301,304,305,311,310,321,313,333,313,345,311,355,305,361,299,365,294,368,288,364,289,359,291,354,292,348,294,341,295,331,297,323,297,315,297,310,297,306,296,water
297,296,300,300,305,304,312,309,322,312,334,312,346,310,356,305,362,298,366,293,368,287,364,287,359,290,355,291,349,293,342,294,333,296,324,296,316,296,310,296,306,295,water
297,295,300,299,305,304,313,309,323,312,335,312,347,310,356,305,363,298,366,293,368,287,364,287,359,290,355,291,350,293,342,294,333,296,324,296,316,296,310,295,306,295,water
297,295,300,299,304,303,312,308,322,311,334,311,346,308,356,303,362,297,365,292,367,287,364,287,359,289,355,291,349,292,342,293,333,295,324,295,316,295,310,295,306,294,water
298,294,301,299,305,303,313,308,323,311,335,311,347,308,356,303,362,297,366,292,368,287,364,287,359,289,355,290,349,292,342,293,333,295,324,295,317,295,311,295,307,294,water
297,295,300,299,304,303,312,308,322,311,334,311,346,308,355,303,362,297,365,292,368,287,364,287,359,289,355,290,349,292,341,293,332,294,323,295,316,295,310,295,306,294,water
299,295,302,299,306,304,313,309,323,313,335,313,347,310,357,305,363,298,366,292,369,288,365,288,360,289,355,289,349,290,342,292,333,293,324,293,317,293,311,294,307,294,water
300,296,303,300,307,304,314,309,324,313,336,313,347,310,356,305,362,298,365,293,367,288,363,289,358,289,354,290,349,291,342,292,333,294,325,294,318,294,313,294,309,295,water
301,296,304,300,308,305,315,310,324,314,336,314,347,312,356,306,362,299,365,294,367,289,363,289,358,290,354,290,349,291,342,292,334,294,325,294,319,294,313,294,309,295,water
298,297,301,302,305,307,313,312,323,315,335,315,347,312,357,307,363,300,366,294,368,289,364,289,359,291,355,293,350,295,343,296,334,298,325,298,318,298,312,298,308,297,water
298,297,300,302,305,307,312,313,323,316,335,316,347,313,357,307,363,301,366,295,368,290,364,290,359,292,355,293,350,295,342,297,333,298,325,298,317,298,311,298,307,297,water
298,297,301,302,305,306,313,312,323,315,335,315,347,312,357,306,363,300,366,294,367,289,363,289,359,292,355,293,349,295,342,296,334,298,325,298,317,298,312,298,307,297,water
297,296,300,301,305,305,313,310,323,313,335,313,347,310,356,305,363,298,366,293,368,288,364,288,359,290,355,291,349,293,342,294,333,296,324,296,317,296,311,296,307,296,water
298,296,301,300,306,304,314,309,324,312,336,312,348,309,357,304,363,298,366,293,368,288,364,288,360,290,356,291,350,292,343,294,334,295,325,296,317,296,311,296,307,295,water
297,295,300,300,305,304,313,309,323,312,335,312,347,309,357,304,363,298,367,292,369,287,365,287,360,289,356,290,350,292,342,293,333,295,324,295,317,295,311,295,306,295,water
298,296,301,299,305,303,313,308,323,311,335,310,346,308,356,303,362,298,365,293,368,288,364,288,359,290,355,291,349,292,342,293,333,294,324,295,317,295,311,295,306,295,water
297,296,300,300,305,304,312,308,322,311,334,311,346,309,355,304,362,298,366,293,368,288,365,288,360,289,355,291,349,292,341,293,332,295,323,295,316,295,310,295,306,295,water
297,296,300,300,305,303,313,308,323,311,334,310,346,308,356,303,362,297,366,292,368,288,364,288,359,289,355,290,349,292,342,293,333,295,324,295,316,295,311,295,306,295,water
297,296,300,300,305,304,312,308,322,311,334,311,346,308,356,303,362,297,366,292,368,288,365,288,360,289,355,290,349,291,342,293,332,294,323,295,316,295,310,295,306,295,water
297,296,301,300,305,303,313,308,323,310,335,310,346,308,356,303,362,297,365,293,368,288,364,288,359,290,355,291,349,292,342,293,333,295,324,295,316,295,311,295,306,295,water
297,296,300,300,305,304,312,308,322,311,334,311,346,308,356,303,362,297,366,292,368,288,364,288,359,290,355,291,349,292,342,294,332,295,323,295,316,295,310,295,306,295,water
297,297,300,300,305,304,312,308,322,311,334,311,346,308,356,303,362,297,366,293,368,288,364,288,360,290,355,291,349,292,342,293,332,295,323,295,316,295,310,296,306,296,water
297,296,300,300,305,303,312,308,322,311,334,311,346,308,355,303,362,297,366,293,368,288,365,288,360,290,355,291,349,292,341,293,332,295,323,295,316,295,310,295,306,295,water
297,296,300,300,305,303,312,307,322,310,333,310,345,308,355,303,362,297,366,293,368,288,365,288,360,290,355,290,349,291,341,293,332,294,323,294,316,294,310,295,306,295,water
297,296,300,299,305,303,312,307,322,310,334,310,345,308,355,303,362,297,366,292,369,288,365,288,360,289,355,290,349,291,341,292,332,294,323,294,316,294,310,294,306,295,water
298,295,301,299,305,303,312,307,322,310,334,310,346,307,355,303,362,297,366,292,369,288,365,288,360,288,355,289,349,290,341,291,332,292,323,293,316,293,310,293,306,294,water
297,295,300,298,305,302,312,307,322,310,333,310,345,307,355,302,362,296,366,292,369,288,365,287,360,288,355,288,348,289,340,290,331,292,323,292,315,292,310,293,306,293,water
297,295,300,298,304,302,311,307,321,310,333,310,345,308,355,303,362,297,366,292,369,288,365,288,360,288,355,288,348,289,340,290,331,291,322,292,315,292,309,292,305,293,water
297,296,300,300,305,304,312,309,322,312,334,312,346,309,356,304,363,298,367,293,369,288,366,288,360,289,355,290,349,291,341,293,332,294,323,294,316,294,310,295,306,295,water
298,297,301,301,305,306,312,311,321,313,333,313,345,311,355,305,362,299,366,294,368,289,365,289,360,291,355,292,349,294,341,296,332,297,323,297,316,297,311,297,307,297,water
297,298,300,303,304,307,312,312,322,315,334,315,346,312,356,307,363,300,366,294,369,289,365,289,360,292,355,293,349,295,341,297,332,299,323,299,316,299,310,299,306,298,water
298,298,301,303,305,308,312,313,322,316,334,316,346,313,356,308,363,301,366,295,368,290,365,290,360,293,355,295,349,296,342,298,332,299,324,300,316,300,311,300,307,299,water
296,299,299,303,304,308,311,312,321,315,333,315,346,313,356,308,363,301,366,295,369,290,365,290,360,293,355,295,349,296,341,298,332,299,323,300,315,300,310,299,305,299,water
296,298,299,302,303,306,311,311,321,314,333,314,345,312,355,307,362,300,366,295,368,290,365,290,359,292,355,293,348,295,340,296,331,298,322,298,315,298,309,298,305,298,water
296,297,299,301,303,306,310,310,320,313,332,313,344,311,354,306,361,300,365,294,368,289,364,289,359,291,354,293,347,294,339,296,330,297,321,297,314,297,308,297,304,297,water
296,297,299,301,303,305,311,310,320,313,332,313,344,311,354,306,361,299,365,294,367,289,364,289,358,291,354,292,348,294,340,295,331,297,322,297,314,297,309,297,305,297,water
295,297,298,301,303,305,310,310,320,313,332,313,344,311,354,306,361,299,365,294,367,289,364,289,358,291,354,292,347,293,339,295,330,297,321,297,314,297,308,297,304,297,water
296,297,299,301,303,305,310,310,320,313,331,312,344,310,353,305,360,299,364,294,367,289,363,289,358,291,353,292,347,293,339,295,330,297,321,297,314,297,308,297,304,297,water
295,298,298,301,302,305,310,310,319,313,331,313,343,310,353,305,360,299,364,294,367,289,363,289,358,291,353,292,347,294,339,295,329,297,321,297,313,297,308,297,304,297,water
295,298,298,301,302,305,309,310,319,312,331,312,343,310,353,305,360,299,364,294,367,290,363,290,358,291,353,292,347,294,339,295,329,297,320,297,313,297,308,297,303,297,water
295,298,298,301,302,305,310,309,319,312,331,312,343,310,353,305,360,299,364,294,367,290,363,290,358,291,353,292,347,294,339,295,329,296,320,297,313,297,308,297,303,297,water
294,297,297,301,302,305,309,309,319,311,330,311,343,309,352,305,359,299,364,294,366,290,362,290,357,291,353,292,346,293,338,295,329,296,320,296,313,296,307,296,303,296,water
294,297,297,301,302,305,309,309,319,312,331,312,343,310,353,305,360,299,364,294,367,289,363,289,358,291,353,292,346,293,338,294,329,296,320,296,313,296,307,296,303,296,water
294,297,297,301,301,305,309,309,319,312,331,312,343,309,352,305,359,299,364,294,366,289,362,289,357,291,352,292,346,293,338,294,329,296,320,296,313,296,307,296,303,296,water
293,297,296,301,300,305,308,310,318,313,331,313,343,310,353,305,360,299,364,294,366,289,362,289,357,291,352,292,346,293,338,294,329,296,320,296,312,296,307,296,302,296,water
293,298,296,302,301,307,308,312,319,316,331,316,342,313,352,308,358,301,361,296,364,291,360,291,355,292,351,293,345,294,337,296,329,297,320,298,312,297,306,297,302,297,water
294,300,297,304,301,309,308,315,318,319,330,319,341,317,350,311,356,303,359,298,360,293,357,293,352,293,348,294,343,295,336,296,327,298,319,298,312,298,307,298,303,298,water
295,300,298,304,301,309,308,316,318,321,329,321,341,318,349,312,355,304,357,299,359,294,355,294,350,294,346,294,341,295,335,296,327,298,319,298,312,298,307,298,303,298,water
295,301,297,305,301,310,308,317,318,321,329,321,340,319,349,313,354,305,357,299,359,295,355,295,350,295,346,295,341,296,335,297,326,298,319,299,312,298,307,299,303,299,water
292,301,294,306,298,311,306,316,316,320,328,320,340,317,350,311,356,305,359,299,361,293,357,294,352,296,348,298,343,299,336,301,327,302,318,303,311,302,305,302,301,301,water
292,301,294,306,299,311,306,317,316,320,328,320,340,317,350,311,356,305,359,299,361,293,357,294,352,296,348,298,343,299,336,301,327,302,318,302,311,302,305,302,301,301,water
291,300,293,305,297,310,305,315,315,318,328,318,340,316,350,310,356,303,359,298,361,292,357,293,352,295,348,297,342,298,335,300,326,301,317,301,310,301,304,301,300,300,water
290,298,293,303,298,307,305,312,316,316,327,316,339,313,349,308,355,301,358,296,360,291,356,291,351,293,347,294,342,296,335,297,326,299,317,299,310,299,304,298,300,298,water
290,298,293,302,297,307,305,312,315,315,327,315,338,312,348,307,354,300,357,295,360,291,356,291,351,292,347,293,341,294,334,296,325,297,316,298,309,298,303,298,299,298,water
290,298,293,302,298,307,305,311,315,314,326,314,338,312,347,307,354,300,358,295,360,291,356,291,351,292,347,293,341,294,334,296,325,297,316,298,309,298,303,298,299,298,water
290,298,293,302,297,306,305,311,314,314,326,314,338,311,347,306,354,300,358,295,360,290,356,290,351,292,347,293,341,294,333,296,324,297,316,297,309,297,303,297,299,297,water
290,298,293,302,297,306,305,311,314,313,326,313,338,311,347,306,354,300,358,295,360,291,356,291,351,292,347,293,341,294,334,296,324,297,316,297,308,297,303,297,298,297,water
289,298,292,302,297,306,305,310,314,313,326,313,338,310,347,306,354,300,358,295,360,291,357,291,352,292,347,293,341,294,334,296,324,297,316,298,308,298,302,298,298,298,water
289,298,292,302,297,306,304,310,314,313,326,312,337,310,347,306,354,300,358,295,360,291,357,291,352,292,347,293,341,294,333,296,324,297,315,297,308,297,302,298,298,298,water
289,298,293,302,297,306,304,310,314,313,325,312,337,310,346,305,353,300,357,295,360,291,356,290,351,292,347,293,341,294,333,295,324,297,315,297,308,297,302,297,298,297,water
289,297,292,301,297,305,304,309,314,311,325,311,337,309,346,304,354,299,358,294,361,290,357,289,352,291,348,292,341,293,333,294,324,296,315,296,307,296,302,297,297,297,water
288,298,291,301,296,305,303,309,313,311,324,311,336,309,346,304,353,299,358,294,360,290,357,289,352,291,347,292,340,293,332,294,323,296,314,296,307,296,301,297,297,297,water
288,298,291,301,296,305,303,309,313,312,324,311,336,309,346,305,353,299,358,294,361,290,357,289,352,291,347,292,341,293,332,294,323,296,314,296,307,296,301,297,297,297,water
289,298,292,301,296,305,304,309,313,311,325,311,336,309,346,304,353,298,358,294,360,289,357,289,352,291,347,292,340,293,332,294,323,296,314,296,307,296,301,296,297,297,water
289,297,292,301,296,305,304,309,314,311,325,311,337,309,346,304,353,298,358,294,361,289,357,289,352,291,347,292,341,293,333,294,323,295,315,296,307,296,302,296,297,297,water
290,297,293,301,297,305,304,309,314,312,325,312,337,309,347,304,354,299,358,294,361,289,357,289,352,290,347,291,341,292,333,294,324,295,315,295,308,296,302,296,298,296,water
290,296,293,300,297,304,304,310,314,314,326,314,338,311,347,305,354,299,358,294,360,289,356,289,351,289,346,289,340,290,332,291,323,293,315,293,308,293,303,294,299,294,water
291,297,294,301,298,306,305,312,315,316,326,316,338,314,347,308,354,300,357,295,359,291,356,291,350,291,346,291,340,292,332,293,324,295,316,295,309,295,303,295,300,295,water
292,300,295,304,299,309,306,316,315,320,327,321,338,318,348,311,354,303,357,297,359,292,355,293,350,293,346,294,340,295,333,297,324,299,316,298,309,298,304,298,300,298,water
292,306,295,311,299,317,306,322,316,326,328,326,341,323,350,317,357,310,361,304,363,298,359,298,354,301,349,303,343,305,336,307,326,308,318,309,311,308,305,308,301,307,water
293,305,295,310,299,316,306,322,316,325,328,325,341,323,351,317,357,309,361,303,363,298,359,298,354,300,349,302,343,303,336,305,326,306,318,307,311,307,306,306,302,306,water
293,304,296,309,300,314,308,319,319,322,331,322,343,319,353,314,360,307,364,302,366,296,362,296,357,299,353,300,347,302,339,304,329,305,320,306,313,305,307,305,302,304,water
293,304,296,308,300,313,308,318,319,321,331,321,343,319,353,314,359,307,363,301,365,296,361,296,356,299,352,300,346,302,339,304,329,305,320,306,313,305,307,305,302,304,water
294,305,297,309,302,313,310,318,320,321,332,321,344,319,354,313,361,307,365,301,367,296,363,296,358,299,353,300,347,302,340,304,331,305,322,305,314,305,308,305,303,304,water
295,305,299,309,303,313,311,318,321,322,333,322,345,319,354,314,361,307,365,301,367,296,363,297,358,299,353,300,348,301,340,303,331,305,322,305,315,305,309,305,305,304,water
296,305,299,310,304,314,311,319,321,322,334,322,346,320,355,314,362,308,366,302,368,297,364,297,359,299,354,300,348,302,341,304,332,305,323,306,315,306,309,305,305,305,water
297,306,300,310,304,314,312,319,322,322,334,322,346,320,355,314,362,308,366,303,368,298,364,298,359,300,355,301,349,303,341,304,332,306,323,306,316,306,310,306,306,306,water
297,307,300,311,305,315,312,320,323,323,335,323,346,320,356,315,362,308,366,303,368,298,365,298,359,300,355,301,349,303,342,305,333,307,324,307,316,307,310,307,306,306,water
296,306,299,310,304,315,312,319,322,322,334,322,346,319,356,314,362,308,366,303,369,298,365,298,360,300,355,301,349,303,342,305,333,306,324,307,316,306,310,306,306,306,water
297,306,300,310,304,314,312,319,322,322,335,322,346,319,356,314,362,308,366,302,368,297,365,298,359,299,355,300,349,302,342,304,333,305,324,306,316,306,310,306,306,305,water
295,306,299,310,303,314,311,318,322,321,334,321,346,319,355,314,362,307,366,302,368,297,364,297,359,299,355,300,349,302,341,304,332,305,323,305,315,305,309,305,305,305,water
296,305,299,309,304,313,312,318,322,321,334,321,346,318,356,313,363,307,366,301,369,296,365,297,360,298,355,300,349,301,341,303,332,304,323,305,316,305,310,305,305,304,water
295,305,298,309,303,313,311,318,322,321,334,321,346,318,356,313,362,307,366,302,368,297,364,297,359,299,355,301,349,302,342,304,333,305,323,305,316,305,309,305,304,305,water
295,305,298,309,303,313,311,318,321,321,334,321,346,318,356,313,362,307,366,301,369,296,365,296,360,298,355,300,349,301,341,303,332,304,323,305,315,305,309,305,304,304,water
296,304,299,308,304,313,311,318,321,321,333,322,345,319,355,313,361,306,365,301,367,296,363,296,358,298,354,299,348,300,340,302,331,303,323,303,315,303,309,303,305,303,water
298,304,300,308,304,313,312,319,321,323,333,323,345,320,354,314,361,307,364,301,366,296,363,296,357,297,353,298,347,299,339,300,331,302,322,302,315,302,310,302,306,302,water
299,304,301,308,305,312,312,319,321,323,333,323,344,321,353,314,360,307,363,301,365,297,361,297,356,297,352,297,346,298,339,299,330,301,322,301,316,301,310,301,307,302,water
298,304,301,309,305,314,311,320,321,325,332,325,344,322,353,315,359,307,362,301,364,296,361,296,356,297,351,298,345,300,338,302,330,303,322,303,315,303,310,303,306,303,water
295,306,298,312,303,318,311,323,322,327,334,327,346,324,356,318,362,311,365,305,366,298,362,298,357,302,354,304,348,306,341,308,332,310,323,310,316,310,309,309,305,308,water
296,306,299,312,303,318,311,323,322,327,334,327,346,324,355,319,361,311,364,304,366,298,362,298,357,302,353,304,348,305,341,307,332,308,323,309,315,309,310,308,305,307,water
296,305,299,311,304,316,312,322,322,326,335,326,347,323,356,317,362,309,364,303,366,297,362,297,357,300,353,302,348,304,342,306,333,308,324,309,316,308,310,308,305,307,water
295,304,298,309,302,314,310,319,320,322,332,322,345,319,354,314,361,307,364,301,366,295,363,295,358,298,353,300,347,302,340,304,330,305,321,306,314,306,308,305,304,305,water
293,302,296,307,300,311,308,317,318,320,330,319,342,317,352,311,359,304,363,298,366,293,362,293,357,296,352,298,346,299,338,301,328,303,319,303,312,303,306,303,302,302,water
293,301,296,306,300,310,308,315,318,318,329,318,342,316,352,310,359,304,363,298,365,293,361,293,356,295,352,297,345,299,337,301,328,302,319,302,312,302,306,302,302,301,water
293,301,296,305,301,309,308,314,318,317,329,317,342,315,352,310,359,303,363,298,365,293,362,293,356,295,352,296,345,297,337,299,328,300,319,301,312,301,306,300,302,300,water
293,301,296,305,301,310,309,314,319,317,331,317,343,315,352,310,359,303,363,297,366,292,362,292,357,295,352,296,346,298,338,300,329,302,320,302,312,302,307,301,302,301,water
293,300,296,305,301,309,308,314,318,317,330,317,342,314,352,309,358,303,362,297,365,292,361,292,356,294,351,296,345,297,337,299,328,301,319,301,312,301,306,301,302,300,water
292,301,295,305,300,309,308,314,318,317,330,317,342,314,352,309,359,303,363,297,365,292,362,292,356,295,352,296,346,298,338,300,329,301,319,302,312,302,306,301,301,301,water
292,301,295,305,300,309,308,313,318,316,330,316,342,313,352,308,358,302,362,297,365,292,361,292,356,294,351,296,345,297,337,299,328,300,319,301,311,301,305,301,301,300,water
291,300,294,304,298,308,306,312,315,315,327,314,339,312,349,307,356,301,361,296,364,291,360,291,355,293,350,295,343,296,335,297,325,299,316,299,309,299,304,299,300,299,water
291,300,294,303,299,307,306,312,316,314,328,314,339,312,349,307,356,301,361,296,363,292,360,292,354,293,350,294,343,296,335,297,326,298,317,299,309,299,304,299,299,299,water
291,299,294,302,298,306,306,311,316,314,327,313,339,311,349,306,356,300,361,295,363,291,360,291,354,292,349,293,343,294,335,295,325,296,317,297,309,297,304,297,300,297,water
292,297,295,301,299,305,306,311,316,314,327,314,339,312,349,306,356,299,359,294,362,290,358,290,353,290,348,290,342,291,334,292,325,294,317,294,309,294,304,295,300,295,water
293,297,296,302,300,306,307,312,316,316,328,316,339,313,349,307,355,300,358,294,360,290,357,290,352,290,347,291,341,292,334,294,325,295,317,296,310,296,305,296,301,296,water
294,300,297,304,301,309,307,315,317,319,328,320,339,317,348,311,354,303,357,297,359,292,356,292,351,293,346,294,341,295,334,296,325,297,317,298,311,298,306,298,302,298,water
294,302,296,307,300,312,307,318,316,323,328,323,339,320,348,313,354,305,357,299,358,294,355,294,350,295,346,297,340,299,334,301,325,302,317,302,311,302,306,302,302,301,water
294,304,296,309,300,314,307,320,316,324,327,324,339,321,348,315,354,308,356,302,358,296,354,297,349,299,346,301,341,303,334,305,326,307,318,307,311,306,306,305,302,304,water
291,304,294,310,298,315,306,321,316,325,328,325,340,322,350,316,356,308,359,302,360,296,356,296,352,300,348,302,342,304,335,306,326,307,317,308,310,307,304,306,300,305,water
291,301,293,306,298,312,305,318,315,321,327,321,339,318,349,312,355,305,359,299,360,293,356,293,351,296,347,298,342,300,335,302,326,304,317,304,310,304,304,303,300,302,water
290,299,293,304,297,309,304,315,314,318,327,318,339,315,349,309,356,302,360,296,362,291,358,291,353,294,348,295,342,297,334,299,325,300,316,301,309,301,304,300,299,300,water
290,299,293,304,297,308,304,313,314,316,326,316,339,313,349,308,357,302,361,296,363,291,360,291,354,293,349,295,343,296,335,297,325,299,316,299,308,299,303,299,299,299,water
289,299,292,304,297,308,304,313,314,315,326,315,339,313,349,308,356,302,361,296,363,291,359,291,354,293,349,295,343,296,335,297,325,299,316,299,308,299,303,299,298,299,water
290,299,293,304,297,308,304,313,314,315,326,315,338,313,348,308,356,301,360,296,363,291,359,291,354,293,349,295,342,296,334,297,324,299,315,299,308,299,303,299,299,299,water
290,299,293,303,298,307,305,312,315,315,327,315,339,312,349,307,356,301,360,296,363,290,359,291,354,293,349,294,343,296,335,297,325,299,316,299,309,299,303,299,299,299,water
290,299,293,303,298,307,305,312,315,314,327,314,339,312,349,307,356,301,360,295,363,290,359,290,354,292,349,294,343,295,334,297,325,298,316,299,309,299,303,298,299,298,water
291,298,294,302,298,306,305,311,315,313,326,313,338,311,348,306,355,300,360,295,362,290,359,290,354,292,349,293,342,295,334,296,325,297,316,298,308,298,303,298,299,298,water
290,298,293,302,298,306,305,310,315,313,326,313,338,310,348,306,355,300,360,295,362,290,359,290,354,292,349,293,342,294,334,295,325,297,316,297,309,297,303,297,299,297,water
290,298,293,301,298,305,305,309,315,312,326,312,338,309,348,305,355,299,360,294,363,290,359,290,354,291,349,292,342,293,334,295,325,296,316,296,308,297,303,297,299,297,water
290,298,294,301,298,305,305,309,315,311,326,311,338,309,348,304,355,299,360,294,363,290,359,290,354,291,349,292,342,293,334,294,324,296,316,296,308,296,303,297,299,297,water
290,298,294,301,298,305,305,309,315,312,326,311,338,309,348,304,355,299,360,294,363,290,359,290,354,291,349,292,342,293,334,294,325,296,316,296,309,296,303,297,299,297,water
290,297,294,301,298,305,305,309,314,311,326,311,337,308,347,304,355,298,360,294,363,289,359,289,354,291,349,292,342,293,334,294,324,295,315,296,308,296,303,296,299,296,water
290,297,294,301,298,304,305,308,315,310,326,310,338,308,348,303,355,298,359,293,362,289,359,289,354,290,349,291,342,292,334,293,324,294,315,295,308,295,303,295,298,296,water
291,296,294,299,299,303,306,308,315,311,327,311,338,308,348,303,355,297,359,293,362,289,358,289,353,289,348,289,341,289,333,290,324,292,316,292,309,292,303,293,299,294,water
292,296,295,299,299,304,306,309,316,312,327,312,339,310,348,304,354,298,358,293,360,289,357,289,352,289,347,289,341,289,333,290,325,292,316,292,309,292,304,293,300,294,water
294,298,296,302,300,306,307,312,317,316,328,316,339,313,348,308,354,301,358,296,360,292,356,292,351,291,346,291,341,292,334,293,325,294,317,294,311,294,305,295,302,296,water
295,300,297,304,301,309,308,315,317,320,328,320,339,317,348,311,354,304,356,298,358,294,354,294,349,293,345,293,340,294,333,295,325,297,318,297,311,297,306,297,303,298,water
297,301,299,306,302,311,309,317,317,322,328,322,339,320,348,314,353,306,356,300,357,295,353,296,349,297,345,298,340,299,333,300,325,301,318,301,312,301,308,301,305,300,water
293,303,296,308,300,313,308,318,318,321,330,321,343,318,352,312,358,306,362,300,363,294,359,294,354,297,350,299,344,301,337,302,328,304,319,305,312,305,307,304,302,303,water
292,303,295,308,300,313,307,318,318,321,330,321,342,318,352,312,358,306,362,300,363,294,359,294,355,297,350,299,344,301,337,303,328,304,319,305,312,304,306,304,302,303,water
293,299,295,304,299,308,307,313,317,317,328,316,341,314,350,308,357,302,361,296,363,291,359,291,354,293,350,295,344,296,336,298,327,299,318,300,311,300,305,299,301,299,water
292,298,295,303,299,307,307,312,317,315,329,315,341,312,351,307,357,300,361,295,364,290,360,290,355,292,350,293,344,294,336,296,327,298,318,298,311,298,305,298,301,298,water
292,299,295,303,299,307,307,311,316,314,328,314,340,312,350,306,357,300,361,295,363,290,360,290,354,292,350,293,344,294,336,296,326,298,318,298,310,298,305,298,301,298,water
292,299,295,303,300,307,307,312,317,315,328,315,340,312,350,307,357,300,361,295,363,290,360,290,355,292,350,294,344,295,336,297,326,298,318,299,311,299,305,298,301,298,water
292,299,295,303,300,307,307,312,317,315,329,315,341,313,351,307,358,300,362,295,364,290,360,290,355,292,351,294,344,296,337,298,327,299,318,300,311,299,305,299,301,299,water
292,299,295,303,300,307,307,312,317,315,329,315,341,313,351,307,358,301,362,295,364,290,360,290,355,292,350,294,344,296,337,298,327,299,318,300,311,299,305,299,301,299,water
292,298,295,303,299,307,307,312,317,315,329,315,341,312,351,307,358,300,362,295,364,289,360,290,355,292,350,294,344,295,337,297,327,299,318,299,311,299,305,299,301,298,water
292,298,295,303,300,307,307,312,317,315,329,315,341,312,351,307,358,300,362,294,364,289,360,290,355,292,351,293,344,295,337,297,327,298,318,299,311,299,305,299,301,298,water
292,298,295,303,299,307,307,312,317,315,329,315,341,312,351,307,357,300,361,295,364,290,360,290,355,292,350,294,344,295,336,297,327,299,318,299,311,299,305,298,301,298,water
292,298,295,303,300,307,307,312,317,315,329,315,341,312,351,307,357,300,361,295,364,289,360,290,355,292,350,294,344,295,336,297,327,299,318,299,311,299,305,298,301,298,water
292,299,296,303,300,307,308,312,318,314,330,314,342,312,352,306,359,300,362,294,365,290,361,290,356,292,351,293,345,294,337,296,328,298,319,298,311,298,306,298,301,298,water
292,299,295,303,300,307,307,312,317,315,329,314,341,312,351,306,358,300,361,294,364,289,360,290,355,292,350,293,344,294,337,296,327,298,318,298,311,298,305,298,301,298,water
293,298,296,302,300,306,307,311,317,314,329,313,341,311,351,306,358,299,362,294,364,289,360,289,355,291,350,292,344,294,336,295,327,297,318,297,311,297,305,297,301,297,water
292,297,296,301,300,305,307,309,317,312,328,312,340,310,350,305,357,299,362,294,364,290,361,289,355,291,350,292,344,293,336,294,326,295,318,296,310,296,305,296,301,296,water
292,297,295,301,300,305,307,309,317,312,328,312,340,309,350,304,357,298,362,293,364,289,361,289,355,290,350,291,344,292,336,293,326,294,317,295,310,295,305,295,300,296,water
292,297,295,301,300,305,307,310,317,313,328,313,340,310,350,305,357,299,361,294,364,289,360,289,355,290,350,291,344,292,336,294,326,296,318,296,310,296,305,296,300,296,water
292,297,296,301,300,305,307,310,317,313,328,313,340,310,350,305,357,299,361,294,364,289,361,289,355,290,350,291,344,292,336,294,326,295,318,295,310,296,305,296,301,296,water
293,298,296,302,300,307,308,311,318,314,329,314,341,311,351,306,358,300,362,295,364,290,361,290,355,292,351,293,344,295,336,296,327,298,318,298,311,298,305,298,301,298,water
293,300,296,304,300,309,308,314,318,316,330,316,342,314,352,308,358,301,362,296,364,290,360,291,355,293,351,295,345,297,337,298,328,300,319,301,312,301,306,300,302,300,water
293,299,296,304,300,309,308,314,318,317,330,317,343,314,352,308,359,302,362,296,364,290,360,290,355,293,351,295,345,297,338,299,328,300,319,301,312,301,306,301,302,300,water
293,299,296,304,300,309,308,314,318,317,330,317,343,314,353,309,359,302,363,296,365,290,361,291,356,293,351,295,345,297,338,299,328,300,319,301,312,301,306,300,302,300,water
292,298,296,303,300,308,308,313,318,317,330,316,342,314,352,308,359,301,363,295,365,290,361,290,356,293,351,295,345,297,338,299,328,300,319,301,312,301,306,300,302,299,water
292,298,296,303,300,308,308,313,318,316,330,316,342,313,352,308,359,301,362,295,364,290,361,290,356,293,351,295,345,296,337,298,328,300,319,300,312,300,306,300,302,299,water
292,299,295,303,300,308,308,313,318,316,330,316,343,314,352,308,359,301,363,296,365,290,361,290,356,293,351,295,345,297,338,299,328,300,319,301,312,300,306,300,301,299,water
292,299,295,304,300,309,308,314,318,317,330,317,343,314,352,309,359,302,363,296,365,290,361,290,356,293,351,295,345,297,338,299,328,301,319,301,312,301,306,301,301,300,water
292,299,296,304,300,309,308,314,318,317,331,317,343,314,353,309,359,302,363,296,365,290,361,290,356,293,352,295,346,297,338,299,328,301,319,301,312,301,306,301,302,300,water
292,298,295,303,300,308,308,313,318,316,330,316,342,314,352,308,358,301,362,296,364,290,361,290,355,293,351,295,345,297,337,299,328,300,319,300,311,300,306,300,301,299,water
292,298,295,303,300,308,308,313,318,316,330,316,342,313,352,308,359,301,362,295,364,290,360,290,355,293,351,294,345,296,337,298,328,299,319,300,311,300,306,299,301,299,water
292,298,296,303,300,307,308,312,318,315,330,315,342,313,352,307,358,301,362,295,364,290,360,290,355,293,351,294,345,296,337,297,328,299,319,299,311,299,306,299,301,298,water
292,298,295,303,300,307,307,312,317,315,329,315,341,313,351,307,358,301,362,295,364,290,360,290,355,292,351,294,344,296,337,298,327,299,318,299,311,299,305,299,301,298,water
292,299,295,303,299,307,307,312,317,315,328,315,341,312,351,307,358,300,362,295,364,289,360,290,355,292,350,293,344,295,336,296,326,298,318,299,311,299,305,298,301,298,water
292,298,295,302,299,306,307,311,317,314,329,314,341,311,351,306,358,299,361,294,364,289,360,289,355,291,350,293,344,294,336,296,327,297,318,298,311,298,305,297,301,297,water
292,297,295,301,299,306,306,311,316,314,328,314,340,311,350,306,357,299,361,293,363,289,359,289,354,290,349,292,343,293,335,295,326,296,317,297,310,296,305,296,300,296,water
291,296,294,300,298,305,306,310,316,314,328,314,340,311,350,305,357,298,361,293,363,288,359,288,354,289,349,290,343,291,335,293,326,294,317,295,310,295,304,295,300,295,water
292,296,295,299,299,304,306,309,316,313,328,313,340,310,349,305,356,298,360,293,362,289,358,289,353,289,348,289,342,290,334,292,325,293,317,293,310,293,305,294,300,294,water
292,296,295,300,299,305,307,310,316,314,328,314,340,311,350,305,357,298,360,293,363,288,359,288,354,289,349,290,343,291,335,292,326,294,317,294,310,294,305,295,300,295,water
292,298,295,302,299,307,306,311,316,314,328,314,340,311,350,306,357,299,361,294,363,289,360,289,354,291,350,292,343,293,335,295,326,297,317,297,310,297,305,297,300,297,water
293,300,296,304,300,309,308,314,318,317,330,317,342,314,352,309,358,302,362,297,363,291,360,291,355,294,350,296,345,297,337,299,328,300,319,301,312,301,306,300,302,300,water
293,300,296,304,300,309,308,315,318,318,330,318,342,315,352,309,358,302,362,296,364,291,360,291,355,293,350,295,344,297,337,299,328,300,319,301,312,301,307,300,302,300,water
293,300,296,304,301,309,308,314,319,318,331,317,343,315,353,309,359,302,362,296,364,290,360,291,355,294,351,296,345,297,338,299,328,301,320,301,312,301,307,301,302,300,water
292,298,295,303,300,307,307,313,317,316,329,316,341,313,351,307,358,300,362,294,364,289,360,289,355,292,350,293,344,295,336,297,327,299,318,299,311,299,305,299,301,298,water
292,298,295,303,299,307,306,313,316,316,328,316,341,313,351,307,357,300,361,295,363,289,359,290,354,292,350,294,344,296,336,297,326,299,318,299,310,299,305,299,301,298,water
292,298,295,303,299,307,307,312,317,316,329,315,341,313,351,307,358,300,361,294,364,289,360,289,355,292,350,293,344,295,336,297,327,299,318,299,311,299,305,299,301,298,water
292,298,295,303,299,307,307,313,317,316,329,316,342,313,351,307,358,301,362,295,364,289,360,289,355,292,350,294,344,296,337,298,327,299,318,300,311,300,305,299,301,298,water
291,299,295,304,299,308,307,314,317,317,329,317,341,314,351,308,358,302,362,296,364,290,360,290,355,293,350,295,344,297,336,299,327,301,318,301,311,301,305,300,301,299,water
291,300,295,304,299,309,307,314,318,317,330,316,342,314,352,309,358,302,362,296,364,291,360,291,355,294,351,296,345,298,337,300,328,301,319,302,311,302,305,301,301,300,water
292,300,295,305,300,309,308,314,318,317,330,317,342,314,352,309,358,302,362,297,364,292,360,292,355,294,351,296,345,298,338,300,328,301,319,302,312,302,305,301,301,301,water
291,301,295,306,300,310,308,315,319,318,331,318,343,315,353,310,359,303,363,297,365,292,361,292,356,295,351,297,346,299,338,301,329,302,320,303,312,302,306,302,301,301,water
292,302,295,306,300,310,308,315,318,317,331,317,343,315,352,310,358,304,362,298,364,293,360,293,355,296,351,297,345,299,338,301,329,302,320,303,312,303,306,302,301,302,water
293,303,296,307,301,311,309,315,319,318,331,318,343,315,352,310,359,304,363,299,365,294,361,294,356,296,352,298,346,300,339,301,329,303,320,303,313,303,307,303,302,303,water
294,304,297,307,302,311,309,316,319,319,331,319,343,317,352,312,359,305,363,300,365,295,361,295,356,297,352,299,346,300,338,302,329,304,320,304,313,304,307,304,303,303,water
295,304,298,308,302,312,310,316,320,319,332,319,343,316,353,312,359,305,363,300,366,296,362,296,357,298,352,299,346,300,339,302,330,303,321,304,314,304,308,304,303,304,water
295,304,298,308,303,313,310,317,320,320,332,320,344,318,353,313,360,306,364,301,366,296,362,296,357,298,353,299,347,301,340,302,331,304,322,304,314,304,308,304,304,304,water
295,305,298,309,303,313,311,317,321,320,333,320,344,317,354,312,360,306,364,301,366,297,363,297,358,298,353,299,348,301,340,302,331,304,322,304,315,304,309,304,304,304,water
296,305,299,309,303,313,311,317,321,320,333,320,344,317,353,312,360,306,364,301,366,297,363,297,358,298,353,299,347,300,340,302,331,303,322,304,315,304,309,304,304,304,water
296,304,299,308,303,312,311,317,321,320,333,320,344,317,354,312,360,306,364,301,367,296,363,296,358,297,353,298,347,299,340,301,331,303,322,303,315,303,309,303,304,304,water
295,306,298,310,303,315,310,320,321,323,333,323,345,320,355,315,362,309,365,303,367,298,363,298,358,301,354,302,348,304,341,306,332,308,322,308,315,308,309,307,304,306,water
295,306,298,311,303,315,311,320,321,323,334,323,346,320,356,315,362,308,365,303,367,297,363,298,358,300,354,302,349,304,341,306,332,308,323,308,315,308,309,307,305,306,water
295,307,298,312,303,317,311,321,321,324,334,324,346,322,356,317,362,310,366,305,368,299,364,300,359,302,355,304,349,306,341,308,332,309,323,310,315,309,309,309,305,308,water
295,308,298,312,303,317,311,322,322,325,334,325,347,322,356,317,362,311,366,305,368,299,364,300,359,303,355,304,349,306,342,308,333,310,323,310,316,310,309,309,305,308,water
295,307,298,312,303,317,311,322,322,325,334,325,346,322,355,317,361,310,365,304,367,299,363,299,358,302,354,303,348,305,341,308,332,309,323,309,315,309,309,308,304,307,water
295,307,298,311,303,316,311,321,321,325,333,325,346,322,355,316,361,309,365,303,367,298,363,298,358,301,354,303,348,305,341,307,332,309,322,309,315,309,309,308,304,307,water
294,306,297,311,302,316,310,321,321,324,333,324,345,321,355,316,361,309,365,303,367,297,363,297,358,300,353,302,348,304,340,307,331,308,322,309,314,308,308,308,304,307,water
294,306,297,310,302,315,310,321,320,324,332,324,345,321,354,315,361,308,364,302,366,297,363,297,357,300,353,302,347,304,340,307,331,308,322,309,314,308,308,307,304,306,water
293,306,297,310,302,315,310,320,320,323,332,323,345,320,354,315,361,308,364,302,366,296,363,297,357,299,353,301,347,303,340,306,331,307,321,308,314,307,308,307,303,306,water
292,305,296,310,301,315,309,320,319,322,331,322,344,320,354,314,360,308,364,302,367,296,363,297,357,300,353,301,347,303,339,305,330,307,321,307,313,307,307,307,302,306,water
291,305,295,309,300,314,308,318,318,321,330,321,342,319,352,313,359,307,363,301,365,296,362,296,356,299,352,301,346,302,338,304,329,306,319,306,312,306,306,306,301,305,water
292,305,296,309,301,314,308,319,319,322,331,321,343,319,352,314,359,307,363,301,365,296,362,296,356,299,352,301,346,303,338,304,329,306,320,306,312,306,306,306,302,305,water
292,304,295,308,300,313,307,318,317,321,329,321,341,318,351,313,358,306,362,300,365,295,361,295,355,298,351,299,344,301,336,303,327,304,318,305,311,305,305,304,301,304,water
291,302,295,306,299,310,307,315,316,317,328,317,339,315,349,310,356,304,361,299,364,294,360,294,355,296,350,297,343,299,335,300,326,302,317,302,310,302,304,302,300,302,water
290,301,294,304,298,308,305,312,314,315,325,315,337,313,347,308,354,302,359,297,362,293,359,293,353,294,348,295,341,295,333,297,323,298,315,298,308,299,302,299,298,299,water
290,300,293,303,297,307,305,311,314,314,325,314,337,312,347,307,354,301,359,296,362,292,358,292,353,293,347,293,341,294,332,295,323,296,315,297,307,297,302,297,298,298,water
291,300,294,304,298,308,306,313,316,317,327,317,339,314,348,309,355,302,358,296,360,292,357,292,352,292,347,293,341,293,333,295,325,297,316,297,309,297,303,297,299,298,water
291,299,294,303,299,307,306,312,316,316,327,316,339,314,348,308,354,301,358,296,360,292,357,292,351,292,347,292,341,293,333,294,324,296,316,296,309,296,303,296,299,297,water
293,301,296,305,300,309,307,314,316,318,327,318,339,316,348,310,354,303,358,298,360,293,356,293,351,293,346,294,340,295,333,296,325,298,316,298,310,298,304,298,300,299,water
293,302,296,306,300,311,307,317,317,320,328,320,339,318,349,312,355,304,358,299,360,294,357,294,352,295,347,296,341,297,334,298,325,300,317,300,311,300,305,301,301,301,water
294,304,297,308,301,313,308,319,317,322,329,322,340,320,349,314,355,307,358,301,360,296,357,296,352,298,347,299,342,300,335,302,326,303,318,303,311,303,306,303,302,303,water
292,305,295,310,299,315,307,320,317,323,329,323,341,320,351,315,357,308,361,302,362,296,359,296,354,300,350,302,344,303,336,305,327,307,318,307,311,307,306,307,301,306,water
292,304,294,309,299,314,306,319,316,322,329,322,341,319,351,314,357,307,361,301,363,295,359,295,354,298,349,300,343,302,336,304,327,305,318,306,311,306,305,305,301,304,water
292,303,295,308,300,312,307,318,317,321,329,321,342,318,351,313,357,306,361,300,363,294,359,295,354,298,350,299,344,301,336,303,327,304,318,305,311,304,306,304,301,303,water
292,302,295,307,300,311,307,316,317,319,329,319,341,316,350,311,357,304,360,298,362,293,359,293,354,296,349,298,344,300,336,302,327,303,318,304,311,303,305,303,301,302,water
292,302,295,306,299,310,307,315,317,318,329,318,341,316,350,310,357,303,360,298,362,293,359,293,354,295,349,297,343,298,336,300,327,302,318,302,311,302,305,302,301,302,water
292,302,295,306,300,310,307,314,317,317,329,317,341,314,350,309,357,303,360,297,363,292,359,293,354,295,350,296,343,297,336,299,327,301,318,301,311,301,305,301,301,301,water
293,301,296,305,300,309,307,314,317,316,328,316,340,314,350,309,357,302,360,297,363,292,359,292,354,294,350,296,343,297,336,299,326,300,318,301,311,301,305,301,301,301,water
292,301,295,305,300,309,307,313,317,316,328,316,340,314,350,308,356,302,361,297,363,292,359,292,354,294,350,296,343,297,335,299,326,300,318,301,310,301,305,301,300,301,water
292,301,296,305,300,309,307,313,317,316,328,316,340,314,350,308,356,302,361,297,363,292,359,292,354,294,350,295,343,297,336,299,326,300,318,301,310,301,305,301,301,300,water
292,301,295,305,299,309,307,313,317,316,328,316,340,313,350,308,356,302,361,297,363,292,360,292,354,294,350,295,343,297,335,299,326,300,317,301,310,301,304,301,300,301,water
